area,population,temperature,rainfall,holiday,last_collection_hours,waste_generated_kg,overflow
Ward-4,2409,38.0,9.8,0,24,89.3,0
Ward-18,3424,33.9,1.3,0,7,130.7,0
Ward-18,5257,37.3,28.1,1,8,219.68,0
Ward-1,4615,36.8,13.6,0,7,264.44,0
Ward-3,8224,20.6,33.9,1,26,255.82,1
Ward-4,8201,20.1,11.7,1,19,276.12,0
Ward-8,6741,44.6,34.2,0,13,263.87,0
Ward-12,4664,28.0,8.4,1,23,276.9,0
Ward-20,4803,32.4,9.8,1,13,200.0,0
Ward-18,5598,36.5,33.7,0,8,318.16,0
Ward-13,6386,19.8,36.5,1,7,312.97,0
Ward-15,4340,25.2,9.9,1,24,222.23,0
Ward-13,7930,23.9,39.9,1,3,432.14,1
Ward-5,4621,39.4,16.9,0,13,211.38,0
Ward-17,6119,44.2,34.4,0,22,323.14,0
Ward-18,6371,38.8,13.6,1,14,201.49,0
Ward-9,10201,38.6,20.3,0,28,511.06,1
Ward-17,11977,23.4,15.0,0,18,718.81,0
Ward-1,11813,26.8,0.8,1,29,715.85,1
Ward-8,2949,24.5,22.7,0,3,165.86,0
Ward-18,4060,21.5,19.0,0,9,190.33,0
Ward-7,10835,38.4,27.6,1,13,654.52,1
Ward-15,10479,30.2,9.9,0,11,323.14,0
Ward-19,5608,18.2,28.3,0,8,160.84,0
Ward-11,3160,31.9,11.1,1,7,154.85,0
Ward-19,11440,30.8,31.4,1,7,381.93,1
Ward-12,8939,29.1,34.6,0,22,449.25,1
Ward-2,8596,37.7,32.0,0,8,308.74,0
Ward-5,8912,23.0,18.5,0,15,497.63,0
Ward-4,2828,35.6,21.6,0,3,177.38,0
Ward-6,8658,31.1,8.5,1,29,270.13,0
Ward-13,6345,43.0,31.4,1,14,332.17,0
Ward-18,9973,22.2,11.9,0,19,501.75,0
Ward-11,2936,19.4,19.1,0,2,155.91,0
Ward-6,3122,34.1,27.0,0,13,120.5,0
Ward-8,11485,34.1,24.8,1,22,546.57,1
Ward-9,5346,36.1,12.6,1,13,187.19,0
Ward-15,7180,43.1,37.4,0,15,351.72,0
Ward-4,3200,32.5,20.2,0,30,112.26,0
Ward-8,8054,25.7,17.5,1,20,491.62,0
Ward-17,2128,36.0,22.2,0,29,57.03,0
Ward-4,11064,22.2,11.3,0,23,453.23,1
Ward-9,10280,31.2,36.2,0,3,517.19,1
Ward-2,2058,27.0,5.2,1,6,109.57,0
Ward-14,11189,18.3,3.0,0,18,342.53,0
Ward-18,4426,29.6,1.7,1,29,275.56,0
Ward-2,7862,23.7,10.0,0,12,435.22,0
Ward-14,4532,43.0,9.5,0,26,261.45,0
Ward-1,4938,37.9,13.3,1,26,256.78,0
Ward-8,6371,22.3,28.1,1,28,197.36,1
Ward-7,9541,27.4,32.8,0,8,280.73,0
Ward-11,6564,41.3,38.7,1,12,319.23,0
Ward-18,7425,43.4,4.6,1,6,371.42,0
Ward-2,3776,34.1,13.8,1,14,182.41,0
Ward-13,11446,23.1,1.8,1,1,534.17,1
Ward-7,7967,29.6,38.0,1,20,327.96,0
Ward-10,10308,26.4,16.3,1,23,385.76,1
Ward-14,8211,36.3,36.1,1,13,361.32,1
Ward-10,5443,29.6,23.2,1,15,242.45,0
Ward-17,9752,39.4,38.4,0,22,317.99,1
Ward-20,7491,20.5,38.1,0,22,306.75,0
Ward-5,2400,19.2,39.4,0,15,107.03,0
Ward-7,8291,31.3,9.8,0,29,446.32,1
Ward-4,8965,23.9,32.2,1,2,435.56,1
Ward-4,9478,21.6,18.6,1,25,542.31,1
Ward-17,8991,40.4,21.9,0,24,500.1,1
Ward-8,6543,38.7,20.9,0,9,291.17,0
Ward-8,6451,27.1,35.7,0,5,218.04,0
Ward-5,5505,19.7,16.3,1,14,188.75,0
Ward-13,11569,43.5,0.8,1,16,343.19,0
Ward-13,8865,32.5,29.4,0,16,321.74,0
Ward-1,8371,27.1,27.2,1,24,291.27,1
Ward-5,10751,18.7,15.8,0,3,515.26,0
Ward-15,4977,19.4,15.2,0,15,208.56,0
Ward-13,6558,38.3,33.3,1,27,193.63,1
Ward-18,2853,45.0,14.0,0,25,149.13,0
Ward-1,6051,23.4,0.8,0,8,211.22,0
Ward-19,5571,30.6,10.2,1,6,286.94,0
Ward-4,4683,44.0,4.3,0,30,191.41,0
Ward-13,8498,43.4,7.9,0,4,424.75,0
Ward-20,3983,39.5,22.6,0,12,189.61,0
Ward-3,10289,35.5,0.5,1,27,457.32,1
Ward-12,9532,37.1,17.4,1,20,518.6,1
Ward-16,9616,29.8,29.2,1,11,547.41,1
Ward-3,6569,41.8,9.8,1,19,312.51,0
Ward-1,10098,41.0,7.3,0,12,538.25,0
Ward-20,6526,33.0,20.7,0,3,239.29,0
Ward-18,5937,36.6,25.8,1,15,303.06,0
Ward-8,8625,36.7,12.2,1,16,395.71,0
Ward-18,7419,27.5,18.1,1,9,282.73,0
Ward-11,3958,38.1,38.0,0,7,143.8,0
Ward-19,10595,34.1,39.2,0,10,377.33,1
Ward-1,10751,21.4,1.8,0,18,434.52,0
Ward-16,3680,41.6,23.0,1,16,146.4,0
Ward-2,6136,43.4,19.1,0,13,277.68,0
Ward-2,4485,22.0,22.5,1,3,253.02,0
Ward-14,11933,34.1,24.7,1,15,675.12,1
Ward-19,9025,26.2,24.8,0,25,315.45,1
Ward-3,4573,24.5,22.1,0,1,200.81,0
Ward-16,6771,18.9,11.5,1,23,360.59,1
Ward-8,6334,39.3,25.0,0,14,200.82,0
Ward-5,6352,40.3,2.9,0,26,259.14,0
Ward-19,6728,29.9,18.7,1,23,273.97,0
Ward-18,10090,29.8,23.9,1,24,390.28,1
Ward-3,5750,44.0,33.4,0,25,279.25,0
Ward-2,4870,30.7,26.1,1,6,289.19,0
Ward-16,3494,30.7,16.3,1,22,102.22,0
Ward-14,10117,25.8,37.8,0,15,320.33,0
Ward-4,8622,41.4,33.0,0,22,482.01,1
Ward-2,5073,32.0,24.9,1,21,201.53,1
Ward-9,10998,21.5,11.5,1,4,344.67,0
Ward-8,4594,26.4,0.5,1,3,182.44,0
Ward-4,9560,43.6,25.9,0,16,545.96,1
Ward-9,8807,40.5,39.2,0,15,405.2,0
Ward-20,10327,38.1,5.5,0,9,563.37,0
Ward-11,10318,25.2,0.1,1,27,511.18,1
Ward-16,4434,30.1,19.4,1,18,229.59,0
Ward-11,5090,44.5,9.6,1,8,279.84,0
Ward-11,9749,37.0,32.5,1,22,530.3,1
Ward-5,10115,44.1,5.0,1,28,347.71,1
Ward-4,10617,42.6,0.6,0,14,614.71,0
Ward-3,9692,39.1,10.6,1,21,307.26,1
Ward-18,8226,43.8,25.1,1,28,384.99,1
Ward-8,6708,44.9,29.9,1,4,362.41,1
Ward-4,9269,22.5,12.0,0,2,350.51,0
Ward-12,8141,29.6,9.8,1,19,397.95,0
Ward-6,3293,34.5,15.3,0,16,174.69,0
Ward-15,6161,30.4,26.7,1,29,239.86,1
Ward-3,9237,43.5,39.5,1,21,551.31,1
Ward-15,6949,23.4,15.4,1,4,260.8,0
Ward-19,6847,44.8,11.8,1,9,221.68,0
Ward-2,11935,38.1,33.3,1,25,648.36,1
Ward-12,5588,35.2,24.8,0,21,189.03,0
Ward-2,7061,39.3,1.3,1,24,256.05,0
Ward-11,8807,22.7,5.3,1,17,387.69,0
Ward-6,6210,42.7,37.8,1,24,360.62,1
Ward-15,3233,21.8,38.7,1,28,169.66,1
Ward-13,2228,25.1,4.9,1,22,107.39,0
Ward-13,8086,20.9,9.4,0,20,459.53,0
Ward-20,5626,35.5,25.4,1,30,293.08,1
Ward-4,4290,19.2,1.5,1,4,156.7,0
Ward-5,8367,30.2,26.8,1,19,423.51,1
Ward-14,3622,40.5,24.6,1,2,172.36,0
Ward-15,5868,41.1,4.0,1,18,340.57,0
Ward-2,8523,25.4,38.7,1,3,430.82,1
Ward-20,2349,19.4,13.3,0,26,93.0,0
Ward-18,5394,33.8,32.5,0,11,298.67,0
Ward-20,2046,25.5,39.4,0,18,63.75,0
Ward-1,4159,18.4,31.6,0,19,152.14,0
Ward-2,4076,38.0,21.0,0,16,171.58,0
Ward-19,3786,30.2,8.9,0,24,217.22,0
Ward-17,6941,30.4,38.6,0,16,381.71,0
Ward-4,10032,37.2,17.7,0,11,466.66,0
Ward-9,11590,32.8,13.0,1,15,520.69,1
Ward-4,11033,37.5,8.6,1,29,400.18,1
Ward-15,8532,29.2,3.8,1,11,421.17,0
Ward-5,9770,19.8,33.3,0,14,330.95,0
Ward-5,11115,19.6,38.3,1,22,368.35,1
Ward-14,2842,44.1,24.0,1,4,123.04,0
Ward-16,5674,40.9,14.0,1,4,302.99,0
Ward-14,11190,44.3,32.7,0,20,660.77,1
Ward-9,2474,22.9,28.1,1,30,79.69,1
Ward-5,11278,35.7,2.8,0,3,579.38,0
Ward-14,9432,27.2,14.8,1,25,553.19,1
Ward-2,4549,22.3,24.7,0,9,193.9,0
Ward-20,9242,29.2,8.6,0,12,387.79,0
Ward-19,9972,32.2,12.3,0,13,575.86,0
Ward-7,6938,43.5,30.7,1,10,256.74,0
Ward-14,4878,21.5,21.3,0,17,234.83,0
Ward-12,3180,28.7,29.7,1,1,122.38,0
Ward-11,11433,29.6,16.2,1,10,363.33,1
Ward-11,4815,39.6,24.7,1,3,191.77,0
Ward-14,11648,28.8,3.1,1,24,461.4,1
Ward-6,3251,31.8,4.6,0,29,167.28,0
Ward-5,5871,20.8,10.2,0,20,213.42,0
Ward-3,4902,43.7,25.1,1,25,233.14,1
Ward-19,7295,41.3,25.1,0,15,231.48,0
Ward-10,6500,34.0,14.1,0,10,266.54,0
Ward-12,6703,20.1,34.6,0,20,315.93,0
Ward-19,11081,43.8,29.6,0,15,637.49,1
Ward-7,7267,34.3,20.1,0,15,256.54,0
Ward-11,3381,31.6,6.9,0,23,143.41,0
Ward-17,11991,22.3,14.9,1,13,500.31,1
Ward-20,2857,39.3,25.9,0,11,100.95,0
Ward-10,6128,37.5,26.3,0,11,205.37,0
Ward-12,7082,44.1,27.9,1,5,356.4,1
Ward-10,11157,28.2,31.7,0,22,587.84,1
Ward-17,3531,35.4,16.9,1,1,131.55,0
Ward-7,7598,43.6,19.5,0,5,255.09,0
Ward-4,10317,38.8,33.4,0,22,424.39,1
Ward-5,11785,28.2,6.5,0,24,504.72,1
Ward-8,9277,34.5,30.1,1,8,419.31,1
Ward-16,5178,27.9,37.9,1,15,285.99,0
Ward-17,10641,29.3,6.5,0,26,527.18,1
Ward-2,9873,41.6,22.2,0,23,560.78,1
Ward-10,3374,38.6,10.9,0,27,163.36,0
Ward-8,9391,41.9,37.2,1,2,388.38,1
Ward-13,3337,28.1,1.1,0,27,165.07,0
Ward-5,4254,19.0,36.7,1,23,244.04,1
Ward-16,9349,34.6,36.2,0,9,326.94,0
Ward-20,10647,29.4,31.0,0,10,347.87,0
Ward-20,9489,19.7,33.5,1,20,442.55,1
Ward-19,5963,37.4,11.7,0,20,244.83,0
Ward-6,3402,32.1,14.4,0,13,172.93,0
Ward-13,8116,24.8,0.6,0,12,308.47,0
Ward-4,11533,37.9,13.3,0,12,547.45,0
Ward-6,9612,44.5,19.1,0,26,335.89,0
Ward-15,2605,25.9,1.8,0,29,98.76,0
Ward-17,8524,44.7,21.7,1,2,436.0,1
Ward-12,2783,41.4,13.3,0,26,129.8,0
Ward-15,8334,27.2,7.5,1,12,481.89,0
Ward-3,8955,20.1,24.1,0,18,331.67,0
Ward-11,6843,26.3,24.1,1,6,340.95,0
Ward-2,7776,34.6,17.4,0,3,386.1,0
Ward-17,4621,43.7,5.7,1,2,145.57,0
Ward-12,7933,28.3,22.7,0,22,339.91,0
Ward-15,3259,33.5,21.2,1,11,151.26,0
Ward-4,2424,37.9,20.0,1,30,104.04,0
Ward-9,9311,23.8,24.5,1,7,327.7,0
Ward-15,4828,42.3,17.8,0,26,257.43,0
Ward-11,7692,37.2,22.0,1,29,286.28,1
Ward-6,7922,31.7,4.9,0,26,282.28,0
Ward-1,7912,33.0,14.8,0,20,429.87,0
Ward-13,9842,32.2,30.8,0,5,588.06,1
Ward-15,9632,36.4,13.8,0,25,565.48,1
Ward-2,4034,32.0,12.2,0,11,223.16,0
Ward-17,6653,40.8,10.0,1,5,328.92,0
Ward-3,10234,35.3,23.7,0,6,518.09,1
Ward-20,7531,40.7,22.5,0,3,241.86,0
Ward-19,6336,35.6,30.7,1,20,311.46,0
Ward-18,6745,35.3,12.1,0,26,361.96,1
Ward-15,3195,36.6,6.3,1,16,133.97,0
Ward-5,7121,41.3,12.8,1,13,236.39,0
Ward-18,3739,26.6,18.7,1,15,123.85,0
Ward-10,8293,41.3,16.7,0,27,333.36,0
Ward-11,5110,38.6,19.9,1,16,287.96,0
Ward-3,8442,31.6,38.7,0,19,324.66,0
Ward-16,11789,41.8,26.2,1,10,557.37,1
Ward-14,4194,41.8,29.1,1,12,113.56,0
Ward-18,5189,27.8,11.5,1,17,227.77,0
Ward-20,3946,21.5,3.9,1,26,237.51,0
Ward-12,4363,23.4,20.4,0,2,144.53,0
Ward-16,10508,30.3,24.3,0,11,601.59,1
Ward-13,6902,34.0,20.3,1,23,322.61,1
Ward-1,8035,26.9,4.4,1,19,331.17,0
Ward-1,11779,30.8,38.7,0,24,370.74,1
Ward-17,8229,22.0,27.2,0,19,465.35,0
Ward-1,9225,26.5,6.1,0,14,420.09,0
Ward-16,3020,37.1,20.7,1,22,129.01,1
Ward-6,9531,42.6,13.7,1,22,515.5,1
Ward-9,11995,31.1,38.3,1,18,484.92,1
Ward-10,6735,37.0,27.6,1,11,301.41,0
Ward-9,6715,21.3,27.1,1,29,411.64,1
Ward-5,6758,19.1,38.2,0,12,396.31,0
Ward-16,5505,23.5,21.5,1,5,192.82,0
Ward-8,5972,19.4,36.2,0,21,204.88,0
Ward-11,9739,20.7,30.8,0,18,564.2,1
Ward-16,9822,35.6,30.2,1,11,361.13,1
Ward-3,11406,24.3,29.5,0,30,654.2,1
Ward-6,2595,44.9,15.9,1,6,169.25,0
Ward-10,2613,18.3,22.7,0,30,146.83,0
Ward-18,10590,31.3,37.5,1,9,363.46,1
Ward-6,9518,35.5,28.7,0,24,373.6,1
Ward-7,4875,34.5,25.5,1,27,201.92,1
Ward-13,3562,23.0,5.6,1,30,123.8,0
Ward-8,9319,38.4,38.2,1,19,462.12,1
Ward-12,5871,19.7,4.7,1,6,247.64,0
Ward-10,3923,35.2,37.6,1,20,161.98,0
Ward-16,4509,30.3,39.6,1,14,246.73,0
Ward-18,5578,38.6,27.2,0,17,250.25,0
Ward-3,11243,21.0,33.2,0,19,504.88,1
Ward-17,9239,21.1,8.2,1,3,524.13,1
Ward-2,9429,21.6,16.6,0,18,425.94,0
Ward-1,8487,24.9,0.1,0,19,270.15,0
Ward-3,10866,44.8,37.4,0,30,471.35,1
Ward-6,4218,38.7,39.1,1,12,247.48,0
Ward-13,8154,20.2,38.6,0,21,439.81,1
Ward-18,8439,32.3,29.1,0,27,234.96,0
Ward-10,9585,36.2,21.8,1,27,352.01,1
Ward-5,6516,23.1,35.0,0,2,350.49,0
Ward-1,5943,23.6,4.0,0,15,293.0,0
Ward-2,6009,38.0,16.1,0,18,233.99,0
Ward-2,4295,31.6,11.6,1,19,212.79,0
Ward-11,5881,26.1,5.7,0,14,211.89,0
Ward-19,4869,34.9,17.1,1,2,305.76,0
Ward-13,10592,26.6,16.7,0,10,447.56,0
Ward-16,5948,40.9,12.0,0,26,243.37,0
Ward-14,8824,33.0,5.4,0,9,324.42,0
Ward-15,8079,20.5,29.0,0,2,314.38,0
Ward-20,2647,41.6,7.5,0,16,112.28,0
Ward-10,2251,23.7,7.6,0,24,134.19,0
Ward-8,11902,37.0,15.9,0,18,463.22,0
Ward-15,10743,35.5,12.3,1,17,605.45,1
Ward-16,7246,42.7,14.8,1,2,328.51,0
Ward-5,2265,25.0,37.4,1,10,71.5,0
Ward-13,11335,40.5,20.0,1,9,599.18,1
Ward-16,9550,22.5,31.8,0,5,492.4,1
Ward-18,2962,32.1,33.6,0,27,158.81,0
Ward-14,4252,40.7,9.3,0,1,153.7,0
Ward-2,9916,35.8,0.6,1,1,311.34,0
Ward-18,6697,18.5,32.5,1,26,376.88,1
Ward-4,10591,22.0,7.7,1,27,442.14,1
Ward-3,8112,43.9,18.4,0,23,305.69,0
Ward-3,2519,20.5,15.2,1,2,131.8,0
Ward-3,10189,40.8,25.8,1,19,623.36,1
Ward-17,2697,24.2,36.1,1,9,67.65,0
Ward-9,10897,33.2,1.3,1,1,644.71,1
Ward-13,3260,26.1,22.6,1,22,178.75,1
Ward-5,3284,31.5,39.0,0,4,155.13,0
Ward-11,11915,38.8,38.2,1,25,479.48,1
Ward-15,10038,24.2,22.1,1,14,360.51,1
Ward-13,3404,38.8,11.8,0,23,100.35,0
Ward-13,4527,38.0,12.7,0,3,128.85,0
Ward-12,6419,20.8,3.5,1,15,300.33,0
Ward-4,2430,20.4,22.2,1,28,92.66,1
Ward-13,3387,37.6,22.4,0,19,161.97,0
Ward-6,4274,25.3,10.7,0,3,140.7,0
Ward-10,9933,39.1,14.4,0,24,488.0,1
Ward-7,9501,20.9,12.2,1,11,520.11,1
Ward-11,9212,27.0,32.6,0,10,382.87,1
Ward-7,9848,26.5,38.6,1,10,517.87,1
Ward-19,5971,26.8,11.2,1,12,202.08,0
Ward-19,10939,22.9,30.7,0,24,488.0,1
Ward-15,6773,40.4,2.8,1,22,309.98,0
Ward-8,6139,35.8,28.6,1,3,270.79,0
Ward-19,8566,32.4,36.9,1,18,285.17,0
Ward-18,11729,35.2,3.4,0,22,572.41,1
Ward-20,2725,33.2,25.8,1,25,120.71,1
Ward-4,2172,20.7,8.9,0,15,88.06,0
Ward-19,10199,22.1,39.9,1,4,413.19,1
Ward-3,3901,40.4,29.2,1,10,168.55,0
Ward-17,9912,27.4,3.9,1,11,299.12,0
Ward-4,2370,40.9,25.9,0,30,130.81,0
Ward-6,11042,22.3,22.4,1,8,600.71,1
Ward-6,9080,28.7,29.5,0,15,429.27,1
Ward-7,5371,25.5,28.2,0,19,192.4,0
Ward-6,7993,26.8,18.3,1,22,447.75,1
Ward-11,11780,28.5,15.7,0,12,476.11,0
Ward-6,6873,42.8,23.6,0,11,222.71,0
Ward-6,8116,36.7,20.4,1,20,272.4,0
Ward-6,9973,35.2,27.7,0,18,340.67,0
Ward-6,7154,40.7,24.8,1,1,306.43,0
Ward-13,11200,31.6,19.8,1,14,572.36,1
Ward-6,3354,33.3,31.8,0,10,92.9,0
Ward-10,4755,39.1,22.6,1,18,218.43,0
Ward-9,10898,40.2,14.7,0,25,563.86,1
Ward-14,3677,37.9,26.1,0,10,188.1,0
Ward-9,7711,41.3,3.5,0,25,407.54,1
Ward-19,7744,41.2,24.4,1,6,386.86,1
Ward-7,2972,33.4,21.3,0,11,168.15,0
Ward-19,6380,43.7,20.6,0,5,387.1,0
Ward-2,6543,41.4,5.1,0,8,217.88,0
Ward-8,8434,31.2,23.1,1,21,355.91,1
Ward-3,8600,31.9,11.1,1,15,496.26,0
Ward-1,3526,37.7,18.3,1,28,113.86,0
Ward-7,9039,40.3,19.8,1,27,349.96,1
Ward-5,11275,41.0,31.5,0,2,383.29,1
Ward-15,2266,21.4,34.3,1,15,86.35,0
Ward-7,4161,41.8,12.1,1,3,196.56,0
Ward-12,4711,19.4,25.0,0,14,242.12,0
Ward-1,5496,30.9,5.3,0,17,257.37,0
Ward-11,3975,44.7,16.9,0,16,123.02,0
Ward-4,3690,26.5,35.2,0,13,206.45,0
Ward-5,4340,19.8,22.5,0,15,164.45,0
Ward-5,8745,34.6,17.7,0,3,483.17,0
Ward-4,11659,37.7,14.1,1,11,616.38,1
Ward-3,6065,32.9,24.0,1,25,334.29,1
Ward-10,5366,32.0,20.4,1,10,276.35,0
Ward-8,10108,28.4,9.6,0,17,553.22,0
Ward-12,7185,21.6,34.4,1,12,320.23,0
Ward-16,3195,18.5,2.7,1,7,82.09,0
Ward-13,10300,25.7,28.5,1,14,509.16,1
Ward-18,10808,34.6,11.1,1,3,478.15,1
Ward-5,10788,26.8,23.5,0,10,558.96,1
Ward-8,2948,24.6,37.0,0,15,124.79,0
Ward-6,3956,18.3,5.5,0,6,171.46,0
Ward-17,6247,22.5,5.1,1,24,364.39,1
Ward-1,7488,39.8,10.9,0,9,387.72,0
Ward-3,10128,30.3,14.4,1,28,470.79,1
Ward-9,3685,42.1,27.0,0,8,172.55,0
Ward-1,6006,19.2,14.6,0,6,362.26,0
Ward-18,8870,24.1,9.9,1,9,488.76,0
Ward-4,10225,36.2,2.1,0,26,446.8,1
Ward-13,3129,41.7,34.6,1,11,100.25,0
Ward-12,5287,25.9,31.4,0,15,235.9,0
Ward-7,10954,38.5,9.8,0,30,452.69,1
Ward-12,2157,43.7,0.1,1,28,104.77,0
Ward-7,10680,44.5,16.8,0,5,532.13,0
Ward-8,10515,29.2,35.8,1,24,326.06,1
Ward-5,8461,20.0,22.7,1,22,488.05,1
Ward-9,7161,43.0,15.7,1,11,301.44,0
Ward-7,4230,39.1,23.4,0,4,146.4,0
Ward-14,3978,32.5,38.6,0,15,146.73,0
Ward-4,3481,22.3,27.4,0,7,184.84,0
Ward-3,6066,44.1,15.8,0,22,249.17,0
Ward-6,2509,43.7,34.2,0,4,122.2,0
Ward-5,3989,18.3,33.2,0,5,139.4,0
Ward-3,11540,33.8,36.7,0,1,679.33,1
Ward-15,4110,20.5,33.9,1,4,127.0,0
Ward-6,11402,29.7,29.0,1,1,470.04,1
Ward-12,5517,42.5,11.0,1,29,194.67,0
Ward-20,6026,35.5,20.0,1,2,191.96,0
Ward-14,5267,35.4,31.9,0,21,316.83,0
Ward-1,8266,39.1,14.4,1,12,474.4,0
Ward-13,6430,22.9,12.8,0,1,376.83,0
Ward-2,9728,32.3,30.7,0,6,327.34,0
Ward-9,10743,40.0,36.7,0,25,632.19,1
Ward-13,7813,43.3,39.7,0,6,282.56,0
Ward-12,11692,18.8,28.0,0,19,696.88,1
Ward-16,10882,26.3,19.6,0,2,391.15,0
Ward-17,9831,18.0,36.7,0,26,342.09,1
Ward-11,2975,18.6,23.5,0,25,100.2,0
Ward-12,3188,28.1,37.7,1,19,97.37,0
Ward-5,4580,37.8,17.5,1,21,189.28,0
Ward-18,7846,24.0,23.6,0,13,315.14,0
Ward-5,4911,37.7,38.0,1,28,312.43,1
Ward-2,4983,34.3,36.8,0,21,251.5,0
Ward-5,7425,38.1,9.5,1,6,382.98,0
Ward-11,9317,18.3,8.4,0,12,335.57,0
Ward-1,2788,28.4,29.3,0,29,133.54,0
Ward-12,10946,28.1,33.2,0,6,488.54,1
Ward-2,6831,18.5,10.4,0,3,290.49,0
Ward-6,3228,32.8,35.9,0,11,158.91,0
Ward-16,2507,29.6,26.1,1,6,72.48,0
Ward-7,8705,36.8,28.9,1,22,324.17,1
Ward-2,8437,33.4,33.6,0,2,341.54,0
Ward-10,11833,31.0,3.9,0,6,600.62,0
Ward-16,3892,26.3,15.9,1,29,177.59,0
Ward-18,8349,23.0,35.4,1,6,352.66,1
Ward-15,6315,24.1,10.7,0,5,338.66,0
Ward-3,7632,39.8,16.6,0,18,238.41,0
Ward-17,8858,44.1,27.5,1,19,499.08,1
Ward-3,8468,42.4,28.6,0,4,493.15,0
Ward-6,5471,39.8,5.0,1,3,323.75,0
Ward-5,11749,25.0,36.4,0,3,485.16,1
Ward-11,6525,32.0,36.7,0,26,336.36,0
Ward-14,3843,29.2,5.9,0,30,138.65,0
Ward-10,10775,41.8,35.1,1,13,537.79,1
Ward-16,2613,22.6,16.1,1,2,124.57,0
Ward-8,2807,38.1,36.8,1,1,124.41,0
Ward-10,6593,40.8,34.3,0,28,234.9,0
Ward-15,7257,25.3,16.7,0,7,330.41,0
Ward-14,9937,38.5,34.7,0,17,516.69,1
Ward-17,8609,21.7,34.1,0,6,321.37,0
Ward-2,6087,18.9,2.0,1,23,213.7,0
Ward-15,10275,28.7,36.9,0,8,426.82,1
Ward-6,9775,33.8,14.0,0,27,565.52,1
Ward-3,6670,18.7,2.0,0,28,233.4,0
Ward-7,6408,35.6,20.5,0,16,373.36,0
Ward-20,2138,24.0,24.3,1,23,131.87,1
Ward-14,8168,41.0,18.4,0,15,319.9,0
Ward-20,8506,33.8,0.3,1,18,424.73,0
Ward-10,3771,31.0,13.5,1,21,140.99,0
Ward-10,5086,22.0,30.6,0,26,295.79,0
Ward-13,7236,36.4,28.9,1,10,270.14,0
Ward-13,2578,33.7,39.8,0,11,122.43,0
Ward-18,9794,42.5,26.9,1,28,350.07,1
Ward-18,4967,25.9,18.8,1,24,279.98,0
Ward-6,7499,35.7,8.9,0,24,417.84,1
Ward-11,8089,25.0,11.8,0,16,261.07,0
Ward-19,3166,30.7,7.8,0,28,160.83,0
Ward-14,2885,41.5,6.0,0,11,124.74,0
Ward-15,4346,26.5,28.6,0,16,193.21,0
Ward-11,2950,18.1,10.9,0,19,155.74,0
Ward-3,4120,34.6,25.3,1,14,238.25,0
Ward-2,10745,23.4,14.9,0,29,439.54,1
Ward-7,2293,36.3,25.1,0,8,110.27,0
Ward-5,3682,28.4,23.5,0,3,193.39,0
Ward-10,9469,37.7,23.9,1,14,556.14,1
Ward-11,10031,27.7,7.5,1,1,378.75,1
Ward-5,5460,37.8,23.6,0,4,229.87,0
Ward-2,8147,41.7,10.2,0,20,494.0,0
Ward-1,2790,36.6,16.7,1,4,128.48,0
Ward-5,5366,36.8,25.2,1,14,273.99,0
Ward-9,11922,36.9,16.8,0,17,599.44,0
Ward-4,3741,31.4,24.4,1,27,159.01,1
Ward-14,6839,22.3,21.9,0,23,389.84,1
Ward-1,2208,36.1,36.3,1,5,140.31,0
Ward-3,3659,42.4,25.8,1,10,120.77,0
Ward-6,2646,41.0,14.4,1,14,121.81,0
Ward-2,2158,41.0,26.5,0,11,85.39,0
Ward-20,6395,41.7,3.7,1,6,209.7,0
Ward-15,6453,40.6,27.6,1,26,290.68,1
Ward-6,3852,21.6,29.1,0,4,167.27,0
Ward-19,9178,22.9,15.2,1,20,290.65,0
Ward-5,9914,42.9,4.5,1,15,301.56,0
Ward-11,2202,37.0,27.1,0,22,124.5,0
Ward-20,3560,29.7,29.1,1,12,183.34,0
Ward-5,11147,42.1,24.5,0,21,647.1,1
Ward-16,10123,41.5,3.0,1,11,395.65,1
Ward-2,10305,24.0,25.7,1,27,380.16,1
Ward-19,9341,20.4,19.9,1,4,564.85,1
Ward-1,3681,28.9,1.4,0,27,124.64,0
Ward-20,6990,42.0,22.5,1,11,268.06,0
Ward-8,9445,27.0,30.7,1,23,478.19,1
Ward-4,3596,38.5,8.9,1,12,215.99,0
Ward-10,10973,32.1,28.1,0,29,368.85,1
Ward-14,3752,24.9,7.8,0,30,197.11,0
Ward-7,7536,20.9,16.6,0,25,425.98,1
Ward-19,10260,21.6,20.0,0,18,609.24,0
Ward-16,10328,39.1,36.4,0,24,546.58,1
Ward-20,11931,41.8,20.2,1,14,725.16,1
Ward-8,6482,28.7,13.7,1,15,336.49,0
Ward-20,10393,26.1,28.1,1,23,543.67,1
Ward-7,5291,23.7,28.6,1,30,284.71,1
Ward-6,10255,32.6,25.5,0,25,415.23,1
Ward-19,8839,36.2,35.8,1,29,502.18,1
Ward-17,3744,18.7,5.8,0,7,153.73,0
Ward-10,6105,22.0,2.5,1,7,302.46,0
Ward-15,3679,34.6,27.0,0,24,177.35,0
Ward-17,6712,36.7,1.9,1,13,296.76,0
Ward-11,11046,19.5,29.7,0,20,633.72,1
Ward-15,5695,42.6,28.2,1,25,280.91,1
Ward-7,5170,25.9,7.1,0,6,313.78,0
Ward-4,8180,19.1,11.2,1,5,298.73,0
Ward-1,7415,30.6,37.5,0,5,432.9,0
Ward-20,6934,31.2,22.9,1,3,363.83,1
Ward-8,5012,32.1,31.5,0,14,228.15,0
Ward-12,5624,41.9,26.5,1,12,236.26,0
Ward-20,10691,30.8,22.5,0,4,533.11,1
Ward-20,5994,43.9,27.3,1,13,362.32,1
Ward-13,6203,32.6,11.3,1,17,333.31,0
Ward-2,6856,42.3,7.7,0,4,258.36,0
Ward-18,10736,18.2,2.6,0,28,556.26,1
Ward-7,10810,40.4,35.1,1,21,572.06,1
Ward-5,2389,30.4,13.3,0,3,87.33,0
Ward-18,3154,33.5,9.1,1,14,136.54,0
Ward-14,7183,18.5,26.9,0,21,353.23,1
Ward-19,2745,36.9,2.9,0,10,139.2,0
Ward-3,6612,38.7,17.5,1,27,328.38,0
Ward-18,5602,21.7,15.6,1,21,199.36,0
Ward-12,2182,32.9,22.2,0,2,69.66,0
Ward-18,10970,43.6,12.2,1,7,470.74,1
Ward-17,4333,22.3,8.8,1,7,151.73,0
Ward-19,2891,41.0,37.3,1,21,126.03,1
Ward-3,6107,20.7,29.0,1,11,255.49,0
Ward-8,3639,25.7,2.8,0,11,155.35,0
Ward-10,11571,22.1,22.7,1,14,398.2,1
Ward-8,9145,25.5,14.4,1,29,403.84,1
Ward-10,9978,32.9,7.0,0,27,396.4,1
Ward-18,5218,25.1,35.5,0,24,149.09,0
Ward-17,2511,39.9,23.2,0,30,68.52,0
Ward-18,9734,35.7,5.9,1,8,555.92,1
Ward-10,4193,30.5,20.4,1,12,195.46,0
Ward-20,4717,38.4,5.6,0,6,224.29,0
Ward-5,9921,43.4,1.6,1,8,311.12,0
Ward-2,5387,32.0,31.7,1,16,325.21,0
Ward-2,7309,20.8,38.7,1,27,385.09,1
Ward-19,4848,28.2,15.1,0,17,200.94,0
Ward-8,10460,29.0,32.7,1,16,578.02,1
Ward-1,10222,41.8,17.6,0,3,455.68,0
Ward-5,5062,22.2,24.1,0,22,199.29,0
Ward-4,9889,36.2,19.2,0,21,524.8,1
Ward-2,4095,33.5,6.4,0,29,175.39,0
Ward-9,4949,31.9,16.2,0,29,261.77,0
Ward-10,3404,23.8,24.3,1,28,140.08,1
Ward-14,11844,21.9,23.3,0,20,580.29,1
Ward-11,9429,34.1,2.8,1,13,300.93,0
Ward-17,10263,36.5,33.1,0,6,459.0,1
Ward-2,10706,31.6,4.7,1,22,367.18,1
Ward-1,9069,32.1,14.8,0,23,405.4,1
Ward-16,8246,27.5,32.2,0,14,279.59,0
Ward-8,3373,25.6,35.1,1,9,128.68,0
Ward-1,11469,32.1,20.8,1,21,426.92,1
Ward-14,7935,20.9,17.0,1,9,438.52,0
Ward-12,6514,44.8,15.9,0,14,305.61,0
Ward-6,8065,33.1,19.4,1,19,333.49,0
Ward-5,3951,38.2,17.9,0,4,139.97,0
Ward-11,11020,34.6,27.4,0,6,464.67,1
Ward-3,4381,30.7,24.0,0,3,160.84,0
Ward-20,2618,37.6,37.2,1,20,121.53,0
Ward-20,2941,43.5,32.8,1,15,103.2,0
Ward-17,6685,23.3,31.4,0,20,215.98,0
Ward-8,2004,44.3,3.5,1,25,90.92,0
Ward-13,11602,23.4,0.6,0,30,370.82,1
Ward-18,11550,27.4,38.5,1,8,544.39,1
Ward-13,11419,18.1,7.0,0,18,359.14,0
Ward-4,10409,43.8,35.0,1,23,445.62,1
Ward-16,5985,38.5,38.4,1,22,265.75,1
Ward-1,9896,21.1,2.7,0,22,517.05,1
Ward-14,7785,31.9,0.4,1,8,296.6,0
Ward-11,3245,33.0,7.1,1,12,121.58,0
Ward-6,5115,31.5,8.0,0,28,183.34,0
Ward-8,7833,22.2,4.3,0,22,459.3,1
Ward-1,10871,43.9,33.9,1,20,444.92,1
Ward-19,6501,31.3,39.4,1,13,241.41,0
Ward-2,10613,39.6,19.1,0,17,443.38,0
Ward-6,9490,44.4,27.9,1,11,461.39,1
Ward-7,8216,33.7,13.0,1,6,371.18,0
Ward-16,7621,27.9,20.0,0,14,383.73,0
Ward-13,6581,30.2,22.9,0,27,207.95,0
Ward-8,11098,29.7,15.2,0,26,638.26,1
Ward-1,4893,29.4,5.4,1,26,208.26,0
Ward-19,2781,28.8,27.6,0,7,150.39,0
Ward-4,9370,38.1,10.4,1,18,450.21,1
Ward-12,2324,29.1,14.0,0,19,115.84,0
Ward-6,6663,27.6,26.9,1,25,362.7,1
Ward-13,6694,30.5,38.3,0,21,356.52,1
Ward-20,11365,28.9,36.3,0,6,450.65,1
Ward-10,6382,34.3,15.8,1,25,351.18,1
Ward-19,10535,44.1,16.6,0,28,332.46,0
Ward-9,3311,23.7,15.9,0,3,191.31,0
Ward-2,2431,38.8,21.0,0,4,78.28,0
Ward-13,7068,24.2,29.5,1,21,239.91,1
Ward-6,2468,18.9,14.3,1,28,128.29,0
Ward-18,6463,32.8,5.4,0,19,315.0,0
Ward-19,9126,32.1,25.6,1,30,370.41,1
Ward-3,9239,26.3,16.5,0,10,281.03,0
Ward-5,7634,25.7,21.4,1,25,318.64,1
Ward-14,6799,34.1,31.9,1,7,290.37,0
Ward-13,6094,22.4,29.5,1,27,242.51,1
Ward-14,5924,31.9,32.0,1,10,294.24,0
Ward-9,8765,23.1,2.7,0,10,290.18,0
Ward-15,6458,36.9,19.7,1,1,242.01,0
Ward-1,5046,44.3,11.3,0,23,198.08,0
Ward-3,4468,18.4,8.7,1,10,239.29,0
Ward-12,9597,36.8,1.3,0,27,489.85,1
Ward-9,8429,19.9,18.8,0,29,478.36,1
Ward-1,3998,44.3,28.6,1,25,226.76,1
Ward-2,5263,30.4,30.8,0,16,237.78,0
Ward-11,4598,35.0,1.7,0,9,196.27,0
Ward-12,2853,41.3,8.7,0,8,132.74,0
Ward-6,6523,33.8,15.8,0,1,388.52,0
Ward-16,11768,22.2,30.8,0,6,536.97,1
Ward-11,2983,19.6,25.8,0,5,125.82,0
Ward-18,7690,39.7,17.5,0,1,384.04,0
Ward-5,6107,42.3,19.4,1,18,245.09,0
Ward-7,11284,23.0,13.9,1,9,636.19,1
Ward-18,4627,19.9,6.2,1,27,170.05,0
Ward-1,10289,28.2,7.4,0,20,584.19,0
Ward-8,7254,37.5,26.3,1,7,331.57,0
Ward-18,4525,34.6,12.9,1,4,155.17,0
Ward-2,4126,22.8,1.3,0,16,128.77,0
Ward-13,10026,32.2,28.1,1,2,415.21,1
Ward-3,2214,43.1,8.3,1,30,108.72,0
Ward-2,7913,33.1,37.5,1,27,333.34,1
Ward-20,6355,32.3,29.4,1,3,389.16,1
Ward-4,3658,37.6,21.3,0,7,157.43,0
Ward-6,11149,38.2,16.6,0,25,542.39,1
Ward-15,8997,41.8,6.7,0,18,371.79,0
Ward-6,10747,45.0,17.7,1,29,443.68,1
Ward-11,8090,29.1,25.3,1,20,302.95,0
Ward-13,11015,43.0,10.2,1,15,627.63,1
Ward-2,6660,34.1,20.7,1,1,248.68,0
Ward-11,2355,38.8,37.7,1,30,112.02,1
Ward-19,4534,20.5,18.4,0,5,187.65,0
Ward-8,5817,24.9,12.0,1,19,344.06,0
Ward-11,9905,22.7,33.0,0,20,469.49,1
Ward-19,8251,20.1,2.2,1,12,462.68,0
Ward-4,5714,38.2,34.0,0,21,299.98,0
Ward-10,10591,19.1,21.6,0,11,466.19,1
Ward-2,8436,44.2,30.1,0,8,373.85,0
Ward-5,4165,27.1,19.0,0,18,158.23,0
Ward-17,9118,38.9,5.2,0,16,426.04,0
Ward-19,5212,33.2,39.9,0,8,178.63,0
Ward-11,11437,20.4,26.9,1,12,455.45,1
Ward-20,2396,38.8,6.8,1,20,143.05,0
Ward-20,4389,29.9,37.0,0,7,208.15,0
Ward-3,3841,38.0,9.7,0,28,202.66,0
Ward-11,3823,26.2,18.8,1,7,188.04,0
Ward-18,10573,38.3,22.0,0,23,519.56,1
Ward-19,10631,19.2,6.8,1,7,575.34,1
Ward-2,9617,35.7,0.3,1,22,380.87,1
Ward-12,3767,18.5,34.7,1,8,224.08,0
Ward-4,7168,31.1,23.9,0,6,276.48,0
Ward-18,2352,19.1,36.9,1,11,114.91,0
Ward-1,7681,36.5,14.2,1,8,479.08,0
Ward-9,3015,34.9,35.1,0,18,165.32,0
Ward-11,8436,35.7,3.5,1,17,500.69,0
Ward-8,8837,24.5,6.1,1,30,423.57,1
Ward-5,5387,35.6,23.2,0,28,191.47,0
Ward-17,4215,29.6,36.4,0,21,261.12,0
Ward-11,3111,33.0,37.9,0,6,138.16,0
Ward-1,7221,41.8,16.6,1,10,329.95,0
Ward-9,4489,39.0,4.3,0,1,241.83,0
Ward-9,11922,33.3,9.2,0,8,597.88,0
Ward-16,4196,31.6,24.2,1,6,232.8,0
Ward-5,4683,23.2,1.3,0,30,174.92,0
Ward-7,5351,19.8,37.1,1,28,267.1,1
Ward-15,6043,29.5,31.0,1,24,242.48,1
Ward-19,11728,32.5,25.7,0,17,388.58,1
Ward-2,6025,32.0,15.8,0,18,261.38,0
Ward-2,5110,25.9,15.9,1,25,278.63,0
Ward-14,6823,34.6,2.2,0,15,372.63,0
Ward-17,3854,22.9,23.4,0,13,161.47,0
Ward-6,9433,33.9,28.5,0,29,401.66,1
Ward-6,4024,20.5,28.2,1,3,179.32,0
Ward-17,4619,28.2,15.2,0,30,199.87,0
Ward-5,4656,41.5,7.2,0,14,191.92,0
Ward-15,6731,34.9,4.7,0,7,213.26,0
Ward-1,9514,31.4,19.9,0,20,526.88,0
Ward-19,9794,30.3,17.7,0,8,544.14,0
Ward-18,5401,19.3,5.9,1,2,166.88,0
Ward-19,11884,26.1,36.8,0,4,492.3,1
Ward-10,11747,33.5,22.5,1,24,573.7,1
Ward-3,6903,26.7,35.9,0,25,297.6,0
Ward-10,9713,21.6,27.8,1,11,445.95,1
Ward-7,2953,21.0,29.2,0,16,156.93,0
Ward-10,8996,34.4,12.7,1,30,307.39,0
Ward-17,10154,31.3,7.2,0,23,380.85,1
Ward-4,2392,30.6,31.9,0,26,112.5,0
Ward-2,7468,27.4,32.2,0,1,375.16,0
Ward-9,3111,26.3,20.3,1,25,101.34,1
Ward-11,8488,37.6,24.6,0,27,292.58,0
Ward-11,9849,42.7,31.9,0,16,339.81,0
Ward-18,7490,30.5,32.6,0,27,344.38,0
Ward-11,11096,32.5,8.3,1,26,649.69,1
Ward-3,4446,25.6,1.2,1,21,191.28,0
Ward-20,8382,23.1,4.7,1,23,475.56,1
Ward-9,8780,20.3,35.1,1,15,473.98,1
Ward-17,6953,22.7,15.0,0,25,234.45,0
Ward-17,2408,39.6,36.2,0,7,96.15,0
Ward-17,7084,38.9,5.7,0,27,421.92,1
Ward-5,5361,37.6,18.4,0,1,192.61,0
Ward-20,3426,27.0,35.6,0,17,191.35,0
Ward-1,11462,38.5,25.6,0,11,404.29,1
Ward-18,7228,38.9,26.8,1,5,235.57,0
Ward-20,11168,31.9,8.3,1,18,427.41,1
Ward-10,11405,24.6,2.8,1,18,479.15,1
Ward-16,2826,20.9,2.2,1,13,103.8,0
Ward-19,9304,34.6,12.5,0,23,503.18,1
Ward-3,9629,33.3,3.7,1,4,427.85,1
Ward-15,9709,24.3,9.0,1,30,384.47,1
Ward-11,7320,30.2,1.2,1,4,295.23,0
Ward-6,6624,38.7,24.2,0,17,231.88,0
Ward-4,7339,33.0,2.8,1,18,325.28,0
Ward-8,5992,32.8,39.0,1,3,253.56,0
Ward-19,9063,39.2,17.4,1,18,447.54,1
Ward-3,11407,40.6,4.6,1,11,545.05,1
Ward-6,7046,43.8,2.8,0,22,394.31,1
Ward-13,7364,31.3,26.4,0,7,416.91,0
Ward-1,4403,35.8,18.1,1,13,211.29,0
Ward-7,7187,26.1,31.8,1,30,416.39,1
Ward-12,3462,33.7,24.5,1,28,108.88,1
Ward-12,10992,44.1,0.0,1,4,628.39,1
Ward-8,9073,37.0,15.8,1,23,371.64,1
Ward-18,5460,35.9,19.0,0,18,243.78,0
Ward-14,4527,25.8,34.9,0,5,143.32,0
Ward-5,9974,35.8,39.0,0,3,352.52,1
Ward-15,11902,43.1,24.9,1,17,521.3,1
Ward-13,7821,24.1,17.0,0,19,360.75,0
Ward-17,6411,29.1,21.8,1,2,383.2,1
Ward-12,3854,33.7,38.5,0,5,201.1,0
Ward-9,9617,32.0,20.9,0,8,434.48,1
Ward-3,10834,39.5,12.5,0,29,447.82,1
Ward-16,9438,31.8,18.8,1,14,402.17,1
Ward-10,6738,22.5,27.8,1,24,351.24,1
Ward-16,11472,22.6,2.1,1,26,579.03,1
Ward-16,3351,21.4,3.1,1,9,105.09,0
Ward-9,2232,38.0,24.2,0,22,109.18,0
Ward-9,5869,31.1,32.0,0,11,368.03,0
Ward-20,4525,40.6,30.1,1,25,194.19,1
Ward-6,5454,33.6,33.7,0,21,219.66,0
Ward-2,4745,30.5,19.0,1,24,294.23,0
Ward-8,8222,36.5,15.6,1,5,374.89,0
Ward-10,9353,28.3,12.6,0,4,543.59,0
Ward-14,6466,27.0,10.7,0,9,316.56,0
Ward-8,11645,38.8,20.8,0,11,547.57,1
Ward-3,2195,29.1,21.0,1,12,71.63,0
Ward-7,2557,18.6,3.7,0,20,133.98,0
Ward-4,3415,41.1,5.2,0,29,101.18,0
Ward-10,9650,35.8,3.0,1,30,588.4,1
Ward-11,6216,22.4,3.0,0,13,278.78,0
Ward-9,6336,22.8,2.8,0,20,270.53,0
Ward-4,4357,32.6,17.3,0,30,178.79,0
Ward-2,3194,19.9,29.1,1,1,167.68,0
Ward-1,2619,35.9,10.7,1,29,89.46,0
Ward-16,9833,29.8,33.8,0,18,356.99,1
Ward-16,3985,33.3,37.4,1,11,197.09,0
Ward-3,7985,32.4,38.4,0,27,360.32,1
Ward-7,4893,33.0,38.7,0,10,264.8,0
Ward-12,9970,20.3,25.3,0,5,290.79,0
Ward-19,5907,31.2,2.5,1,16,285.2,0
Ward-15,2268,19.0,2.2,0,13,88.37,0
Ward-17,9509,43.4,34.8,0,24,467.53,1
Ward-2,4319,31.2,0.8,0,8,205.66,0
Ward-6,2818,42.4,32.8,0,15,149.63,0
Ward-3,3742,21.1,23.8,0,3,199.62,0
Ward-13,7312,21.3,27.4,0,11,414.56,0
Ward-2,11717,22.7,2.5,1,5,604.52,1
Ward-12,11067,22.5,9.7,0,5,379.09,0
Ward-20,8162,39.0,0.6,1,3,233.59,0
Ward-3,11727,41.9,16.6,1,23,382.18,1
Ward-9,10570,30.2,9.6,0,20,540.28,0
Ward-16,3442,34.9,31.3,1,14,93.16,0
Ward-4,10686,44.4,24.8,0,15,573.91,1
Ward-9,2869,23.2,31.9,1,16,108.05,0
Ward-2,2885,35.4,11.4,1,9,127.69,0
Ward-15,2709,20.8,2.1,0,6,144.51,0
Ward-4,3160,42.2,28.9,1,14,120.72,0
Ward-11,5769,39.0,13.0,0,8,315.55,0
Ward-13,5615,20.0,23.4,0,29,230.52,0
Ward-20,9454,22.8,14.9,1,24,333.03,1
Ward-9,5313,27.1,1.3,0,9,195.21,0
Ward-15,8852,22.6,13.7,1,20,318.98,0
Ward-20,4784,33.6,22.1,0,3,203.48,0
Ward-7,11692,30.8,18.5,0,24,515.83,1
Ward-8,7362,29.7,8.9,0,30,327.77,0
Ward-2,2656,44.8,29.3,0,14,121.17,0
Ward-4,9412,31.4,3.3,0,23,506.98,1
Ward-5,7872,26.0,25.9,0,1,341.66,0
Ward-15,11345,38.2,1.0,1,15,618.01,1
Ward-13,5030,39.3,14.8,1,23,260.9,0
Ward-3,8305,42.1,13.3,0,10,346.06,0
Ward-20,10887,33.5,8.3,0,20,623.73,0
Ward-2,10433,43.5,27.0,0,4,431.47,1
Ward-2,7989,27.9,25.9,0,18,397.87,0
Ward-11,5909,32.6,26.0,0,25,298.36,0
Ward-12,6380,31.6,16.9,0,3,260.85,0
Ward-17,10629,40.4,18.8,1,15,528.87,1
Ward-3,5085,42.1,18.3,0,13,281.07,0
Ward-3,3791,22.4,4.5,0,16,119.02,0
Ward-1,6803,29.2,27.3,0,16,272.6,0
Ward-1,6776,23.1,0.9,0,27,401.66,1
Ward-14,11481,27.3,25.8,1,16,556.67,1
Ward-18,9295,30.4,22.7,1,6,488.01,1
Ward-12,6720,38.8,1.9,1,10,280.17,0
Ward-6,10770,25.7,38.9,0,6,381.61,1
Ward-11,11413,21.4,10.4,0,7,516.37,0
Ward-11,7633,22.0,17.9,0,18,314.86,0
Ward-13,10182,38.7,37.9,1,5,316.31,0
Ward-17,7427,35.5,11.8,1,25,444.27,1
Ward-5,11260,37.7,36.9,1,23,374.9,1
Ward-2,4284,36.3,4.7,0,13,196.7,0
Ward-12,3515,26.8,24.3,0,19,172.21,0
Ward-9,5206,18.6,21.5,1,22,244.56,1
Ward-17,8462,23.3,12.7,0,30,419.03,1
Ward-14,8056,28.4,0.5,1,12,313.96,0
Ward-18,3435,23.8,35.5,1,26,135.2,1
Ward-14,8786,21.8,23.5,0,5,317.33,0
Ward-17,7495,19.8,38.4,1,3,231.89,0
Ward-9,8791,22.7,18.5,0,7,308.06,0
Ward-18,10037,19.1,33.0,1,16,468.05,1
Ward-1,2040,22.2,12.0,1,4,116.92,0
Ward-14,4938,31.3,27.5,0,1,156.91,0
Ward-3,11812,38.1,23.2,1,28,453.19,1
Ward-4,8114,31.8,23.0,1,6,370.85,1
Ward-15,4219,27.6,2.1,1,14,225.31,0
Ward-2,6749,25.9,25.6,0,17,246.83,0
Ward-4,11810,38.3,21.7,1,27,665.68,1
Ward-9,7939,20.6,23.2,0,1,262.04,0
Ward-16,8750,27.2,36.4,0,7,291.92,0
Ward-7,11153,34.6,33.3,0,14,471.72,1
Ward-5,2284,30.9,12.5,1,5,140.09,0
Ward-20,10570,38.6,13.7,1,1,537.91,1
Ward-5,4332,36.6,12.3,0,5,254.46,0
Ward-4,3273,18.5,19.4,1,2,98.78,0
Ward-17,11718,19.6,4.8,1,2,381.53,1
Ward-4,4028,42.8,8.2,0,6,183.05,0
Ward-5,6544,43.6,13.9,0,28,303.75,0
Ward-8,10272,33.4,4.0,0,17,362.69,0
Ward-10,4814,42.3,21.5,0,30,175.5,0
Ward-16,8004,36.8,7.4,0,6,459.81,0
Ward-14,5510,31.9,16.3,1,4,243.1,0
Ward-16,7918,37.0,22.3,0,3,300.11,0
Ward-10,9486,34.2,12.5,1,8,433.84,1
Ward-14,5093,41.1,35.8,1,22,189.44,1
Ward-16,3723,28.7,20.9,0,4,123.73,0
Ward-19,3666,38.0,35.7,0,3,137.94,0
Ward-7,11747,40.8,16.2,0,27,502.04,1
Ward-19,11726,25.4,31.6,1,12,523.29,1
Ward-13,9938,31.8,5.9,1,4,334.14,0
Ward-8,4205,18.8,29.5,0,16,230.58,0
Ward-13,11905,36.3,6.1,0,25,394.54,1
Ward-16,9635,23.5,26.5,1,17,358.43,1
Ward-18,10955,18.5,30.6,1,29,624.69,1
Ward-11,8165,29.9,1.4,0,18,417.65,0
Ward-6,10052,29.6,12.5,1,16,534.71,1
Ward-16,11073,36.5,22.9,1,18,616.26,1
Ward-13,6315,31.4,38.8,1,25,367.51,1
Ward-1,11674,19.2,33.5,1,26,591.18,1
Ward-11,8235,20.6,13.8,1,14,340.28,0
Ward-8,5844,35.5,23.7,0,28,222.28,0
Ward-1,10821,26.8,18.4,1,19,488.58,1
Ward-1,9695,33.9,39.4,1,19,407.27,1
Ward-16,3639,36.7,8.2,1,17,204.45,0
Ward-6,6907,27.8,17.4,1,21,394.27,1
Ward-18,5507,25.8,1.9,1,26,212.24,0
Ward-3,11473,20.6,13.5,0,19,618.96,0
Ward-7,7690,39.5,26.1,1,17,413.53,1
Ward-18,7133,23.4,16.1,1,22,364.58,1
Ward-1,10457,41.3,23.1,0,22,625.22,1
Ward-15,6389,43.3,21.3,1,30,305.25,1
Ward-17,5287,27.8,5.9,0,24,259.32,0
Ward-14,8721,26.6,33.2,0,21,311.38,0
Ward-10,4631,24.9,24.0,1,8,142.38,0
Ward-8,7087,30.5,22.4,1,14,331.63,0
Ward-6,6468,21.7,10.3,1,22,306.67,0
Ward-2,9960,39.1,2.2,0,11,493.24,0
Ward-14,7954,36.1,35.4,1,27,397.06,1
Ward-4,11354,37.8,37.3,1,16,631.44,1
Ward-4,7134,26.9,23.4,1,26,363.62,1
Ward-14,5571,21.9,7.0,1,15,249.9,0
Ward-2,10034,32.4,28.0,0,11,464.29,1
Ward-8,6550,41.7,37.5,1,16,349.98,0
Ward-1,11925,18.9,29.6,0,23,692.83,1
Ward-9,11055,28.4,25.6,1,29,585.91,1
Ward-8,9248,28.5,36.4,1,30,539.0,1
Ward-3,5857,26.0,34.4,0,30,245.51,0
Ward-14,2555,25.4,3.2,1,16,150.2,0
Ward-11,8920,41.7,32.8,0,23,320.09,0
Ward-14,11865,37.7,21.9,1,15,613.89,1
Ward-6,9264,39.4,5.4,1,7,445.08,1
Ward-3,3815,22.3,20.7,0,28,178.85,0
Ward-11,9397,30.9,29.4,1,6,488.78,1
Ward-10,5254,20.3,14.7,1,29,230.48,0
Ward-19,5677,18.6,0.9,0,30,183.96,0
Ward-9,4764,19.3,24.7,1,5,150.37,0
Ward-19,3922,18.4,21.0,1,27,181.66,1
Ward-7,5121,43.5,32.5,1,10,263.59,0
Ward-14,5385,34.2,39.8,1,24,267.68,1
Ward-14,4391,18.8,39.0,0,20,181.07,0
Ward-19,9506,20.3,18.8,1,23,387.04,1
Ward-13,8935,37.9,10.2,0,18,277.11,0
Ward-8,9715,42.5,39.9,0,1,370.16,1
Ward-10,8466,36.1,5.3,0,19,286.33,0
Ward-16,7557,41.7,5.3,1,23,332.63,0
Ward-4,7132,19.2,5.1,1,24,288.32,0
Ward-9,6321,32.0,17.4,0,11,329.01,0
Ward-5,11104,41.0,26.3,1,2,378.24,1
Ward-6,2587,30.7,6.5,1,14,102.42,0
Ward-16,2668,29.9,39.6,1,15,133.33,0
Ward-5,4025,27.4,8.1,1,6,231.57,0
Ward-9,11228,42.1,23.4,0,17,582.37,1
Ward-3,6033,38.7,27.1,1,1,251.7,0
Ward-4,8458,28.1,37.2,0,27,316.99,0
Ward-15,9861,30.3,38.2,0,11,588.96,1
Ward-15,7323,43.6,40.0,0,7,421.41,0
Ward-10,7294,39.5,29.8,1,3,293.22,0
Ward-13,3461,18.6,8.3,1,25,151.5,0
Ward-5,3975,26.1,32.0,1,29,186.18,1
Ward-4,8020,31.8,19.6,1,16,309.21,0
Ward-3,8922,39.9,24.6,1,21,363.31,1
Ward-11,9594,36.3,25.9,0,30,435.57,1
Ward-17,3375,25.8,17.5,1,10,101.41,0
Ward-10,6073,32.1,11.8,0,18,177.94,0
Ward-4,10366,29.5,3.8,1,12,373.51,1
Ward-17,2266,21.1,26.5,0,26,76.08,0
Ward-3,8819,41.7,11.9,1,25,446.85,1
Ward-9,7592,44.1,34.9,0,7,279.8,0
Ward-20,6248,41.5,4.3,0,1,242.0,0
Ward-16,9539,36.7,34.8,1,10,482.12,1
Ward-12,8471,39.7,3.5,0,1,315.26,0
Ward-7,2439,23.6,25.9,0,14,149.11,0
Ward-18,5127,20.3,30.8,0,16,203.36,0
Ward-5,9295,44.0,18.9,1,19,338.3,0
Ward-13,2834,27.0,4.1,1,14,166.65,0
Ward-20,11081,45.0,1.5,1,16,512.07,1
Ward-16,5799,37.3,21.1,1,19,211.46,0
Ward-14,9755,21.2,24.9,1,15,477.61,1
Ward-10,5149,30.7,17.5,0,19,288.46,0
Ward-20,9675,21.5,11.7,1,14,538.98,1
Ward-12,9738,39.6,33.8,0,10,477.37,1
Ward-16,4115,22.7,6.3,1,4,239.13,0
Ward-16,6975,24.3,22.3,0,12,387.86,0
Ward-6,4862,40.4,35.8,0,26,152.37,0
Ward-20,5714,21.3,9.0,1,11,316.74,0
Ward-18,6382,42.2,34.1,0,23,218.96,0
Ward-15,3817,44.3,31.3,0,27,179.21,0
Ward-6,3934,41.5,36.4,0,24,150.16,0
Ward-17,10165,37.8,4.0,1,11,539.67,1
Ward-7,9194,44.2,30.8,0,8,505.02,1
Ward-10,10274,22.6,10.6,1,12,492.04,1
Ward-17,8909,39.3,5.5,1,14,528.55,0
Ward-17,7927,43.5,17.7,0,23,447.29,1
Ward-3,7542,26.5,39.3,0,14,250.54,0
Ward-5,11413,19.6,25.3,1,14,487.27,1
Ward-18,6986,37.5,12.5,1,1,398.91,0
Ward-20,4406,36.9,17.8,0,29,215.68,0
Ward-15,7656,42.0,31.3,1,25,267.06,1
Ward-2,10805,27.0,29.0,0,17,637.04,1
Ward-3,10383,32.9,20.9,0,1,332.04,0
Ward-19,6238,24.5,31.0,1,17,190.21,0
Ward-12,6255,34.9,14.2,0,25,294.79,0
Ward-10,11378,37.9,18.1,0,26,599.16,1
Ward-18,11757,24.3,12.0,0,23,495.42,1
Ward-4,7371,31.9,7.7,1,15,251.26,0
Ward-14,3342,20.5,17.0,0,16,104.92,0
Ward-17,8598,33.9,20.8,1,28,325.91,1
Ward-14,9210,36.6,37.9,1,27,321.52,1
Ward-16,9499,21.5,28.2,0,23,344.5,1
Ward-6,11159,28.0,38.1,1,4,378.1,1
Ward-2,10565,22.1,14.9,1,10,391.25,1
Ward-5,4328,39.2,16.9,1,29,153.97,0
Ward-16,2034,21.3,13.9,0,14,82.77,0
Ward-15,7534,39.1,19.0,0,25,262.79,0
Ward-15,9357,22.0,29.1,0,26,461.03,1
Ward-13,5814,42.3,13.6,0,22,339.1,0
Ward-3,4713,37.1,22.9,1,18,238.37,0
Ward-3,5152,43.8,21.7,0,19,245.22,0
Ward-17,2305,21.2,37.4,0,1,76.4,0
Ward-19,9278,20.3,21.3,1,13,441.91,1
Ward-1,7569,29.8,16.6,1,13,270.05,0
Ward-4,10876,22.5,5.8,1,25,347.8,1
Ward-14,4772,19.6,38.4,0,1,237.2,0
Ward-4,7243,21.8,35.7,1,13,437.87,1
Ward-2,5318,24.5,23.9,0,16,240.86,0
Ward-4,6412,19.6,18.6,1,3,281.79,0
Ward-8,2305,25.3,38.5,0,8,127.97,0
Ward-5,6990,33.3,17.8,0,26,407.6,1
Ward-6,6016,32.5,17.0,1,2,179.25,0
Ward-20,6739,35.6,6.7,0,30,379.46,1
Ward-9,8228,45.0,33.7,0,19,445.61,0
Ward-6,10750,33.2,12.0,1,23,347.75,1
Ward-18,6578,41.7,8.4,1,29,325.65,0
Ward-9,9417,25.4,26.5,1,11,360.37,1
Ward-11,2260,42.7,5.3,0,20,116.17,0
Ward-6,8769,33.0,27.9,1,25,349.65,1
Ward-3,10825,18.8,33.3,1,22,383.71,1
Ward-13,11851,27.7,7.1,0,4,537.48,0
Ward-15,2153,24.0,0.8,1,22,118.42,0
Ward-3,6967,39.8,8.8,1,12,216.41,0
Ward-20,5425,18.2,39.4,1,4,307.09,0
Ward-16,4793,32.9,26.4,0,3,238.2,0
Ward-5,6253,43.2,34.2,1,7,327.53,0
Ward-18,6143,36.4,35.3,0,14,320.14,0
Ward-2,7292,29.7,39.8,1,4,366.22,1
Ward-12,10474,38.5,35.4,0,2,398.35,1
Ward-15,7181,18.1,7.8,0,29,319.63,0
Ward-8,8943,43.9,36.7,0,6,339.13,0
Ward-4,2456,31.0,32.3,1,27,76.44,1
Ward-8,7583,40.5,32.9,0,3,408.75,0
Ward-4,9314,33.6,3.4,0,30,281.27,0
Ward-3,4089,19.7,32.1,0,10,194.86,0
Ward-4,2914,33.1,11.8,1,13,105.88,0
Ward-8,11823,39.3,25.0,1,13,516.46,1
Ward-20,3659,27.2,37.5,0,15,170.06,0
Ward-4,3682,18.3,28.5,0,29,179.27,0
Ward-9,7822,29.4,29.0,1,6,303.6,0
Ward-2,4091,26.4,17.4,1,10,196.01,0
Ward-5,4415,30.7,24.1,1,12,261.67,0
Ward-5,2939,24.4,32.8,0,14,137.54,0
Ward-7,3120,27.2,26.7,1,20,172.49,0
Ward-19,7499,34.6,16.7,0,4,338.74,0
Ward-2,10125,23.9,0.1,0,23,378.65,1
Ward-8,9876,37.8,38.1,1,26,503.76,1
Ward-6,2110,27.8,2.9,0,18,62.21,0
Ward-7,11595,42.6,14.4,0,7,403.63,0
Ward-9,4855,27.2,22.2,0,7,162.5,0
Ward-4,2343,40.4,5.5,0,11,128.29,0
Ward-8,8056,39.9,26.4,1,29,398.24,1
Ward-5,5107,23.2,15.1,1,11,264.15,0
Ward-8,2756,38.6,23.5,1,26,84.85,1
Ward-9,4071,41.0,38.7,1,7,222.34,0
Ward-20,3062,22.5,15.5,1,16,126.69,0
Ward-12,10609,36.8,28.6,1,16,399.71,1
Ward-19,2599,23.6,35.8,1,28,84.99,1
Ward-14,8178,33.4,37.4,1,9,365.79,1
Ward-3,6834,30.0,14.1,0,15,303.5,0
Ward-15,9660,29.7,14.7,1,11,349.91,0
Ward-15,5830,25.2,3.0,0,10,322.78,0
Ward-3,6528,43.0,3.9,0,12,191.35,0
Ward-7,7394,24.8,29.8,1,7,398.27,1
Ward-18,6278,18.2,12.0,1,26,393.92,1
Ward-19,2194,30.7,20.5,0,28,81.06,0
Ward-7,9773,24.3,23.5,1,24,525.59,1
Ward-3,7129,40.8,17.2,1,7,321.81,0
Ward-1,8139,21.8,35.0,1,24,258.95,1
Ward-12,7567,24.1,17.0,1,25,405.27,1
Ward-11,11616,18.6,31.4,0,5,708.8,1
Ward-19,11879,42.7,23.0,1,13,424.77,1
Ward-18,8331,23.1,4.3,1,21,457.28,1
Ward-4,11058,22.8,33.1,1,1,376.45,1
Ward-13,6650,23.6,11.6,0,15,211.7,0
Ward-6,7353,41.2,16.4,0,4,245.81,0
Ward-3,8373,43.8,34.6,0,28,300.14,0
Ward-16,4601,34.3,37.6,0,17,235.32,0
Ward-7,2121,44.8,17.8,1,20,116.05,0
Ward-19,10043,30.4,23.0,0,10,512.77,1
Ward-12,6873,28.6,32.9,0,14,273.56,0
Ward-14,9501,28.4,26.4,0,13,465.91,1
Ward-6,6485,41.8,21.5,0,23,351.99,1
Ward-16,8738,44.8,22.1,1,3,460.34,1
Ward-11,8719,30.2,10.1,0,15,274.11,0
Ward-15,8244,27.3,16.0,0,13,246.69,0
Ward-5,7359,36.1,18.6,1,3,245.28,0
Ward-15,4297,30.7,11.2,0,6,241.28,0
Ward-6,6819,21.4,29.7,0,3,322.37,0
Ward-9,4514,29.9,7.1,0,29,215.48,0
Ward-2,10566,35.3,28.7,0,13,533.57,1
Ward-20,2076,19.3,15.1,0,30,94.18,0
Ward-7,3497,18.4,1.1,0,11,198.19,0
Ward-3,5613,43.9,3.9,0,24,193.15,0
Ward-4,7359,26.7,25.1,0,30,357.92,1
Ward-4,5807,23.8,14.3,0,1,236.92,0
Ward-13,5485,30.4,2.6,1,21,248.97,0
Ward-7,8735,26.1,24.0,0,23,422.18,1
Ward-19,4809,24.8,3.8,1,21,251.84,0
Ward-5,7440,22.7,30.5,1,28,354.63,1
Ward-1,11970,42.6,18.0,0,17,589.6,0
Ward-8,2347,34.6,35.9,1,8,132.66,0
Ward-20,3300,19.6,15.0,1,7,102.19,0
Ward-2,5900,42.9,23.9,1,24,317.66,1
Ward-11,2648,32.1,39.1,1,25,95.2,1
Ward-11,7615,24.5,21.6,0,26,394.26,1
Ward-20,8250,32.1,7.3,0,3,445.59,0
Ward-7,2853,35.1,5.7,0,5,97.15,0
Ward-7,5871,31.7,17.0,1,10,192.94,0
Ward-14,4890,34.4,12.1,1,21,190.74,0
Ward-16,3310,43.7,14.4,1,6,142.95,0
Ward-20,9101,38.5,32.8,1,1,478.16,1
Ward-3,6918,34.1,6.1,0,9,278.73,0
Ward-10,8146,33.2,19.2,1,5,406.91,0
Ward-7,2068,18.3,20.0,1,16,83.77,0
Ward-13,8113,28.4,12.3,0,14,478.49,0
Ward-4,8304,43.2,6.5,1,9,451.32,0
Ward-12,10349,37.1,25.4,1,23,323.8,1
Ward-14,6043,24.5,1.4,1,21,290.51,0
Ward-5,6281,34.3,37.8,0,9,238.18,0
Ward-6,2202,21.2,3.7,1,13,131.67,0
Ward-3,10495,42.6,35.0,0,27,456.92,1
Ward-17,10735,35.8,15.3,1,24,469.66,1
Ward-3,3790,35.2,31.1,1,27,139.88,1
Ward-13,7047,18.2,6.7,1,1,242.84,0
Ward-14,10600,29.3,11.5,1,6,361.55,1
Ward-5,5244,31.1,20.1,0,15,235.04,0
Ward-7,2966,38.2,32.4,0,9,191.31,0
Ward-15,3789,41.4,6.6,1,3,147.68,0
Ward-11,2486,33.8,19.1,0,1,89.21,0
Ward-1,11542,39.3,1.7,0,17,615.45,0
Ward-17,6355,43.2,18.9,1,20,267.36,0
Ward-11,7164,40.1,37.6,1,13,365.21,1
Ward-11,3641,18.1,34.8,1,24,217.48,1
Ward-1,11861,21.3,21.2,0,12,524.08,1
Ward-16,10436,29.2,7.5,1,1,526.44,1
Ward-11,9279,24.3,19.4,0,12,414.75,0
Ward-16,3645,37.8,11.8,0,23,125.81,0
Ward-19,10267,18.9,19.9,0,10,584.24,0
Ward-15,4753,42.2,38.2,1,22,209.42,1
Ward-6,3465,20.8,39.7,0,6,193.58,0
Ward-13,6593,24.0,10.3,1,29,337.05,0
Ward-18,10060,20.4,27.7,0,30,492.58,1
Ward-3,7623,28.2,28.7,1,21,378.01,1
Ward-14,5823,24.0,4.6,0,4,199.89,0
Ward-7,3902,33.5,5.1,1,13,164.66,0
Ward-2,11667,32.5,33.9,1,11,631.87,1
Ward-5,10515,35.9,23.6,0,13,332.44,0
Ward-11,4370,40.0,11.9,0,16,206.14,0
Ward-10,4389,38.2,34.0,0,20,173.92,0
Ward-4,6480,44.9,28.3,1,21,355.3,1
Ward-13,2963,44.5,13.3,0,28,166.43,0
Ward-2,4933,41.1,29.1,1,27,259.49,1
Ward-1,10977,28.6,16.9,1,12,574.48,1
Ward-17,6637,25.6,36.9,1,4,235.26,0
Ward-19,2886,40.9,28.4,1,21,86.26,1
Ward-16,6769,42.2,8.4,0,24,329.81,0
Ward-19,3670,36.3,39.5,0,13,211.82,0
Ward-6,2922,20.6,39.0,0,2,98.56,0
Ward-11,11722,29.7,5.9,1,8,353.25,1
Ward-16,6959,36.6,38.2,1,25,365.01,1
Ward-3,9596,41.4,26.0,1,21,470.61,1
Ward-4,3910,20.2,19.6,0,1,205.63,0
Ward-16,6484,36.7,3.8,0,13,294.49,0
Ward-14,6888,33.4,4.0,0,23,406.26,1
Ward-6,8640,39.9,0.8,1,3,397.09,0
Ward-4,5399,44.1,35.9,0,28,246.2,0
Ward-18,9327,39.6,4.9,0,19,323.96,0
Ward-18,6206,41.0,1.4,0,17,260.42,0
Ward-6,8931,44.4,26.3,0,10,298.13,0
Ward-10,10750,30.0,23.1,1,17,636.1,1
Ward-20,10818,31.8,27.5,0,8,322.13,0
Ward-7,4198,34.3,8.6,1,9,147.01,0
Ward-3,11008,24.9,15.3,0,13,498.64,0
Ward-14,4346,32.5,2.8,1,21,208.93,0
Ward-12,11234,35.7,32.8,0,14,606.56,1
Ward-14,8208,18.7,24.1,0,9,261.33,0
Ward-18,8664,19.8,25.6,1,30,337.54,1
Ward-8,6483,18.3,15.1,0,13,390.91,0
Ward-4,4879,32.2,35.0,1,4,231.81,0
Ward-10,11036,25.3,4.0,0,6,446.44,0
Ward-6,7655,39.8,27.1,1,16,356.04,1
Ward-17,4547,35.8,5.7,1,2,267.26,0
Ward-12,6081,36.3,16.7,1,6,256.67,0
Ward-15,10228,25.7,38.1,0,10,485.36,1
Ward-10,8660,38.8,33.8,0,3,467.24,0
Ward-6,11425,19.6,29.7,1,26,660.92,1
Ward-14,10334,43.2,5.5,1,17,529.49,1
Ward-18,4042,28.9,24.7,0,23,174.17,0
Ward-12,6001,44.8,26.4,0,20,247.54,0
Ward-17,5687,22.7,14.7,0,17,212.92,0
Ward-16,8211,22.6,38.8,1,30,426.87,1
Ward-4,6752,26.1,11.7,0,1,354.81,0
Ward-7,6994,43.1,38.4,0,30,311.69,0
Ward-16,2942,27.6,24.6,1,10,99.7,0
Ward-6,8587,27.6,4.1,1,7,280.01,0
Ward-5,8729,21.3,19.5,0,25,422.87,1
Ward-13,8132,26.1,17.1,0,18,426.29,0
Ward-15,9198,22.4,14.1,1,1,389.89,1
Ward-7,3813,23.1,1.6,1,14,215.53,0
Ward-6,5260,43.6,38.4,1,4,226.25,0
Ward-5,7322,38.3,31.2,1,17,388.81,1
Ward-13,4153,21.0,4.3,0,5,143.97,0
Ward-8,2852,36.3,13.7,0,14,117.93,0
Ward-3,9027,24.7,6.1,0,8,331.55,0
Ward-9,6052,36.0,17.2,1,23,307.79,0
Ward-17,4968,23.1,34.2,0,8,163.04,0
Ward-9,5148,43.1,17.1,0,3,283.14,0
Ward-17,7020,36.9,39.2,0,11,282.79,0
Ward-14,2846,26.2,10.8,1,12,136.01,0
Ward-2,4977,19.1,2.1,1,7,183.12,0
Ward-20,3650,29.6,10.1,1,12,130.57,0
Ward-1,11040,38.8,5.2,1,24,609.2,1
Ward-19,10664,34.3,9.5,1,7,490.35,1
Ward-4,4137,35.0,24.1,0,19,259.65,0
Ward-7,5160,37.0,37.0,0,18,242.68,0
Ward-16,5309,32.4,6.1,0,7,234.34,0
Ward-18,7690,42.2,17.9,0,30,330.63,0
Ward-17,10255,39.4,6.7,1,23,596.88,1
Ward-19,2996,39.4,27.8,1,16,166.23,0
Ward-3,4711,29.8,20.4,1,13,215.43,0
Ward-1,4621,33.4,23.7,0,29,267.88,0
Ward-17,10602,25.0,34.1,1,23,388.23,1
Ward-8,2747,32.4,11.7,0,29,90.62,0
Ward-2,6079,44.7,8.4,0,1,305.97,0
Ward-12,7317,20.2,28.2,1,24,264.77,1
Ward-10,7318,44.6,25.0,0,27,306.8,0
Ward-9,4895,24.9,0.6,0,24,251.65,0
Ward-9,11901,32.9,32.7,0,11,456.26,1
Ward-13,4550,30.0,29.2,1,12,155.91,0
Ward-16,4973,30.4,32.6,0,7,251.91,0
Ward-6,6621,18.6,6.5,0,27,281.24,0
Ward-3,4351,19.9,9.8,1,4,210.57,0
Ward-1,11884,20.7,15.4,0,27,374.57,1
Ward-2,4165,24.7,3.3,0,21,211.57,0
Ward-1,3742,32.6,32.7,0,7,138.28,0
Ward-15,4672,26.3,19.2,0,2,207.04,0
Ward-18,4016,18.6,1.8,1,4,195.57,0
Ward-5,2019,42.6,1.0,1,13,75.71,0
Ward-8,8303,36.5,28.6,0,16,275.73,0
Ward-4,6617,27.6,24.6,0,12,398.59,0
Ward-2,11904,22.1,17.1,1,20,418.9,1
Ward-10,6702,27.4,4.2,1,22,265.89,0
Ward-3,2035,41.3,39.1,0,11,67.94,0
Ward-16,3102,21.1,17.1,1,5,121.27,0
Ward-6,8308,27.5,19.8,1,23,495.78,1
Ward-11,4264,39.7,26.2,0,13,181.36,0
Ward-18,10070,32.4,32.9,1,3,474.48,1
Ward-19,5593,37.0,9.4,0,7,315.24,0
Ward-18,9764,43.9,36.8,0,30,409.2,1
Ward-5,6828,30.4,33.4,1,8,236.99,0
Ward-5,3920,44.0,28.2,1,24,139.29,1
Ward-12,2886,36.9,26.5,0,16,173.9,0
Ward-1,4406,27.9,3.2,0,1,219.96,0
Ward-5,4988,30.7,5.6,1,16,204.71,0
Ward-1,6698,21.0,2.4,0,20,352.0,0
Ward-1,8494,40.5,27.2,1,18,426.42,1
Ward-19,10222,26.3,9.1,0,9,605.94,0
Ward-5,5471,28.8,2.2,1,6,318.17,0
Ward-20,3264,40.0,18.7,1,21,173.86,0
Ward-6,2895,39.7,25.9,0,9,79.38,0
Ward-20,7496,18.8,11.3,0,3,252.97,0
Ward-10,5075,32.9,25.5,0,8,212.3,0
Ward-19,2735,33.2,31.6,0,2,125.6,0
Ward-1,7843,38.3,38.3,0,11,421.22,0
Ward-5,3595,26.9,35.9,0,17,180.95,0
Ward-19,8260,30.9,34.8,0,10,295.05,0
Ward-3,3528,43.7,9.3,0,26,163.6,0
Ward-6,10218,31.9,29.1,1,15,540.84,1
Ward-12,9059,19.1,28.5,1,8,332.94,0
Ward-3,4496,33.3,39.8,0,26,147.55,0
Ward-10,10964,41.4,31.9,0,16,352.42,1
Ward-10,4645,19.8,23.1,1,3,157.69,0
Ward-15,6226,44.6,39.1,1,21,376.99,1
Ward-19,9999,19.1,34.4,1,14,573.73,1
Ward-5,9222,27.9,33.8,1,12,296.29,0
Ward-15,6306,41.7,39.6,0,20,356.37,0
Ward-8,11188,18.2,34.1,1,13,384.71,1
Ward-3,5654,28.5,18.5,0,12,254.34,0
Ward-15,3787,20.3,29.3,1,25,158.88,1
Ward-3,7198,27.2,24.2,0,23,360.59,1
Ward-15,2627,32.7,37.9,0,21,98.36,0
Ward-20,8230,19.7,32.3,1,16,288.05,0
Ward-1,8929,25.3,25.4,0,5,282.63,0
Ward-10,9396,41.5,21.0,1,6,499.69,1
Ward-14,7603,44.0,11.9,0,12,442.2,0
Ward-18,4632,44.1,17.5,1,27,151.66,0
Ward-20,5253,20.1,26.7,0,11,275.18,0
Ward-11,2232,22.1,18.3,0,16,109.38,0
Ward-14,6305,32.1,0.1,1,27,356.67,1
Ward-19,3596,19.0,29.8,0,14,193.99,0
Ward-20,8185,23.8,8.4,0,22,367.77,1
Ward-12,2265,26.2,12.3,0,23,121.83,0
Ward-14,8723,27.5,33.1,1,17,510.03,1
Ward-6,9517,29.6,7.1,0,18,401.36,0
Ward-14,6640,37.0,37.5,0,3,343.9,0
Ward-1,8738,20.8,30.0,0,21,381.81,1
Ward-2,6749,41.0,8.5,1,18,267.45,0
Ward-16,4038,27.5,31.8,1,14,236.93,0
Ward-13,2124,43.4,31.3,1,9,110.35,0
Ward-14,5957,18.1,36.4,0,1,195.02,0
Ward-17,11829,26.6,6.8,1,8,547.74,1
Ward-20,8444,40.4,32.1,1,5,486.9,1
Ward-6,8604,42.4,20.7,1,8,295.87,0
Ward-17,3939,35.0,31.4,1,27,201.45,1
Ward-7,3527,20.5,17.5,0,1,172.96,0
Ward-3,11368,28.3,29.7,0,15,568.52,1
Ward-6,5927,35.6,8.9,0,18,336.3,0
Ward-13,6267,35.8,11.0,0,21,211.75,0
Ward-4,3817,30.4,23.8,0,5,162.64,0
Ward-3,3267,31.3,14.5,0,13,119.69,0
Ward-14,3205,31.1,25.0,0,22,152.11,0
Ward-15,4639,22.9,0.4,0,22,222.39,0
Ward-2,3920,44.3,39.7,1,20,168.36,0
Ward-17,6169,43.0,7.7,0,18,189.8,0
Ward-5,5543,41.4,4.6,0,1,209.55,0
Ward-5,6384,25.4,8.0,0,12,333.21,0
Ward-15,10123,29.8,37.9,0,9,363.7,1
Ward-9,8436,20.8,31.7,1,6,472.2,1
Ward-16,9101,41.8,16.9,1,27,344.36,1
Ward-13,9033,23.4,14.1,0,15,297.66,0
Ward-17,6146,33.8,11.7,1,13,177.1,0
Ward-11,9035,39.4,14.3,0,7,444.0,0
Ward-11,4003,18.3,27.5,1,7,187.79,0
Ward-8,11201,19.8,11.3,0,17,411.54,0
Ward-20,3225,33.5,25.9,1,11,163.37,0
Ward-2,10092,31.5,39.6,1,4,327.18,0
Ward-11,11685,28.3,23.1,1,1,590.43,1
Ward-1,9565,25.7,33.7,1,2,560.73,1
Ward-2,7527,35.4,2.8,0,27,415.96,1
Ward-9,7196,38.3,16.0,1,16,343.8,0
Ward-15,10082,40.9,38.7,0,27,420.27,1
Ward-1,5670,19.3,0.4,0,11,325.59,0
Ward-8,4788,20.4,29.0,1,27,292.91,1
Ward-2,6254,41.8,1.7,0,10,194.87,0
Ward-20,8218,25.3,6.8,0,19,345.17,0
Ward-5,11570,42.0,38.6,1,21,487.07,1
Ward-17,5940,33.6,26.5,1,11,315.19,0
Ward-3,6322,38.7,28.5,1,18,337.82,0
Ward-7,3278,20.0,19.8,0,1,163.0,0
Ward-13,5078,31.2,13.6,1,25,304.55,0
Ward-5,10265,20.9,5.2,1,13,622.94,1
Ward-17,5326,39.1,7.5,1,14,178.3,0
Ward-19,3672,22.0,35.0,0,8,110.42,0
Ward-9,2468,30.9,21.2,1,9,84.81,0
Ward-12,9069,23.7,15.9,1,17,360.52,1
Ward-12,3602,19.3,15.3,1,7,135.94,0
Ward-20,6520,32.3,19.7,1,4,334.69,0
Ward-4,5597,21.1,35.8,1,8,163.01,0
Ward-8,8628,28.6,4.1,1,16,323.51,0
Ward-12,6718,37.1,11.5,0,4,255.15,0
Ward-20,9811,38.0,34.1,0,6,369.86,1
Ward-6,7442,42.3,5.7,0,22,322.58,0
Ward-6,6322,41.8,6.8,0,20,255.4,0
Ward-1,10000,41.6,18.9,0,27,312.42,0
Ward-10,5740,32.2,6.7,0,25,180.56,0
Ward-11,9415,31.2,14.0,1,22,414.43,1
Ward-1,7777,26.1,13.3,1,4,297.06,0
Ward-1,4423,44.4,34.3,0,12,188.52,0
Ward-14,7888,23.6,3.6,1,21,253.14,0
Ward-18,9360,44.7,35.0,0,9,530.37,1
Ward-11,8406,33.9,37.8,1,10,303.42,0
Ward-11,4014,29.7,18.2,1,10,114.02,0
Ward-5,9640,36.4,20.9,1,20,437.12,1
Ward-16,6722,19.7,11.8,1,2,258.5,0
Ward-4,2871,31.2,0.2,1,22,139.97,0
Ward-5,7737,41.7,31.4,0,3,383.36,0
Ward-7,9078,33.8,3.2,0,2,395.39,0
Ward-13,8923,28.8,36.2,1,30,340.97,1
Ward-19,9140,36.3,12.9,0,22,474.69,1
Ward-14,11081,23.4,12.2,1,19,639.08,1
Ward-6,8159,39.1,33.4,0,5,381.42,0
Ward-17,7858,30.6,17.1,1,14,360.99,0
Ward-1,8896,20.4,5.6,1,26,332.13,0
Ward-5,10900,42.3,35.1,0,25,588.39,1
Ward-1,9582,39.8,35.0,1,27,285.27,1
Ward-4,7463,34.0,32.9,1,23,280.5,1
Ward-19,10369,38.0,2.1,0,17,365.53,0
Ward-16,4234,24.0,27.0,0,10,215.58,0
Ward-1,9945,34.8,8.0,0,1,359.2,0
Ward-17,3587,24.7,4.1,0,27,157.67,0
Ward-4,6913,28.9,39.3,0,27,373.61,1
Ward-20,9194,41.2,24.7,1,5,438.69,1
Ward-8,4797,31.8,28.0,0,16,204.63,0
Ward-4,11646,31.3,26.7,1,13,577.42,1
Ward-14,8960,22.0,11.3,0,19,376.7,0
Ward-2,9282,19.2,36.3,0,15,522.51,1
Ward-1,4593,27.7,34.2,0,12,263.15,0
Ward-17,3028,22.7,6.1,1,15,167.28,0
Ward-9,6963,42.9,2.7,1,13,414.19,0
Ward-6,11437,37.1,20.3,1,5,586.08,1
Ward-19,7703,33.8,33.2,0,2,247.23,0
Ward-8,3581,36.0,20.0,1,11,208.32,0
Ward-8,3727,42.3,7.0,1,25,237.53,0
Ward-2,6103,21.1,33.9,0,15,327.11,0
Ward-1,4851,26.7,27.9,1,5,292.39,0
Ward-7,5206,24.8,17.5,1,8,174.09,0
Ward-17,5150,20.3,1.0,0,7,145.26,0
Ward-1,7891,38.9,22.7,0,11,289.8,0
Ward-17,10129,23.1,8.3,1,17,415.6,1
Ward-18,4258,39.6,17.6,1,28,119.92,0
Ward-17,6886,20.7,19.9,0,20,299.15,0
Ward-10,6118,28.5,14.3,0,10,200.28,0
Ward-17,10192,26.4,24.7,0,19,466.46,1
Ward-9,2491,18.9,16.9,0,11,123.47,0
Ward-7,10963,40.1,13.2,0,8,503.44,0
Ward-19,11994,37.0,30.6,0,12,730.82,1
Ward-20,3320,42.0,19.2,0,9,155.81,0
Ward-16,10316,24.1,14.0,1,10,566.41,1
Ward-8,2351,43.1,1.1,0,18,108.6,0
Ward-1,11052,31.0,15.5,1,23,381.14,1
Ward-18,4257,21.1,4.7,1,12,149.9,0
Ward-2,5902,24.3,23.5,0,14,324.94,0
Ward-18,11306,19.2,32.1,0,27,340.74,1
Ward-15,4958,25.6,12.6,0,10,163.95,0
Ward-4,3258,20.1,37.5,0,16,179.21,0
Ward-8,9266,37.3,37.7,1,28,460.75,1
Ward-9,7224,36.8,20.1,0,12,420.08,0
Ward-20,9966,25.6,8.1,0,27,579.99,1
Ward-18,5453,21.3,29.0,0,2,331.5,0
Ward-15,3871,18.6,33.5,1,9,176.46,0
Ward-3,2978,25.5,24.4,1,1,161.81,0
Ward-2,5677,23.6,7.4,1,18,171.42,0
Ward-18,7698,43.3,36.4,1,30,412.7,1
Ward-19,5547,38.4,13.6,1,28,246.73,0
Ward-2,3789,32.9,38.1,1,28,227.7,1
Ward-14,11381,37.4,30.8,1,6,668.0,1
Ward-8,4160,42.5,11.2,1,3,260.3,0
Ward-10,7530,33.4,1.5,1,12,276.63,0
Ward-20,2202,21.4,22.7,1,27,70.69,1
Ward-15,2282,29.9,18.7,1,16,114.38,0
Ward-14,2959,33.6,3.2,1,3,118.19,0
Ward-9,6252,41.5,5.1,0,5,357.21,0
Ward-8,3875,35.7,7.4,1,19,155.28,0
Ward-8,2996,43.7,39.7,1,1,165.15,0
Ward-12,10854,37.4,24.0,1,4,348.6,0
Ward-17,3268,24.4,13.0,1,27,175.34,0
Ward-14,6638,21.9,13.1,1,11,409.22,0
Ward-12,9711,43.4,11.8,0,6,390.26,0
Ward-5,11686,18.7,24.4,1,17,611.2,1
Ward-19,7636,43.4,15.2,0,22,390.7,1
Ward-3,3266,43.9,39.7,1,18,183.71,0
Ward-17,2842,34.4,26.4,1,11,121.65,0
Ward-10,5998,26.9,32.0,1,8,271.89,0
Ward-4,5949,30.0,38.3,1,12,195.11,0
Ward-3,7935,35.6,24.2,1,26,340.53,1
Ward-5,10808,24.6,36.4,0,20,400.11,1
Ward-11,3932,20.2,16.8,0,19,191.51,0
Ward-7,4947,41.7,0.6,0,14,189.68,0
Ward-16,3654,21.4,1.4,1,1,204.86,0
Ward-5,10436,41.4,36.7,1,12,360.86,1
Ward-8,6806,21.2,35.9,1,19,312.79,0
Ward-2,3208,37.9,14.2,1,30,133.58,0
Ward-14,6739,38.5,28.0,0,24,373.68,1
Ward-17,3372,22.1,0.3,1,22,162.03,0
Ward-15,4895,31.7,23.5,0,8,184.16,0
Ward-19,10481,42.2,23.2,1,10,408.67,1
Ward-6,4346,19.1,37.8,0,14,201.07,0
Ward-20,7150,20.7,11.4,0,10,270.8,0
Ward-6,6726,43.4,10.4,0,30,239.67,0
Ward-4,5388,32.9,20.3,0,1,239.95,0
Ward-18,10813,39.6,0.3,0,12,407.96,0
Ward-19,8987,37.8,20.8,1,10,525.76,1
Ward-4,9281,42.0,19.7,0,28,307.66,0
Ward-4,7795,39.7,29.8,0,24,237.51,0
Ward-11,6523,30.2,29.4,0,23,346.0,0
Ward-2,9100,20.7,28.2,1,7,509.16,1
Ward-2,2130,24.6,23.5,0,22,75.21,0
Ward-16,5065,37.8,11.3,0,21,303.07,0
Ward-7,2052,29.7,19.6,0,23,69.25,0
Ward-9,8230,35.0,9.4,1,16,396.04,0
Ward-10,5799,41.6,26.7,1,26,287.49,1
Ward-18,9880,26.0,8.8,1,14,576.73,1
Ward-14,3897,22.8,38.3,0,12,206.59,0
Ward-16,10014,34.2,27.5,0,10,369.51,1
Ward-14,2996,33.2,12.9,1,14,122.74,0
Ward-13,6271,42.6,10.7,0,11,289.66,0
Ward-15,8714,24.0,35.0,0,25,442.8,1
Ward-20,7401,21.5,21.6,0,26,317.44,0
Ward-11,7778,38.7,22.1,0,17,283.87,0
Ward-6,10776,28.7,28.7,1,26,370.41,1
Ward-14,5532,32.9,9.9,0,2,316.48,0
Ward-17,3679,31.5,31.7,0,6,122.58,0
Ward-8,2553,25.4,4.9,1,21,120.02,0
Ward-9,3391,20.1,20.2,1,1,116.44,0
Ward-20,4487,20.6,23.5,1,7,260.91,0
Ward-11,8965,31.8,0.9,1,15,314.03,0
Ward-19,9723,28.2,17.2,0,14,454.66,0
Ward-18,10300,24.6,0.7,1,24,425.55,1
Ward-18,3774,30.2,23.1,0,13,198.42,0
Ward-16,11226,20.9,12.4,0,26,532.27,1
Ward-18,4773,23.6,37.7,0,3,168.09,0
Ward-16,10575,37.5,22.7,0,2,550.79,1
Ward-10,7535,40.5,1.5,1,28,234.93,0
Ward-18,10007,32.7,12.5,0,11,438.04,0
Ward-18,3334,42.9,17.0,0,13,93.3,0
Ward-17,3990,22.5,17.5,0,2,225.5,0
Ward-17,9982,21.8,35.0,1,13,286.94,0
Ward-10,6441,32.1,24.6,1,19,304.53,0
Ward-17,5349,39.7,38.1,1,17,256.36,0
Ward-7,7409,43.0,28.8,0,6,352.0,0
Ward-1,7205,29.2,6.0,0,1,271.06,0
Ward-4,10810,30.4,3.8,1,20,369.06,1
Ward-18,5703,27.3,0.6,0,9,236.17,0
Ward-14,11575,37.7,14.7,1,30,437.35,1
Ward-7,3269,34.0,4.1,0,9,118.1,0
Ward-5,10557,33.9,30.6,1,19,564.89,1
Ward-9,9756,23.7,0.1,0,7,331.55,0
Ward-5,4348,22.5,35.0,1,3,229.4,0
Ward-17,9203,29.5,18.9,1,17,475.55,1
Ward-13,8181,38.9,28.2,1,10,443.94,1
Ward-3,11918,40.7,38.2,1,23,406.12,1
Ward-15,10029,36.8,10.0,0,18,577.67,0
Ward-6,2414,41.4,34.2,1,24,107.81,1
Ward-7,8266,28.1,37.3,0,7,358.65,0
Ward-1,11604,26.4,3.8,1,30,453.32,1
Ward-20,6473,18.9,11.0,1,13,210.54,0
Ward-9,6492,34.9,38.8,0,28,333.44,0
Ward-20,9446,31.2,18.9,0,2,392.62,0
Ward-5,4898,41.5,5.3,1,27,253.46,0
Ward-2,7148,20.6,21.8,0,21,326.77,0
Ward-11,4772,42.5,23.5,1,17,151.77,0
Ward-14,3007,19.8,33.0,0,24,101.17,0
Ward-2,6514,34.4,27.5,1,6,333.26,0
Ward-1,7098,25.4,14.0,1,15,341.78,0
Ward-19,9585,20.4,36.7,0,24,305.1,1
Ward-1,4774,39.3,8.7,1,15,163.83,0
Ward-8,7042,40.6,25.7,0,24,356.25,1
Ward-2,8214,37.1,7.1,0,19,313.21,0
Ward-7,6469,41.9,7.1,1,9,320.03,0
Ward-16,7818,33.6,14.0,1,27,395.81,1
Ward-2,11588,28.4,21.5,0,23,504.31,1
Ward-10,5398,27.2,38.7,1,3,233.49,0
Ward-7,9662,25.0,36.9,0,16,333.86,0
Ward-12,11236,28.2,23.5,0,11,578.65,1
Ward-1,4600,29.4,13.4,0,6,256.27,0
Ward-15,10958,23.0,0.9,1,19,515.48,1
Ward-13,9759,40.5,10.1,1,20,398.83,1
Ward-10,2657,44.2,35.1,0,14,104.43,0
Ward-19,8565,34.0,6.6,0,30,338.06,0
Ward-17,5251,43.7,22.7,0,5,273.58,0
Ward-2,3481,26.4,30.6,1,15,144.21,0
Ward-5,5283,41.8,12.1,0,6,184.06,0
Ward-3,6009,22.2,22.2,1,1,260.11,0
Ward-16,11008,36.5,28.0,1,22,453.05,1
Ward-8,3569,28.5,12.7,0,13,205.78,0
Ward-14,11780,28.6,2.9,1,22,618.52,1
Ward-8,11970,22.8,9.4,1,11,519.24,1
Ward-20,8523,42.7,25.8,0,16,292.2,0
Ward-14,3521,27.2,26.2,1,5,131.2,0
Ward-16,2570,25.0,38.2,0,6,108.5,0
Ward-4,9617,39.8,13.9,0,21,549.48,1
Ward-1,4635,26.6,23.0,1,22,201.72,1
Ward-13,8921,38.8,12.1,1,24,441.48,1
Ward-15,10225,28.1,18.9,1,28,465.46,1
Ward-6,8947,32.4,15.3,0,5,288.21,0
Ward-19,6224,23.3,32.5,1,14,187.05,0
Ward-4,10021,30.4,2.0,1,9,435.61,1
Ward-1,10892,25.2,11.7,1,1,464.65,1
Ward-2,11761,21.0,29.3,1,8,416.06,1
Ward-5,4369,35.1,17.2,1,12,266.01,0
Ward-8,10577,33.4,1.6,1,12,333.83,0
Ward-4,8257,31.8,29.0,1,30,397.52,1
Ward-13,2366,23.0,29.9,0,27,154.34,0
Ward-7,11353,25.0,12.1,0,23,607.68,1
Ward-16,5525,38.5,17.5,0,9,230.71,0
Ward-13,4969,36.3,10.9,1,7,148.43,0
Ward-5,6501,25.2,24.0,1,4,218.92,0
Ward-11,5621,19.7,11.5,1,19,243.39,0
Ward-18,8374,30.8,22.3,1,11,344.43,0
Ward-5,9568,41.1,20.0,0,22,395.12,1
Ward-19,3287,35.0,22.5,1,3,138.47,0
Ward-12,6981,25.9,12.6,1,1,245.48,0
Ward-20,7761,33.3,16.6,0,25,461.71,1
Ward-16,5845,28.1,21.5,1,20,326.67,0
Ward-13,5576,23.7,4.4,1,6,322.63,0
Ward-13,11012,29.0,30.1,1,29,521.1,1
Ward-12,3730,35.9,27.5,1,17,167.52,0
Ward-13,10107,38.4,11.5,1,6,570.45,1
Ward-10,2054,32.4,13.4,1,21,88.53,0
Ward-13,11505,35.6,39.0,1,7,569.56,1
Ward-5,11989,34.7,40.0,1,1,466.57,1
Ward-19,9731,36.5,38.1,0,24,479.08,1
Ward-13,11044,31.8,7.7,0,15,468.58,0
Ward-6,9736,43.3,36.9,1,5,393.43,1
Ward-7,11463,30.5,9.8,1,8,636.8,1
Ward-17,3821,39.7,33.5,0,8,186.11,0
Ward-1,2529,36.4,16.3,1,28,116.43,0
Ward-9,10803,21.3,31.1,0,15,488.96,1
Ward-10,8527,40.4,29.0,0,12,375.08,0
Ward-15,9021,39.3,4.1,1,25,504.1,1
Ward-4,4768,27.9,26.3,0,30,177.11,0
Ward-9,3591,26.9,27.7,1,29,194.22,1
Ward-9,7610,26.0,17.8,1,23,278.2,0
Ward-2,4294,22.0,11.5,0,29,171.1,0
Ward-10,7024,43.5,6.3,1,16,367.91,0
Ward-5,4106,22.0,11.7,1,9,182.74,0
Ward-7,11555,26.2,23.4,1,12,606.45,1
Ward-17,8649,30.9,36.0,1,21,314.02,1
Ward-11,10574,28.1,34.6,1,21,371.88,1
Ward-6,9929,42.2,0.6,0,11,353.1,0
Ward-5,6559,34.4,29.2,0,21,235.47,0
Ward-19,2199,40.7,33.8,0,24,85.9,0
Ward-13,3619,43.7,20.3,1,18,226.84,0
Ward-18,3301,44.2,2.2,0,8,133.97,0
Ward-8,5741,36.6,18.2,0,20,209.1,0
Ward-7,3043,42.5,5.3,1,2,100.01,0
Ward-19,9819,30.5,21.5,0,11,510.21,1
Ward-16,3907,29.9,19.0,0,18,190.22,0
Ward-10,11327,18.3,17.2,0,24,652.15,1
Ward-7,11649,39.8,24.6,1,1,433.74,1
Ward-9,10070,35.0,13.1,1,17,393.63,1
Ward-9,10719,24.7,11.0,1,21,482.16,1
Ward-6,9988,18.2,35.7,1,16,331.14,0
Ward-14,6991,20.6,34.5,1,21,366.71,1
Ward-7,3781,38.6,8.5,1,11,199.24,0
Ward-10,11986,23.7,26.9,1,6,424.43,1
Ward-6,4587,34.5,6.3,1,21,216.2,0
Ward-9,5747,43.2,18.9,1,12,190.76,0
Ward-12,7166,30.1,17.0,1,25,315.14,0
Ward-13,2906,44.2,14.1,0,15,134.83,0
Ward-7,5417,35.9,10.2,1,1,226.45,0
Ward-11,11143,33.1,8.0,0,20,516.68,0
Ward-4,3219,24.6,13.0,1,24,171.91,0
Ward-2,8390,36.6,36.4,1,8,326.48,0
Ward-13,2971,20.7,25.6,1,18,139.0,0
Ward-4,9730,21.6,30.0,1,25,518.67,1
Ward-5,11663,26.1,8.0,0,15,438.6,0
Ward-9,11120,32.3,11.7,0,5,573.89,0
Ward-11,7918,42.4,17.8,0,6,302.96,0
Ward-12,7456,23.4,38.9,1,9,376.0,1
Ward-5,3952,35.3,17.1,1,26,125.39,0
Ward-17,8119,18.4,17.5,0,17,449.31,0
Ward-18,10061,25.6,13.4,0,24,308.32,0
Ward-18,3840,32.4,31.9,0,19,225.87,0
Ward-7,3197,38.7,17.2,1,15,154.41,0
Ward-5,7413,20.0,25.9,1,15,347.45,0
Ward-14,2351,28.8,11.8,1,1,64.03,0
Ward-5,6241,41.1,23.4,1,18,279.55,0
Ward-19,7810,42.1,28.6,0,7,403.66,0
Ward-6,3653,18.7,24.1,0,25,117.48,0
Ward-3,7365,41.5,37.1,0,7,284.85,0
Ward-9,5817,43.3,8.7,1,1,214.43,0
Ward-15,4017,40.5,15.0,1,28,219.76,0
Ward-13,2806,30.1,16.0,0,25,128.79,0
Ward-3,4868,31.7,23.1,0,6,241.35,0
Ward-16,11909,27.7,39.8,1,7,416.05,1
Ward-17,7895,30.9,20.3,1,1,250.7,0
Ward-13,3639,27.6,37.8,0,14,218.52,0
Ward-8,3383,35.6,32.4,1,1,189.03,0
Ward-11,2743,21.8,10.0,0,5,110.58,0
Ward-16,2638,19.7,32.1,1,12,140.94,0
Ward-14,4824,22.7,20.7,0,24,268.61,0
Ward-12,3792,39.2,1.2,0,10,154.61,0
Ward-9,7260,18.8,1.0,0,29,329.67,0
Ward-5,8679,19.3,15.1,0,6,280.38,0
Ward-8,3509,29.3,2.7,1,15,223.03,0
Ward-18,9215,21.6,24.1,0,10,424.09,1
Ward-9,4100,26.7,21.6,0,16,196.86,0
Ward-19,5215,21.4,20.6,0,8,269.31,0
Ward-13,6625,41.9,4.2,0,9,241.82,0
Ward-11,9571,36.0,20.8,1,25,538.53,1
Ward-12,4379,33.6,37.4,0,24,245.79,0
Ward-2,5242,44.4,0.6,0,27,268.72,0
Ward-11,2191,33.4,19.4,1,7,119.73,0
Ward-19,8646,30.2,8.6,1,18,383.27,0
Ward-17,7527,27.1,35.7,1,11,407.53,1
Ward-18,9476,35.9,26.7,1,25,414.37,1
Ward-12,8988,35.3,38.6,0,4,329.18,0
Ward-4,3970,32.9,11.8,1,10,175.13,0
Ward-3,10269,22.9,32.8,0,5,555.73,1
Ward-1,5255,37.8,14.2,0,19,294.22,0
Ward-18,7941,32.6,27.7,0,12,283.26,0
Ward-20,5707,40.8,30.0,0,18,336.91,0
Ward-7,6561,19.3,38.8,1,10,274.42,0
Ward-14,9807,30.6,5.4,1,1,324.57,0
Ward-10,5420,42.9,24.5,0,2,271.0,0
Ward-16,4625,38.6,32.3,0,13,253.69,0
Ward-13,11689,23.2,33.4,0,8,679.54,1
Ward-13,4022,37.6,23.4,0,7,181.05,0
Ward-11,2176,35.2,20.8,0,25,105.16,0
Ward-15,6895,40.2,21.7,1,5,240.57,0
Ward-11,6458,43.6,1.6,1,4,312.23,0
Ward-6,9983,38.5,9.0,0,3,602.4,0
Ward-20,7940,24.5,34.0,1,27,402.62,1
Ward-2,3723,41.4,11.2,1,29,140.11,0
Ward-14,6116,44.5,3.3,0,23,321.07,0
Ward-16,5627,34.0,26.6,0,25,307.81,0
Ward-20,11267,28.1,20.8,1,2,544.99,1
Ward-4,11431,20.6,38.7,0,12,550.24,1
Ward-20,8911,40.0,28.7,0,12,437.93,0
Ward-15,11393,41.3,1.5,1,27,626.78,1
Ward-14,2420,23.8,7.2,1,4,90.31,0
Ward-1,9481,40.9,10.1,1,12,551.29,1
Ward-15,2783,26.8,28.0,1,25,138.13,1
Ward-18,7273,38.0,30.1,0,28,310.8,0
Ward-12,10818,38.0,33.4,0,11,577.53,1
Ward-3,8652,26.4,19.9,0,25,349.48,0
Ward-16,7744,27.1,17.5,1,25,256.05,0
Ward-1,3826,23.1,12.4,1,25,166.16,0
Ward-20,3244,23.4,3.6,1,28,131.59,0
Ward-18,7796,28.7,36.9,0,28,470.07,1
Ward-10,11340,44.2,13.0,0,15,611.09,0
Ward-5,6485,18.7,9.0,0,8,362.42,0
Ward-7,4381,18.3,9.7,0,28,225.41,0
Ward-14,11114,32.9,22.7,1,6,619.36,1
Ward-19,8342,38.2,28.3,1,26,448.15,1
Ward-12,5845,26.6,14.3,0,11,345.59,0
Ward-8,10819,33.6,3.9,1,18,438.61,1
Ward-20,5732,37.4,28.7,0,15,231.7,0
Ward-15,9174,31.4,17.4,0,1,431.69,0
Ward-2,7695,30.9,28.3,0,22,330.86,0
Ward-9,11334,24.8,35.9,0,23,540.5,1
Ward-5,8492,23.8,18.1,1,11,325.94,0
Ward-17,8670,21.9,21.6,1,28,266.25,1
Ward-12,11624,21.2,39.1,0,17,479.44,1
Ward-7,6076,44.5,30.9,0,27,221.29,0
Ward-16,3957,27.0,3.8,1,19,209.33,0
Ward-14,8247,36.8,5.5,1,6,265.33,0
Ward-14,6128,31.5,7.4,1,7,244.93,0
Ward-3,7565,30.2,3.8,1,1,408.94,0
Ward-18,2969,36.4,3.8,0,17,83.26,0
Ward-10,2453,39.6,22.7,1,28,65.59,1
Ward-20,10162,22.9,8.7,1,4,587.23,1
Ward-20,8130,33.5,35.7,0,17,292.96,0
Ward-1,2635,43.3,35.5,0,26,170.3,0
Ward-4,7718,36.4,23.6,0,29,242.36,0
Ward-5,7527,43.3,37.1,1,26,311.61,1
Ward-18,3072,27.1,14.6,0,27,149.15,0
Ward-2,7870,19.6,39.3,1,26,441.66,1
Ward-19,3618,40.9,3.6,1,30,168.78,0
Ward-18,10547,28.6,21.9,0,10,415.68,1
Ward-7,6799,43.5,17.1,1,13,201.73,0
Ward-4,7267,33.2,24.4,1,16,445.17,1
Ward-2,10643,40.4,7.5,0,10,614.04,0
Ward-19,10893,22.7,12.5,0,18,354.6,0
Ward-13,5084,27.5,21.5,1,24,244.03,1
Ward-17,8075,36.4,1.8,0,4,340.44,0
Ward-8,7247,20.0,8.1,0,19,337.27,0
Ward-13,5375,42.3,4.7,1,1,313.47,0
Ward-11,4900,44.7,33.1,1,30,251.95,1
Ward-5,11809,24.6,26.7,1,22,570.94,1
Ward-10,5356,43.4,26.1,1,14,268.23,0
Ward-14,8178,25.5,36.0,1,9,397.64,1
Ward-13,2684,36.8,18.0,0,3,116.47,0
Ward-16,3089,23.0,13.1,1,22,166.73,0
Ward-10,10786,25.7,34.2,1,4,565.62,1
Ward-7,3417,33.0,19.9,0,17,203.32,0
Ward-4,3825,24.2,33.3,0,3,214.51,0
Ward-8,9142,34.6,17.5,0,15,419.64,0
Ward-17,5096,38.8,29.0,0,19,141.16,0
Ward-9,4875,27.5,8.0,0,13,219.7,0
Ward-17,3042,24.1,25.1,1,22,138.09,1
Ward-15,3136,40.8,24.1,1,18,111.12,0
Ward-11,2929,21.0,2.6,0,20,160.14,0
Ward-11,8068,19.0,36.1,0,1,336.82,0
Ward-13,11288,21.2,9.0,0,19,504.19,0
Ward-16,11363,35.4,11.3,1,15,640.69,1
Ward-16,6096,27.3,39.5,1,16,337.15,0
Ward-18,7900,24.0,11.5,0,13,489.07,0
Ward-12,2343,29.7,12.0,0,15,114.33,0
Ward-8,8590,21.4,25.1,0,13,362.94,0
Ward-15,9272,43.7,18.5,1,11,448.56,1
Ward-17,5373,24.6,28.5,0,28,290.11,0
Ward-12,9591,32.8,30.6,1,12,461.57,1
Ward-5,9704,20.9,26.1,1,29,544.57,1
Ward-20,8752,19.4,8.7,0,22,364.16,1
Ward-6,9257,18.6,8.3,0,9,558.1,0
Ward-5,8584,33.5,32.0,0,14,328.85,0
Ward-5,9973,26.5,37.3,0,22,310.85,1
Ward-1,2142,42.8,34.8,1,28,87.3,1
Ward-12,5326,38.1,38.3,1,27,175.26,1
Ward-11,11559,42.4,17.9,1,23,399.66,1
Ward-18,4618,42.3,6.1,1,4,217.02,0
Ward-6,11202,32.9,18.8,1,23,611.01,1
Ward-4,4402,42.5,3.9,0,5,247.22,0
Ward-16,4792,38.7,23.4,1,30,210.03,1
Ward-15,2325,44.2,37.9,1,29,76.85,1
Ward-12,3128,22.8,25.0,1,30,127.58,1
Ward-7,7254,25.9,31.7,0,12,360.78,0
Ward-1,11671,29.3,6.8,1,7,549.18,1
Ward-1,10021,26.6,6.7,0,23,390.77,1
Ward-14,7529,19.1,30.0,1,22,246.05,1
Ward-5,2174,37.8,0.8,1,7,119.41,0
Ward-2,6428,36.8,13.4,1,14,314.53,0
Ward-12,6285,32.9,19.6,1,3,377.51,0
Ward-3,7220,41.3,35.8,0,26,254.92,0
Ward-8,3219,22.8,2.6,0,25,88.03,0
Ward-1,7589,41.5,24.7,0,19,385.07,0
Ward-15,7421,39.2,4.2,0,2,367.38,0
Ward-3,5040,20.5,38.1,0,14,260.21,0
Ward-2,3301,28.4,25.0,0,16,188.32,0
Ward-16,11919,37.1,18.8,0,15,403.95,0
Ward-6,5239,25.1,35.1,0,23,187.13,0
Ward-7,5064,40.9,30.3,0,6,225.32,0
Ward-10,11855,29.1,25.6,0,14,438.69,1
Ward-8,10692,18.2,35.6,1,10,545.29,1
Ward-3,10092,27.3,29.3,1,3,522.78,1
Ward-15,2196,44.4,27.0,1,19,133.28,0
Ward-20,3079,33.4,29.1,1,15,137.89,0
Ward-12,10187,26.1,19.6,0,8,466.78,0
Ward-12,8713,30.6,18.5,1,15,487.03,0
Ward-5,4327,37.9,15.4,0,28,140.58,0
Ward-5,8544,27.9,17.4,0,5,395.66,0
Ward-4,2268,28.6,6.0,1,7,65.2,0
Ward-10,11000,25.5,7.6,1,14,487.65,1
Ward-16,2979,27.5,4.2,1,23,123.55,0
Ward-8,10499,43.5,32.1,1,16,311.37,0
Ward-6,7547,35.0,27.4,1,20,239.17,0
Ward-10,7588,37.6,32.3,0,12,355.27,0
Ward-1,9324,28.0,9.8,1,23,359.89,1
Ward-11,9801,39.2,22.2,1,23,336.27,1
Ward-11,11376,44.2,9.2,0,27,620.56,1
Ward-16,2317,26.5,35.2,1,25,72.69,1
Ward-17,10043,30.5,36.0,1,3,447.81,1
Ward-9,4344,27.8,31.1,1,8,139.55,0
Ward-12,9906,33.2,31.3,1,16,594.18,1
Ward-18,5277,40.3,25.8,0,10,283.84,0
Ward-7,10577,39.6,11.3,1,14,553.74,1
Ward-10,6276,23.5,11.8,0,21,306.39,0
Ward-12,9617,38.9,39.7,1,21,385.01,1
Ward-15,7146,20.9,10.9,1,7,363.93,0
Ward-6,11608,21.5,38.2,0,2,652.52,1
Ward-12,4322,26.5,28.8,0,21,178.92,0
Ward-6,7351,34.6,30.4,1,11,348.01,0
Ward-17,2915,37.5,28.5,1,3,154.11,0
Ward-4,10565,22.4,28.6,0,25,425.44,1
Ward-3,8760,27.3,2.8,1,18,275.79,0
Ward-13,4539,32.8,3.6,0,15,168.34,0
Ward-9,5725,24.5,25.8,0,2,290.06,0
Ward-16,2694,19.1,30.3,0,28,84.73,0
Ward-13,8484,18.5,30.6,1,1,432.84,1
Ward-18,3113,19.1,23.6,0,8,128.1,0
Ward-3,11528,41.8,20.4,0,13,420.88,1
Ward-20,6610,25.2,15.0,1,6,374.01,0
Ward-9,7480,23.3,35.9,1,4,368.43,1
Ward-15,11885,44.1,26.9,1,7,404.12,1
Ward-4,5368,23.4,22.8,1,27,260.69,1
Ward-19,6970,27.7,2.2,0,19,408.98,0
Ward-7,10373,18.6,0.5,0,28,415.09,1
Ward-13,7363,30.4,15.6,0,30,331.93,0
Ward-10,6071,20.1,4.3,0,28,169.81,0
Ward-1,6493,43.1,12.1,1,24,291.83,0
Ward-2,8030,23.8,7.6,1,24,435.08,1
Ward-14,2366,26.0,1.4,0,10,79.32,0
Ward-7,3971,42.8,29.8,0,29,229.11,0
Ward-1,3844,20.3,9.4,1,9,120.45,0
Ward-3,4511,23.8,15.9,1,1,137.66,0
Ward-15,8757,22.7,0.5,0,22,290.04,0
Ward-9,6613,37.4,8.1,1,1,350.09,0
Ward-7,5847,36.6,32.4,0,28,288.48,0
Ward-18,10004,39.4,28.6,0,10,413.3,1
Ward-15,9741,32.7,14.9,1,24,439.08,1
Ward-12,8668,22.7,16.1,1,12,445.48,0
Ward-16,10884,29.0,38.5,0,20,394.7,1
Ward-12,9644,30.2,21.6,0,29,301.94,1
Ward-5,11810,27.2,25.3,0,28,622.87,1
Ward-7,8493,20.2,16.8,0,17,394.18,0
Ward-19,2066,24.9,22.0,0,24,84.43,0
Ward-11,10014,21.2,29.3,1,18,582.82,1
Ward-13,5589,33.6,30.0,0,8,273.2,0
Ward-7,2009,42.1,38.8,0,16,51.86,0
Ward-10,5962,38.4,12.1,0,18,311.08,0
Ward-7,2385,18.4,11.8,0,6,137.99,0
Ward-3,6152,30.2,4.8,1,22,266.85,0
Ward-10,7622,28.5,8.3,1,20,362.64,0
Ward-20,11721,19.1,19.7,0,16,445.26,0
Ward-16,8287,38.3,30.8,1,23,409.8,1
Ward-16,2447,28.3,38.5,0,16,75.6,0
Ward-8,3540,30.3,30.0,0,20,192.07,0
Ward-10,11054,39.0,34.2,0,20,448.2,1
Ward-5,11722,41.3,31.2,1,3,526.75,1
Ward-19,8359,39.6,21.4,0,9,405.56,0
Ward-16,4849,42.4,11.7,0,2,180.95,0
Ward-4,4536,44.2,3.1,1,16,165.46,0
Ward-6,8172,19.2,7.3,1,28,426.43,1
Ward-8,9285,39.8,37.9,0,4,309.63,0
Ward-20,11220,18.6,19.8,1,1,590.96,1
Ward-12,10904,20.9,18.9,1,14,506.31,1
Ward-3,3429,25.1,37.9,1,16,160.93,0
Ward-5,3982,18.7,3.5,0,22,149.33,0
Ward-18,8116,33.0,19.1,0,19,346.49,0
Ward-8,5316,22.0,5.3,1,1,219.19,0
Ward-1,3847,32.2,10.6,0,10,202.5,0
Ward-8,9870,39.6,7.5,1,16,421.82,1
Ward-13,11060,35.1,21.7,0,5,567.45,1
Ward-5,3114,30.9,39.6,0,19,113.89,0
Ward-14,7926,43.3,33.1,1,2,398.4,1
Ward-11,8465,18.7,26.9,1,13,381.64,1
Ward-8,4086,30.9,38.0,1,21,234.87,1
Ward-8,11813,32.1,19.9,0,14,563.65,0
Ward-18,3390,37.0,31.1,0,12,121.14,0
Ward-11,6972,40.6,24.2,1,28,408.01,1
Ward-13,11659,36.8,36.9,0,16,475.33,1
Ward-11,10728,32.0,25.3,1,21,399.01,1
Ward-10,11739,31.9,12.5,1,30,424.14,1
Ward-10,5143,40.3,20.7,1,9,191.96,0
Ward-7,4281,39.7,27.5,0,22,225.04,0
Ward-18,7261,23.5,18.5,0,4,390.71,0
Ward-8,5370,34.1,25.3,1,6,316.42,0
Ward-12,6024,28.6,28.7,1,18,232.61,0
Ward-3,6137,21.4,15.1,1,1,208.84,0
Ward-9,10110,30.3,39.6,1,17,463.38,1
Ward-2,9007,35.0,19.6,0,16,380.86,0
Ward-5,4967,21.3,30.4,0,2,266.34,0
Ward-18,10769,25.2,31.4,1,7,342.38,0
Ward-2,2161,21.0,39.1,1,10,81.91,0
Ward-20,11890,33.4,10.7,1,27,421.93,1
Ward-19,7189,38.6,6.9,1,7,313.2,0
Ward-6,3493,33.4,24.6,1,26,139.57,1
Ward-14,5620,24.5,24.4,0,30,190.05,0
Ward-8,7054,29.8,34.4,1,15,240.79,0
Ward-3,8693,37.2,17.7,1,28,416.4,1
Ward-18,6451,23.5,26.9,1,26,356.59,1
Ward-1,10176,31.7,15.5,1,20,353.79,1
Ward-3,11846,40.6,27.3,0,26,487.67,1
Ward-12,8637,25.4,28.6,0,13,413.48,0
Ward-1,11229,24.6,27.9,1,23,601.95,1
Ward-12,7890,28.3,19.6,1,30,334.59,0
Ward-12,5744,25.3,36.5,1,16,188.33,0
Ward-19,10473,34.2,32.4,0,13,439.16,1
Ward-3,4601,20.5,27.8,0,9,166.25,0
Ward-15,4441,25.9,34.3,1,28,244.43,1
Ward-10,4730,32.1,9.3,0,20,155.48,0
Ward-6,6722,32.8,37.7,0,8,223.58,0
Ward-20,3262,19.8,4.1,0,18,108.51,0
Ward-12,4931,22.1,37.3,0,26,163.44,0
Ward-9,10409,40.0,20.0,0,13,336.34,0
Ward-5,4167,24.5,24.4,1,19,221.41,0
Ward-15,4869,37.2,28.5,0,21,216.28,0
Ward-13,4226,18.0,18.4,1,22,224.42,0
Ward-13,10602,30.6,25.9,1,26,519.39,1
Ward-13,6119,32.1,16.3,1,5,319.59,0
Ward-20,8021,40.7,4.6,1,13,326.04,0
Ward-11,9982,23.4,0.6,1,25,476.54,1
Ward-19,4291,35.5,12.1,0,5,119.92,0
Ward-15,6143,31.1,18.7,1,12,345.44,0
Ward-14,2841,24.6,5.8,0,10,111.13,0
Ward-13,9100,20.1,11.8,1,2,542.72,1
Ward-16,3110,27.5,7.7,0,1,171.7,0
Ward-18,6417,19.6,20.4,1,1,272.19,0
Ward-20,9541,27.4,13.1,1,2,518.99,1
Ward-15,9987,29.7,20.6,0,5,574.25,1
Ward-15,6376,21.9,30.5,0,3,300.31,0
Ward-8,2686,19.2,0.5,0,7,102.04,0
Ward-5,8994,32.8,10.2,0,1,523.75,0
Ward-2,6350,37.6,31.5,0,15,351.46,0
Ward-16,3871,20.2,18.4,1,20,195.55,0
Ward-16,6228,33.6,21.9,1,21,312.15,1
Ward-19,10520,36.4,32.2,0,8,570.15,1
Ward-9,7376,43.4,12.0,1,2,423.97,0
Ward-9,3744,40.2,22.2,0,29,218.29,0
Ward-5,3615,36.8,20.2,1,24,154.48,1
Ward-10,3329,24.5,24.9,0,25,146.8,0
Ward-14,8650,40.0,6.2,1,1,340.93,0
Ward-10,5861,31.1,39.9,1,19,210.67,0
Ward-8,6693,24.6,32.2,1,6,324.6,0
Ward-3,3649,20.2,31.8,0,5,168.33,0
Ward-3,4488,44.8,0.1,0,2,171.96,0
Ward-12,7853,36.0,3.5,0,29,292.57,0
Ward-19,3349,44.7,24.6,0,26,113.18,0
Ward-16,3761,25.2,11.7,0,27,167.51,0
Ward-15,11931,41.0,6.3,0,16,582.57,0
Ward-2,8445,41.0,26.6,1,26,386.06,1
Ward-10,6811,35.6,32.6,1,26,406.23,1
Ward-10,7351,23.7,18.5,0,2,241.56,0
Ward-4,4419,20.9,18.0,0,24,153.12,0
Ward-11,11490,24.5,19.3,1,4,671.96,1
Ward-18,11628,26.2,28.4,1,21,346.9,1
Ward-7,7653,19.8,1.3,1,13,272.33,0
Ward-13,7301,30.1,32.6,1,22,304.6,1
Ward-19,5014,18.2,31.3,1,14,179.46,0
Ward-11,4427,19.1,5.6,1,9,262.14,0
Ward-14,2629,38.8,25.3,1,26,120.85,1
Ward-4,9910,38.8,38.8,0,7,348.46,0
Ward-17,6480,32.3,35.6,0,14,353.28,0
Ward-2,9453,44.0,23.6,1,18,564.53,1
Ward-10,7449,18.5,23.6,0,16,405.54,0
Ward-15,11973,33.4,36.9,0,15,469.93,1
Ward-2,5759,36.0,23.2,1,9,162.68,0
Ward-8,9360,24.5,0.1,0,3,497.06,0
Ward-18,8828,18.4,34.7,1,25,405.86,1
Ward-19,5496,32.4,22.1,0,28,223.17,0
Ward-18,7383,22.8,26.2,0,22,309.77,0
Ward-8,9862,18.6,5.2,1,6,497.25,1
Ward-14,4651,42.5,8.2,0,12,170.42,0
Ward-10,10885,36.7,25.6,0,5,625.82,1
Ward-1,5924,19.8,30.8,1,6,195.92,0
Ward-4,10199,38.7,31.2,1,17,350.05,1
Ward-9,3364,27.6,3.7,0,13,184.13,0
Ward-9,2298,42.6,24.8,0,3,73.81,0
Ward-17,10762,23.2,39.6,1,1,428.26,1
Ward-14,3696,39.8,31.0,1,7,134.3,0
Ward-16,11606,38.2,2.7,0,27,593.46,1
Ward-16,11133,38.8,15.5,1,7,616.03,1
Ward-7,2060,33.4,0.7,1,21,92.72,0
Ward-1,7163,41.3,3.4,0,20,337.39,0
Ward-19,4224,30.8,22.1,1,4,187.21,0
Ward-11,6031,26.4,32.9,1,2,318.48,0
Ward-10,4243,36.8,32.6,0,9,167.04,0
Ward-3,10699,27.8,19.9,1,14,347.52,0
Ward-11,5027,37.2,34.8,0,12,186.89,0
Ward-11,7215,42.0,7.3,0,19,378.95,0
Ward-9,7103,40.7,22.0,0,26,382.39,1
Ward-18,6869,42.5,26.3,0,29,306.48,0
Ward-10,8884,20.5,13.3,0,5,302.8,0
Ward-19,2065,20.9,19.1,1,26,86.0,0
Ward-9,4601,34.0,22.4,0,3,171.55,0
Ward-19,3701,35.0,0.7,0,24,176.43,0
Ward-17,5909,44.7,0.2,1,19,329.19,0
Ward-7,10071,32.8,2.4,0,20,491.31,0
Ward-17,6795,27.3,16.2,1,30,312.52,0
Ward-20,4042,37.1,10.2,1,1,236.05,0
Ward-7,6144,36.7,23.1,0,22,238.62,0
Ward-8,6095,38.1,29.3,1,5,350.4,1
Ward-4,11413,18.1,8.4,0,27,577.3,1
Ward-11,5380,30.1,5.9,0,28,240.01,0
Ward-13,10501,36.4,17.7,0,28,503.36,1
Ward-12,5080,41.5,34.3,0,16,217.87,0
Ward-2,6130,18.1,18.5,0,26,329.76,0
Ward-15,10589,25.8,16.5,1,5,394.79,1
Ward-1,9753,39.2,21.2,1,12,370.27,1
Ward-7,6515,40.7,38.5,1,6,286.86,0
Ward-5,2280,39.1,25.8,1,8,137.95,0
Ward-5,3799,25.2,14.8,1,23,139.71,0
Ward-17,7082,38.2,0.8,0,8,393.5,0
Ward-8,11108,41.1,23.0,0,21,500.01,1
Ward-5,2320,26.8,27.6,1,19,92.59,0
Ward-6,3777,37.8,28.8,1,9,183.05,0
Ward-7,8585,36.1,38.4,1,4,360.38,1
Ward-8,7320,19.2,13.4,1,25,265.9,0
Ward-8,9058,43.9,0.7,0,4,410.8,0
Ward-14,2718,23.5,16.5,0,4,156.1,0
Ward-15,4223,24.0,8.6,1,4,111.8,0
Ward-19,8703,21.2,11.2,1,29,309.31,0
Ward-8,3946,20.5,10.0,0,2,165.81,0
Ward-6,2104,43.0,19.6,0,26,82.34,0
Ward-3,10252,33.7,37.0,1,1,432.88,1
Ward-12,9411,33.0,6.6,0,21,450.43,1
Ward-7,4819,40.2,9.4,0,24,183.6,0
Ward-7,4172,26.0,2.5,1,8,183.85,0
Ward-7,8007,34.9,35.2,1,27,391.33,1
Ward-3,4606,30.8,0.3,1,2,219.21,0
Ward-14,3778,20.3,6.3,0,5,157.77,0
Ward-6,6360,37.3,28.5,1,29,290.39,1
Ward-20,10730,35.8,8.6,1,14,390.78,1
Ward-15,6574,26.5,24.3,0,7,272.28,0
Ward-18,9616,43.0,35.0,0,26,504.87,1
Ward-8,10741,43.6,4.5,1,13,618.47,1
Ward-5,2865,32.0,21.6,0,26,113.14,0
Ward-17,11943,32.7,3.0,0,11,530.16,0
Ward-9,7440,32.8,33.1,0,14,346.2,0
Ward-5,5612,36.9,3.6,0,20,239.72,0
Ward-18,3313,37.9,12.9,0,22,140.74,0
Ward-1,2542,38.7,31.2,0,28,119.21,0
Ward-11,4702,38.5,32.3,0,3,237.33,0
Ward-4,9192,39.2,21.6,1,2,502.85,1
Ward-20,2423,37.4,39.5,1,13,133.34,0
Ward-17,6749,38.3,10.4,0,18,371.04,0
Ward-19,10847,30.9,19.6,0,5,393.12,0
Ward-17,2695,26.5,18.8,1,15,86.94,0
Ward-1,6280,41.9,15.1,1,3,257.14,0
Ward-17,4456,28.9,22.5,0,14,144.41,0
Ward-8,7269,28.0,2.0,1,27,258.27,0
Ward-2,11052,37.3,25.0,0,14,396.9,1
Ward-20,11146,30.4,14.2,0,25,548.62,1
Ward-17,5027,21.4,2.4,0,30,164.94,0
Ward-17,4035,42.0,36.6,0,9,187.12,0
Ward-6,10969,43.6,19.9,0,17,401.59,0
Ward-7,10656,35.5,16.0,0,5,520.48,0
Ward-13,6835,37.6,20.9,1,14,246.9,0
Ward-14,4138,27.9,29.0,1,7,155.49,0
Ward-9,3346,30.5,1.6,1,10,200.55,0
Ward-6,7811,43.5,14.9,1,28,426.47,1
Ward-8,8046,27.2,27.3,1,7,489.37,1
Ward-1,3386,30.7,12.3,1,28,134.13,0
Ward-17,10277,42.7,0.9,0,24,331.56,0
Ward-17,10499,22.8,39.3,1,24,619.9,1
Ward-2,7569,19.0,27.5,0,28,281.42,0
Ward-7,5423,44.2,33.0,0,27,251.78,0
Ward-4,8467,37.7,32.3,0,3,282.03,0
Ward-17,9642,37.5,31.5,0,20,561.1,1
Ward-3,5243,31.3,5.4,1,8,159.72,0
Ward-2,3258,43.8,36.7,1,25,211.39,1
Ward-4,9564,43.9,34.3,0,1,536.8,1
Ward-1,2481,33.8,13.4,1,4,128.85,0
Ward-17,2214,24.6,15.1,1,21,103.66,0
Ward-10,11766,21.2,29.0,1,30,358.91,1
Ward-7,8418,27.9,31.7,0,29,259.62,0
Ward-3,4018,41.5,25.6,1,4,174.57,0
Ward-13,10681,30.9,33.5,0,25,627.67,1
Ward-6,5532,34.4,20.2,0,8,234.26,0
Ward-14,3257,20.5,37.4,1,5,144.78,0
Ward-2,8010,35.0,31.1,1,8,354.44,1
Ward-14,2759,32.0,3.8,0,14,128.07,0
Ward-2,5161,41.6,2.2,0,12,230.69,0
Ward-3,2446,28.4,27.4,0,11,130.89,0
Ward-6,5581,24.9,13.6,0,27,241.4,0
Ward-14,11372,20.9,25.1,1,14,607.25,1
Ward-5,5454,44.6,33.3,1,24,305.84,1
Ward-10,11085,18.1,21.1,1,25,389.03,1
Ward-16,11015,37.9,21.1,1,2,406.3,1
Ward-20,4033,19.4,26.7,1,23,209.18,1
Ward-2,10313,27.9,22.6,0,26,401.88,1
Ward-1,9423,44.8,23.3,0,13,504.71,1
Ward-20,8893,38.7,22.9,1,28,466.88,1
Ward-18,11906,38.5,29.8,1,3,666.59,1
Ward-18,7999,33.6,25.5,0,5,303.36,0
Ward-1,10199,42.0,22.8,0,6,562.78,1
Ward-8,6823,39.1,31.1,1,13,338.54,0
Ward-2,8681,34.8,0.9,1,5,348.79,0
Ward-14,2500,35.3,7.0,0,10,136.91,0
Ward-8,10519,34.4,13.0,1,21,410.56,1
Ward-5,11193,38.4,33.4,1,27,330.61,1
Ward-14,3930,44.5,36.1,1,11,133.61,0
Ward-5,8655,33.9,14.3,0,14,415.0,0
Ward-18,8265,33.5,13.8,0,30,434.15,1
Ward-16,8978,20.7,33.2,0,25,321.73,0
Ward-19,7518,44.5,30.0,1,27,259.53,1
Ward-18,4440,24.5,31.9,1,28,206.04,1
Ward-2,2482,40.5,6.6,0,1,89.03,0
Ward-14,11836,28.5,35.4,0,2,415.73,1
Ward-13,10255,23.5,3.2,0,27,508.84,1
Ward-1,2785,43.5,15.0,0,20,120.92,0
Ward-20,3198,41.2,12.9,1,14,184.68,0
Ward-17,5209,41.5,38.0,1,21,187.92,1
Ward-8,6584,25.3,35.8,1,15,311.43,0
Ward-2,9356,41.9,29.0,1,22,302.66,1
Ward-1,11100,39.6,29.8,1,24,540.22,1
Ward-13,2781,44.5,22.6,0,25,129.23,0
Ward-17,10741,25.1,38.8,0,7,452.05,1
Ward-5,7147,27.7,37.2,0,12,406.82,0
Ward-15,10924,43.0,18.6,0,28,670.47,1
Ward-4,3287,34.3,0.0,0,8,162.12,0
Ward-17,7206,21.6,19.8,1,13,231.13,0
Ward-3,10932,26.0,10.6,0,24,657.79,1
Ward-11,2782,21.8,15.8,0,27,82.36,0
Ward-2,5874,30.2,27.3,0,13,243.44,0
Ward-5,9589,38.0,20.0,0,30,321.92,0
Ward-6,3511,41.7,35.8,0,4,161.95,0
Ward-14,4811,33.5,13.6,1,26,254.13,0
Ward-8,8979,41.4,9.3,0,29,300.96,0
Ward-18,7217,29.0,13.5,1,24,232.9,0
Ward-19,10922,37.4,17.1,0,15,466.83,0
Ward-16,5865,42.3,20.7,0,28,309.98,0
Ward-1,8162,32.6,3.4,0,6,293.66,0
Ward-6,3412,44.8,27.1,1,1,183.49,0
Ward-15,3718,36.5,16.2,0,24,125.72,0
Ward-6,3191,44.5,5.5,1,15,186.2,0
Ward-18,11676,32.4,27.3,0,14,570.33,1
Ward-18,2264,43.7,5.1,0,28,71.75,0
Ward-20,5765,35.9,21.7,1,17,346.48,0
Ward-10,11922,27.1,29.4,0,21,381.58,1
Ward-18,10315,30.4,32.4,0,23,495.75,1
Ward-6,5854,42.2,16.1,1,16,220.8,0
Ward-6,2429,43.2,18.1,1,25,83.11,0
Ward-15,10108,34.5,19.7,0,28,508.97,1
Ward-17,10146,37.4,6.2,0,11,449.32,0
Ward-2,10718,26.6,21.0,1,21,386.43,1
Ward-8,8040,19.4,10.8,0,22,451.42,1
Ward-13,8241,37.6,13.3,1,19,263.62,0
Ward-6,6580,42.3,7.0,1,28,261.38,0
Ward-17,8441,30.4,15.8,0,12,466.97,0
Ward-6,6040,35.1,5.3,1,26,266.77,0
Ward-7,10948,43.9,37.0,0,11,451.85,1
Ward-11,5057,32.4,13.5,1,6,284.1,0
Ward-6,11428,22.6,37.8,0,28,574.71,1
Ward-20,8062,20.8,34.4,0,18,408.5,0
Ward-1,10022,32.0,38.3,1,1,494.27,1
Ward-10,6287,24.1,7.8,0,29,316.49,0
Ward-19,3220,43.0,4.5,1,20,125.25,0
Ward-17,7465,33.7,10.8,0,3,400.15,0
Ward-10,3445,26.8,18.1,1,27,121.51,0
Ward-6,7998,34.7,8.6,1,16,432.6,0
Ward-4,5901,39.6,17.9,1,2,184.7,0
Ward-5,3787,25.7,30.8,0,2,188.9,0
Ward-13,10670,43.6,4.9,1,18,348.65,0
Ward-5,9831,18.2,14.4,0,28,448.91,1
Ward-12,8589,22.4,5.5,1,18,478.53,0
Ward-14,8817,19.6,13.0,1,26,465.58,1
Ward-9,6893,41.3,5.5,1,17,286.17,0
Ward-9,10869,35.1,29.3,1,12,578.51,1
Ward-20,6719,22.8,5.2,0,3,362.45,0
Ward-11,2416,21.7,34.0,0,2,76.06,0
Ward-8,11606,35.5,9.3,0,5,584.97,0
Ward-4,7340,41.4,2.8,0,11,276.4,0
Ward-7,8974,33.0,7.3,0,10,364.91,0
Ward-17,8276,28.4,24.8,1,5,386.33,1
Ward-8,8931,30.1,25.5,1,24,528.04,1
Ward-5,2104,21.5,33.8,0,30,74.77,0
Ward-3,10615,23.9,32.5,0,24,374.49,1
Ward-5,5279,34.4,35.1,0,21,190.36,0
Ward-13,2132,41.9,20.8,1,9,83.43,0
Ward-18,9588,27.3,21.3,1,13,420.32,1
Ward-15,4899,39.2,36.0,1,15,204.0,0
Ward-12,11208,34.9,19.4,1,5,644.01,1
Ward-11,4333,34.7,20.4,1,13,249.09,0
Ward-4,8430,19.4,34.8,1,4,403.15,1
Ward-15,5523,23.4,31.5,0,30,262.52,0
Ward-6,2479,26.8,6.9,0,24,91.85,0
Ward-4,8997,39.6,26.3,0,21,353.87,1
Ward-5,5874,42.2,13.0,1,23,357.7,1
Ward-18,5329,26.6,37.6,1,14,188.39,0
Ward-15,10078,23.9,32.3,1,8,589.96,1
Ward-9,6159,33.6,38.1,1,20,301.63,0
Ward-15,11889,40.3,34.4,1,1,410.27,1
Ward-3,4655,19.5,9.9,1,25,213.15,0
Ward-4,5510,31.2,35.8,1,5,263.44,0
Ward-17,5981,21.5,1.1,0,5,317.65,0
Ward-2,10978,23.1,1.5,0,9,579.52,0
Ward-15,10497,31.6,34.5,1,12,537.91,1
Ward-12,10426,27.6,9.5,1,30,345.34,1
Ward-2,5309,18.5,39.1,0,30,204.32,0
Ward-19,11401,26.7,18.4,1,27,658.38,1
Ward-19,3533,18.6,6.0,0,25,221.9,0
Ward-12,2393,20.5,8.0,1,21,134.55,0
Ward-2,5216,42.6,23.1,1,3,193.15,0
Ward-3,11972,44.1,5.8,0,21,399.44,1
Ward-7,4578,21.2,27.5,1,14,207.82,0
Ward-2,3886,34.4,29.8,0,4,125.83,0
Ward-5,4960,19.1,24.7,0,15,162.75,0
Ward-17,9170,43.2,7.9,0,2,343.57,0
Ward-13,7526,23.6,0.5,0,15,379.28,0
Ward-10,10535,20.8,30.6,1,6,339.18,0
Ward-18,8468,34.9,5.6,1,28,262.86,0
Ward-5,4459,34.1,15.0,0,27,231.64,0
Ward-12,7733,37.5,33.6,0,26,410.36,1
Ward-7,11320,34.1,5.1,1,27,329.29,1
Ward-15,3943,21.8,7.6,1,18,151.6,0
Ward-10,4135,23.7,1.1,0,29,202.42,0
Ward-5,9894,43.1,16.9,1,20,334.12,0
Ward-16,6553,19.6,24.0,0,15,356.47,0
Ward-14,8982,41.3,0.9,0,5,294.8,0
Ward-4,7609,26.6,38.1,0,27,434.09,1
Ward-1,5634,36.9,34.7,0,8,159.61,0
Ward-12,8644,43.8,22.6,1,12,380.53,1
Ward-20,3063,28.0,23.6,1,12,131.82,0
Ward-8,6116,30.9,4.3,1,15,247.57,0
Ward-18,2973,38.8,31.9,0,2,119.92,0
Ward-14,11074,24.2,18.0,1,25,645.13,1
Ward-14,10458,19.2,0.5,0,26,536.4,1
Ward-4,4426,34.0,34.7,0,11,224.84,0
Ward-7,10329,19.1,18.1,0,2,442.18,0
Ward-3,2783,40.0,11.5,1,16,120.6,0
Ward-6,3871,37.0,1.0,1,6,171.03,0
Ward-12,9320,29.5,17.2,1,16,272.72,0
Ward-1,7468,23.4,26.8,0,20,327.14,0
Ward-15,6165,40.6,35.6,1,27,206.62,1
Ward-3,10595,24.5,5.5,1,1,347.24,0
Ward-13,8796,29.5,12.4,1,21,429.59,1
Ward-4,2828,30.1,19.4,1,4,143.87,0
Ward-9,11593,24.4,30.7,0,27,606.72,1
Ward-9,11407,18.1,10.0,0,11,592.35,0
Ward-20,11975,31.5,32.3,1,21,670.34,1
Ward-13,11930,32.3,19.7,0,21,379.74,1
Ward-15,3970,40.0,15.3,1,4,163.32,0
Ward-4,4432,23.8,11.5,0,16,187.41,0
Ward-8,4854,38.6,17.5,0,24,246.55,0
Ward-19,11750,25.8,22.7,0,20,490.33,1
Ward-9,4705,41.9,33.9,0,1,153.44,0
Ward-15,10856,40.8,4.2,1,2,606.02,1
Ward-1,6251,20.6,37.2,0,8,264.87,0
Ward-20,11364,31.8,20.2,1,29,375.38,1
Ward-15,2367,37.7,21.5,1,30,99.2,1
Ward-3,10955,43.1,35.8,1,18,384.4,1
Ward-15,7833,32.1,29.5,0,19,484.85,0
Ward-12,9170,43.2,21.6,0,26,283.77,1
Ward-14,9771,26.6,26.7,0,27,351.04,1
Ward-10,11759,28.9,30.6,0,30,424.09,1
Ward-19,6430,39.4,24.0,1,18,353.26,1
Ward-13,11479,43.5,26.8,1,22,553.86,1
Ward-19,7810,24.2,4.7,0,26,354.92,1
Ward-14,2721,31.3,22.1,0,6,128.39,0
Ward-18,11145,24.1,28.9,1,4,593.23,1
Ward-13,4977,25.9,1.8,1,23,258.22,0
Ward-13,8287,32.8,28.8,1,1,315.12,0
Ward-5,3061,30.0,6.1,1,4,113.66,0
Ward-12,11502,38.5,33.0,1,9,517.3,1
Ward-17,11402,43.9,31.1,1,18,486.8,1
Ward-8,2673,41.8,5.5,1,13,138.27,0
Ward-17,9293,34.3,2.7,0,20,494.6,0
Ward-3,5513,45.0,4.5,0,12,294.23,0
Ward-6,5351,37.3,4.3,0,16,291.84,0
Ward-11,5056,44.5,1.8,1,11,219.83,0
Ward-11,2359,42.6,14.4,1,25,77.93,0
Ward-4,3595,29.6,26.0,0,23,120.17,0
Ward-19,8822,28.9,2.5,1,29,515.81,1
Ward-17,4077,36.9,23.8,0,18,204.79,0
Ward-1,8565,30.5,22.0,0,9,268.24,0
Ward-17,3713,39.3,33.6,0,30,150.4,0
Ward-9,10944,29.4,26.5,0,23,644.35,1
Ward-20,11003,29.9,37.2,1,19,448.89,1
Ward-3,7362,27.2,10.4,1,26,351.03,1
Ward-20,4208,37.5,27.2,0,28,212.13,0
Ward-12,6036,36.8,15.3,0,12,200.59,0
Ward-14,3013,24.1,23.8,1,7,118.41,0
Ward-5,3638,31.9,10.4,1,20,114.65,0
Ward-2,2405,34.0,26.1,1,26,83.17,1
Ward-19,6099,22.8,11.7,1,13,298.79,0
Ward-18,9125,29.6,16.4,1,26,379.52,1
Ward-10,7156,29.4,14.6,1,11,311.24,0
Ward-15,7054,38.7,38.6,0,26,323.13,0
Ward-14,4143,24.5,31.3,1,26,169.81,1
Ward-5,5019,38.8,13.5,1,2,172.2,0
Ward-20,11965,27.4,37.0,0,23,690.48,1
Ward-6,3940,22.7,11.8,1,14,231.32,0
Ward-16,7089,28.8,30.6,0,13,201.73,0
Ward-9,3637,20.5,36.4,1,18,201.63,0
Ward-2,2100,38.5,39.2,0,4,93.55,0
Ward-13,9883,37.2,39.7,0,7,542.72,1
Ward-20,7871,30.0,31.4,0,30,423.33,1
Ward-14,6310,41.0,25.5,1,3,201.62,0
Ward-6,2876,23.5,10.0,1,11,99.78,0
Ward-19,8322,41.4,21.3,1,18,349.89,0
Ward-6,8037,44.6,37.9,0,10,278.82,0
Ward-8,10248,26.8,10.1,1,2,334.89,0
Ward-9,7005,35.6,11.4,1,11,380.41,0
Ward-3,3825,21.8,7.7,1,10,207.67,0
Ward-16,3390,30.2,36.0,1,25,129.26,1
Ward-6,10016,22.6,7.7,1,22,334.39,1
Ward-16,7793,37.3,26.2,0,26,436.03,1
Ward-13,6045,40.3,10.2,0,2,271.24,0
Ward-8,7324,37.4,20.1,0,9,346.03,0
Ward-8,7006,18.3,34.3,0,17,239.61,0
Ward-15,9768,31.6,20.6,0,27,437.13,1
Ward-9,6163,24.9,26.8,1,9,215.45,0
Ward-18,5444,40.1,35.2,0,16,250.46,0
Ward-18,3755,18.4,27.4,1,8,170.09,0
Ward-18,9479,43.9,20.5,1,28,433.05,1
Ward-20,11304,33.6,39.5,0,29,647.45,1
Ward-2,7014,44.8,12.6,0,27,302.25,0
Ward-15,4253,24.9,9.3,0,28,224.52,0
Ward-13,6139,22.7,5.3,0,27,275.76,0
Ward-15,4666,32.1,9.5,0,5,295.98,0
Ward-18,10191,18.8,36.8,0,29,498.29,1
Ward-17,10432,43.0,28.5,0,6,340.35,0
Ward-4,2244,23.0,7.0,0,1,72.44,0
Ward-15,9110,28.2,1.8,0,17,507.1,0
Ward-18,9878,37.3,4.9,0,27,378.81,1
Ward-3,6731,19.7,29.0,1,30,256.17,1
Ward-3,11660,31.8,1.9,1,9,507.16,1
Ward-18,4265,23.3,12.4,1,27,198.39,0
Ward-1,5253,37.8,39.8,1,27,292.67,1
Ward-1,8063,40.1,11.2,1,24,381.7,1
Ward-3,7429,18.5,27.6,1,14,446.34,1
Ward-14,6401,20.5,0.5,1,30,277.97,0
Ward-3,5683,44.6,0.1,1,18,221.67,0
Ward-19,6405,38.9,18.8,0,12,351.09,0
Ward-14,8876,32.8,11.8,0,13,411.25,0
Ward-20,8639,22.3,24.3,0,17,317.17,0
Ward-18,10520,42.2,22.6,1,17,636.04,1
Ward-16,3190,27.8,14.8,1,6,144.2,0
Ward-19,9446,42.2,0.9,0,5,273.17,0
Ward-14,7873,30.3,38.5,0,13,258.77,0
Ward-18,2095,38.5,39.2,1,30,54.51,1
Ward-15,7918,27.1,12.6,0,15,344.77,0
Ward-3,4260,31.2,15.4,0,26,139.01,0
Ward-18,4370,25.6,24.3,1,5,175.31,0
Ward-5,11882,43.5,13.4,0,15,383.78,0
Ward-9,8003,25.2,5.3,1,22,310.04,0
Ward-2,7225,29.7,20.2,0,28,327.08,0
Ward-12,10141,40.4,28.4,0,24,324.66,1
Ward-8,7606,29.1,38.0,1,6,261.83,0
Ward-16,4910,31.6,36.8,1,29,265.02,1
Ward-1,2957,20.4,20.8,0,6,158.5,0
Ward-8,3476,21.7,16.8,1,30,178.07,0
Ward-12,2102,31.0,2.4,1,18,113.63,0
Ward-2,3498,21.1,14.9,0,20,122.17,0
Ward-4,3411,26.5,17.1,0,24,157.33,0
Ward-15,2872,40.2,5.4,0,2,138.38,0
Ward-19,7143,36.4,0.2,1,9,421.65,0
Ward-3,10260,33.5,12.5,1,23,410.43,1
Ward-5,11297,32.1,16.5,0,28,623.3,1
Ward-20,6212,25.5,18.9,0,14,325.74,0
Ward-20,10432,43.0,39.1,0,26,411.78,1
Ward-7,3158,19.0,13.3,0,12,174.69,0
Ward-13,5633,36.5,2.7,1,7,344.4,0
Ward-12,9173,24.9,30.6,0,11,501.03,1
Ward-17,2990,29.0,10.9,1,2,154.47,0
Ward-19,10977,23.9,28.7,1,29,429.64,1
Ward-7,10964,26.2,7.1,0,13,643.81,0
Ward-10,8650,42.7,21.6,1,11,285.92,0
Ward-9,2821,28.6,18.0,1,12,109.84,0
Ward-6,5374,33.2,29.2,0,20,184.18,0
Ward-11,3755,19.1,25.2,1,24,135.36,1
Ward-4,5826,20.7,3.3,0,15,328.57,0
Ward-4,11847,44.6,0.8,1,26,477.93,1
Ward-13,2884,36.5,7.1,0,13,143.4,0
Ward-8,7163,40.1,37.3,0,22,232.98,0
Ward-3,4215,22.9,36.0,1,28,228.52,1
Ward-14,2831,20.1,4.4,0,28,133.36,0
Ward-12,11637,25.0,25.3,1,2,483.79,1
Ward-16,3636,38.7,28.2,0,15,155.96,0
Ward-12,11664,36.2,25.8,0,22,595.34,1
Ward-1,8433,25.8,27.1,0,10,429.0,0
Ward-19,3941,18.1,13.9,0,29,125.42,0
Ward-20,6656,19.7,21.7,0,8,390.93,0
Ward-20,4855,43.9,14.4,0,30,202.78,0
Ward-5,2748,27.8,2.8,0,14,164.67,0
Ward-19,2213,35.4,15.9,1,30,128.63,0
Ward-3,10957,28.4,17.6,1,2,600.36,1
Ward-16,10207,25.2,27.2,0,22,379.5,1
Ward-10,11519,36.9,39.5,0,1,346.16,0
Ward-13,4575,27.0,0.3,0,21,165.45,0
Ward-16,5481,44.6,12.5,0,29,220.18,0
Ward-15,10802,24.9,23.3,0,22,639.05,1
Ward-5,5585,39.3,12.3,0,3,181.6,0
Ward-19,2652,35.4,35.7,0,12,104.48,0
Ward-18,11105,42.7,20.4,0,1,399.73,1
Ward-3,8291,28.6,8.8,0,20,470.7,0
Ward-11,9479,27.0,35.1,1,11,542.56,1
Ward-3,4801,34.0,23.7,1,10,150.01,0
Ward-8,8866,36.1,35.3,0,29,448.93,1
Ward-12,10530,23.0,10.2,1,29,327.52,1
Ward-1,9289,21.1,32.0,0,8,479.58,1
Ward-6,5097,29.6,38.3,0,21,283.54,0
Ward-6,3106,27.5,36.4,0,17,146.11,0
Ward-1,7997,33.3,17.3,0,17,346.06,0
Ward-11,11015,32.9,29.2,1,19,585.77,1
Ward-16,4743,37.0,3.8,0,23,169.15,0
Ward-11,5872,30.9,30.6,0,3,267.62,0
Ward-5,10331,42.5,19.2,0,26,460.97,1
Ward-10,2875,35.7,39.8,0,6,147.63,0
Ward-1,2884,22.8,8.6,1,18,114.61,0
Ward-8,4216,35.9,6.2,1,3,161.06,0
Ward-9,5463,37.7,37.0,0,3,251.1,0
Ward-12,11458,34.3,7.9,0,22,392.33,1
Ward-1,4090,19.0,8.3,0,9,245.52,0
Ward-8,4149,21.5,17.6,1,28,248.09,0
Ward-4,5992,28.1,7.8,0,17,189.99,0
Ward-2,8670,24.8,7.9,0,12,449.93,0
Ward-15,9486,30.4,15.9,0,20,422.76,0
Ward-3,2375,35.6,39.6,0,14,132.41,0
Ward-3,9695,26.1,34.6,0,28,568.95,1
Ward-17,5574,21.2,31.4,1,8,317.72,0
Ward-9,3095,34.7,15.7,0,19,115.13,0
Ward-4,8877,31.1,20.0,1,13,409.44,0
Ward-14,8443,30.4,30.1,0,13,308.29,0
Ward-5,3378,33.4,32.2,1,12,110.71,0
Ward-9,6923,35.7,17.6,1,13,418.56,0
Ward-20,5089,37.4,22.7,1,1,203.0,0
Ward-6,9432,23.1,33.9,1,5,419.08,1
Ward-3,6841,44.2,10.2,1,22,246.59,0
Ward-11,11089,36.8,10.7,0,4,572.62,0
Ward-2,10745,37.8,38.0,0,24,519.4,1
Ward-8,7097,42.5,28.4,1,9,262.27,0
Ward-8,4195,37.4,38.5,1,15,235.91,0
Ward-12,2943,27.8,9.4,0,9,190.07,0
Ward-2,5946,20.1,28.3,1,28,297.6,1
Ward-1,8125,44.5,10.7,1,25,437.79,1
Ward-19,6400,31.5,31.8,1,19,337.55,0
Ward-9,7496,43.6,14.4,0,14,307.13,0
Ward-9,8439,28.4,29.1,1,26,257.61,1
Ward-9,4072,20.1,13.7,1,1,203.91,0
Ward-19,7440,43.0,37.5,1,17,236.41,0
Ward-13,11763,21.9,31.5,1,19,479.53,1
Ward-15,4977,21.0,36.9,0,15,270.27,0
Ward-8,8028,39.0,23.5,0,9,269.48,0
Ward-10,2862,44.9,38.1,0,8,140.21,0
Ward-14,3906,26.1,12.7,1,7,183.59,0
Ward-19,8760,23.9,30.8,0,4,522.59,0
Ward-1,2491,32.4,27.5,0,16,157.87,0
Ward-6,4327,43.2,3.2,1,3,251.01,0
Ward-11,4562,23.6,32.6,1,24,256.84,1
Ward-17,9547,25.0,33.8,1,2,306.37,0
Ward-6,2414,36.7,16.4,1,29,112.06,0
Ward-15,9582,30.2,23.1,1,22,368.1,1
Ward-15,2055,21.0,36.4,0,30,116.71,0
Ward-5,9197,43.2,2.5,1,11,461.33,1
Ward-2,2595,18.7,6.1,0,24,80.18,0
Ward-11,9587,35.9,37.8,0,14,287.27,0
Ward-19,4022,38.8,8.7,1,17,225.69,0
Ward-16,4694,42.5,7.9,0,13,222.51,0
Ward-5,10488,38.9,7.0,0,20,520.57,0
Ward-16,6032,27.3,28.8,1,27,348.97,1
Ward-7,5844,22.0,6.0,1,8,285.53,0
Ward-17,11885,34.4,0.1,1,28,533.18,1
Ward-8,7800,24.1,9.1,1,3,371.58,0
Ward-16,8506,20.5,2.0,1,2,381.26,0
Ward-16,3979,38.6,32.3,0,13,104.54,0
Ward-4,4555,28.7,14.2,0,29,275.32,0
Ward-6,3468,44.0,19.7,1,30,168.13,0
Ward-9,8595,30.9,13.0,1,5,314.46,0
Ward-7,4502,21.8,6.5,0,21,153.69,0
Ward-9,4522,27.3,39.6,0,23,265.95,0
Ward-6,4926,37.8,14.1,0,13,190.37,0
Ward-11,5458,28.0,2.0,1,8,305.57,0
Ward-16,6008,19.8,25.9,0,9,263.48,0
Ward-9,3712,40.3,0.3,1,8,224.76,0
Ward-4,11202,26.7,0.5,0,8,583.41,0
Ward-2,10334,39.2,26.6,0,19,565.71,1
Ward-12,8326,19.7,29.2,1,2,330.14,0
Ward-3,4855,43.3,26.4,1,3,216.82,0
Ward-3,3269,33.3,36.7,1,11,120.75,0
Ward-3,11440,37.5,23.7,0,19,455.27,1
Ward-12,5028,19.6,32.1,0,1,186.48,0
Ward-6,2244,19.9,34.7,1,4,82.94,0
Ward-5,7037,20.0,8.1,0,25,378.6,1
Ward-20,8611,30.5,22.7,1,13,285.91,0
Ward-16,5532,20.0,17.1,1,8,183.3,0
Ward-6,4160,29.8,15.6,0,15,252.32,0
Ward-17,10761,34.8,25.9,1,12,404.91,1
Ward-7,11366,42.3,27.9,1,7,363.96,1
Ward-13,7387,26.3,1.2,1,6,259.07,0
Ward-6,3983,33.8,14.1,0,25,173.51,0
Ward-9,6633,33.2,18.2,1,16,182.36,0
Ward-5,8895,44.1,18.6,1,10,422.72,0
Ward-16,8568,26.0,17.9,1,30,354.24,1
Ward-14,5298,28.4,13.9,0,9,276.62,0
Ward-14,6002,27.5,28.0,1,7,196.4,0
Ward-9,11257,29.5,7.5,1,15,379.72,1
Ward-19,7867,21.7,27.8,0,11,292.39,0
Ward-19,9634,37.4,7.2,1,4,322.14,0
Ward-14,5381,29.5,9.4,0,28,203.72,0
Ward-17,11168,40.7,30.5,1,12,640.71,1
Ward-14,6063,26.1,13.2,1,28,362.73,1
Ward-8,7036,37.1,31.4,1,20,239.46,0
Ward-20,11651,24.6,24.3,1,9,543.07,1
Ward-19,6417,41.7,10.6,0,5,239.47,0
Ward-17,8883,21.5,28.9,0,19,446.1,0
Ward-17,11545,41.2,10.8,0,6,362.55,0
Ward-19,9299,21.5,27.7,0,28,394.26,1
Ward-11,6937,42.3,20.7,0,10,350.66,0
Ward-12,7516,30.8,23.4,0,2,262.31,0
Ward-9,11284,29.7,12.2,0,5,572.39,0
Ward-2,2448,21.8,29.5,1,4,68.05,0
Ward-15,7461,41.2,34.6,1,7,291.36,0
Ward-16,2037,33.0,17.2,0,30,84.9,0
Ward-3,6277,37.1,22.1,0,9,315.19,0
Ward-8,3386,20.0,37.4,1,2,183.35,0
Ward-6,5121,40.4,6.3,0,2,273.24,0
Ward-15,6796,22.9,16.3,0,1,271.83,0
Ward-19,8810,31.6,27.7,1,26,494.68,1
Ward-2,11046,39.4,39.5,1,23,551.58,1
Ward-9,8249,38.3,38.4,0,29,430.2,1
Ward-16,9178,42.0,2.6,1,7,540.99,1
Ward-11,2957,22.2,21.5,1,2,115.81,0
Ward-20,6592,29.4,13.5,1,25,279.25,0
Ward-6,5259,23.4,20.8,0,20,263.29,0
Ward-1,4202,26.9,22.9,0,7,132.23,0
Ward-1,5595,23.3,16.3,1,3,275.98,0
Ward-14,9475,27.9,32.6,1,28,416.62,1
Ward-20,11993,27.4,32.6,0,29,616.0,1
Ward-12,5450,19.5,37.7,0,30,204.51,0
Ward-9,9989,22.6,1.2,1,23,586.43,1
Ward-2,4081,32.6,18.3,0,3,164.56,0
Ward-6,4169,25.9,35.2,0,15,235.81,0
Ward-9,10953,30.5,31.0,0,27,635.71,1
Ward-16,7261,40.3,16.6,0,30,270.73,0
Ward-18,5725,32.5,36.8,0,26,293.29,0
Ward-11,10286,41.5,2.6,0,11,505.46,0
Ward-19,7623,28.4,30.3,1,23,287.23,1
Ward-5,6053,31.1,25.1,1,19,304.36,0
Ward-6,3633,21.5,3.4,0,4,185.49,0
Ward-2,5861,36.8,39.3,1,26,341.85,1
Ward-3,9445,41.1,34.5,1,10,491.8,1
Ward-8,11801,22.1,4.1,1,23,483.62,1
Ward-4,10093,20.8,7.0,1,13,519.4,1
Ward-18,9444,22.9,0.9,1,5,319.24,0
Ward-13,7251,36.5,10.4,1,28,442.3,1
Ward-1,10840,40.0,8.1,1,10,438.51,1
Ward-1,6992,31.6,20.7,1,1,247.43,0
Ward-6,2169,41.2,24.6,1,25,92.07,1
Ward-20,7131,23.1,27.3,1,9,363.55,1
Ward-13,8998,35.1,8.4,1,14,320.28,0
Ward-16,9768,26.6,6.8,1,19,334.79,0
Ward-13,7722,32.7,5.7,0,1,386.1,0
Ward-6,4472,34.0,4.7,1,30,267.32,0
Ward-14,5577,19.1,23.7,1,25,281.81,1
Ward-8,9141,24.6,26.7,0,21,399.35,1
Ward-10,4947,19.2,15.1,1,22,187.45,0
Ward-18,7564,20.6,8.2,0,8,385.9,0
Ward-2,2714,25.4,21.4,0,23,133.65,0
Ward-3,4896,41.0,3.8,0,26,168.05,0
Ward-17,3845,37.2,21.5,1,18,163.45,0
Ward-13,6881,42.1,4.2,0,17,276.12,0
Ward-2,8380,26.4,12.2,0,27,441.81,1
Ward-13,4910,33.4,20.1,1,15,240.54,0
Ward-11,10532,26.8,29.5,1,21,460.72,1
Ward-13,7092,38.9,4.8,1,24,232.12,0
Ward-6,3831,34.5,28.6,1,26,114.58,1
Ward-6,2280,26.3,2.6,1,6,111.52,0
Ward-4,6610,37.8,37.5,0,3,296.31,0
Ward-5,8656,33.9,23.8,1,19,422.89,1
Ward-6,10416,36.9,4.4,0,2,378.3,0
Ward-14,2343,37.9,29.8,0,2,88.12,0
Ward-6,10834,27.1,21.8,0,28,349.21,1
Ward-2,7351,39.9,10.8,0,18,394.47,0
Ward-18,4651,43.0,33.7,0,22,258.83,0
Ward-2,2977,30.2,21.4,1,6,173.03,0
Ward-8,5721,22.8,22.2,0,29,325.68,0
Ward-13,5339,23.8,19.3,0,17,198.58,0
Ward-18,8594,22.8,18.2,0,14,418.78,0
Ward-4,2013,44.3,7.6,0,7,123.42,0
Ward-5,3624,36.2,34.0,0,12,204.76,0
Ward-20,3037,32.3,13.0,0,13,177.2,0
Ward-13,3556,35.6,16.9,1,27,149.02,0
Ward-18,10563,20.7,26.2,1,8,565.84,1
Ward-15,11940,30.0,16.4,1,30,522.86,1
Ward-19,8864,33.6,21.3,0,18,444.14,0
Ward-16,4919,37.8,0.7,0,23,199.98,0
Ward-13,10746,28.4,6.8,1,19,575.31,1
Ward-15,5344,26.3,20.3,0,11,216.7,0
Ward-14,2147,38.6,29.5,0,19,100.81,0
Ward-9,9785,21.9,24.7,1,19,575.89,1
Ward-15,11405,34.7,19.4,0,18,607.95,0
Ward-16,6176,33.1,27.4,1,13,254.52,0
Ward-7,11965,39.7,33.9,0,14,516.36,1
Ward-15,10503,43.5,13.7,1,24,510.66,1
Ward-4,8239,25.9,23.4,0,9,299.25,0
Ward-20,4730,35.9,20.6,1,29,161.9,1
Ward-4,2514,22.4,5.6,1,2,96.93,0
Ward-20,3002,18.5,21.8,1,18,159.47,0
Ward-4,5628,18.0,35.1,0,28,262.89,0
Ward-16,6999,36.0,21.6,0,20,333.85,0
Ward-4,11065,27.4,39.4,0,1,399.94,1
Ward-12,2208,19.3,8.5,1,24,99.25,0
Ward-4,11702,42.0,31.1,1,21,438.88,1
Ward-12,8347,25.9,22.3,0,27,361.81,1
Ward-10,9077,30.1,2.1,1,30,449.43,1
Ward-4,10696,30.7,16.6,0,1,367.14,0
Ward-14,8100,42.0,4.9,0,9,458.42,0
Ward-9,4154,34.2,37.5,1,16,152.52,0
Ward-14,11152,42.4,16.0,1,6,416.77,1
Ward-5,4065,21.2,36.4,1,28,172.82,1
Ward-14,4920,23.0,34.2,0,20,138.2,0
Ward-10,9202,39.4,10.3,1,16,516.87,1
Ward-10,7335,28.1,8.9,1,11,271.54,0
Ward-8,10755,24.1,0.2,0,5,424.55,0
Ward-7,3665,22.5,33.2,0,1,187.2,0
Ward-6,3497,43.1,2.7,1,8,207.36,0
Ward-15,10104,22.2,30.9,0,20,400.99,1
Ward-11,11079,26.8,7.2,1,6,552.65,1
Ward-11,3661,29.0,39.1,1,16,133.64,0
Ward-3,2896,27.1,2.1,0,12,97.39,0
Ward-15,9440,26.3,18.9,1,21,354.93,1
Ward-10,9182,41.6,29.3,1,4,518.76,1
Ward-4,7839,33.7,28.1,1,7,310.2,0
Ward-20,5328,19.0,9.3,0,8,192.24,0
Ward-14,3362,41.6,2.7,0,8,184.97,0
Ward-20,4985,29.5,1.5,1,17,216.55,0
Ward-18,3119,27.5,7.0,1,7,107.56,0
Ward-14,5013,26.5,2.5,0,4,209.57,0
Ward-11,5484,43.0,29.2,1,26,297.56,1
Ward-4,10386,33.2,4.3,1,22,452.33,1
Ward-13,10135,20.4,19.2,1,30,365.85,1
Ward-19,3069,44.6,9.0,1,5,149.2,0
Ward-13,9045,25.1,36.2,0,20,434.21,1
Ward-1,2605,21.0,21.3,1,16,76.64,0
Ward-8,7576,22.4,28.2,1,22,362.12,1
Ward-6,6830,28.5,29.4,1,20,374.83,1
Ward-20,9500,33.7,17.5,1,27,505.52,1
Ward-19,7710,38.4,5.1,0,27,355.47,1
Ward-3,9227,38.1,18.5,0,27,316.07,0
Ward-7,11968,42.5,18.1,0,15,357.33,0
Ward-19,10669,26.1,38.6,1,26,342.35,1
Ward-7,8970,31.4,35.0,1,17,284.59,0
Ward-7,2486,23.7,20.1,1,28,125.6,1
Ward-19,6026,34.5,39.4,0,9,345.13,0
Ward-1,2371,37.9,24.7,0,27,77.35,0
Ward-2,8068,26.5,22.4,1,30,332.72,1
Ward-12,3465,35.0,26.3,0,25,197.44,0
Ward-1,7216,23.3,26.9,0,24,362.5,1
Ward-8,11576,20.2,9.9,0,28,545.42,1
Ward-5,7163,27.4,9.7,1,2,345.83,0
Ward-11,10765,39.5,34.2,0,2,396.92,1
Ward-5,6904,23.7,18.4,1,3,412.03,0
Ward-17,10129,23.6,30.3,0,30,426.21,1
Ward-12,10350,37.5,16.0,0,7,432.12,0
Ward-2,2116,34.9,21.8,1,3,104.98,0
Ward-15,6035,20.3,13.4,1,27,252.44,0
Ward-19,5046,27.6,31.6,0,4,198.72,0
Ward-20,2697,35.8,33.5,0,16,118.52,0
Ward-6,10924,34.1,39.9,1,14,345.82,0
Ward-10,4901,32.1,15.1,1,9,165.32,0
Ward-14,3254,18.9,4.2,1,11,147.76,0
Ward-18,6908,29.1,10.6,1,4,221.78,0
Ward-18,2020,21.7,39.2,0,9,66.04,0
Ward-14,4200,43.2,20.4,0,9,212.91,0
Ward-15,3901,32.3,23.2,1,26,122.64,1
Ward-14,11422,39.5,16.7,1,9,595.29,1
Ward-20,2058,33.4,6.9,1,20,103.79,0
Ward-11,7744,21.0,28.3,1,18,404.39,1
Ward-16,4019,30.2,35.5,0,21,249.5,0
Ward-18,3963,39.3,30.3,1,25,217.75,1
Ward-7,6998,43.6,23.6,0,17,315.46,0
Ward-15,7884,44.0,8.9,0,7,342.68,0
Ward-15,2228,40.4,3.8,0,20,84.2,0
Ward-12,5162,31.8,25.5,1,1,168.82,0
Ward-5,7712,25.1,6.7,0,30,298.18,0
Ward-6,5811,42.1,24.4,1,15,235.13,0
Ward-9,3086,18.5,28.3,1,23,155.51,1
Ward-4,11257,23.8,10.8,0,27,506.74,1
Ward-20,9908,37.3,12.4,0,5,522.12,0
Ward-15,2461,33.9,29.4,1,5,148.11,0
Ward-19,8666,23.5,7.1,0,16,490.62,0
Ward-6,6745,18.4,33.3,0,6,271.49,0
Ward-20,2845,19.0,12.2,1,4,132.64,0
Ward-16,2196,22.0,16.0,0,2,113.49,0
Ward-2,2520,34.1,31.2,0,13,139.69,0
Ward-5,3148,33.4,7.9,0,1,125.48,0
Ward-11,2491,19.6,19.8,0,11,148.64,0
Ward-1,2425,39.6,8.6,1,3,97.68,0
Ward-15,4812,22.3,4.4,1,19,150.69,0
Ward-3,8387,31.4,7.4,0,26,451.49,1
Ward-9,8676,39.4,40.0,0,19,316.1,0
Ward-3,9765,40.5,18.2,1,8,431.53,1
Ward-5,5695,38.5,11.7,0,6,216.16,0
Ward-13,2252,21.9,7.2,1,25,91.29,0
Ward-1,11557,25.3,29.7,1,26,654.17,1
Ward-13,2370,23.6,7.3,1,11,94.73,0
Ward-16,8700,20.1,18.6,1,24,425.25,1
Ward-5,6429,43.6,33.1,1,19,281.51,0
Ward-2,4153,20.9,23.0,0,11,245.06,0
Ward-3,4797,39.7,21.6,1,25,254.4,1
Ward-18,8776,24.9,22.2,1,5,314.77,0
Ward-2,2158,31.5,10.8,1,9,76.24,0
Ward-15,11133,44.4,39.1,0,19,336.52,0
Ward-19,4140,20.3,12.0,0,13,204.2,0
Ward-17,5303,28.6,38.5,0,27,183.53,0
Ward-8,6564,32.6,20.4,1,15,364.48,1
Ward-6,3921,24.0,38.6,1,11,137.4,0
Ward-1,4755,19.8,6.7,1,22,262.51,0
Ward-1,7886,42.4,0.1,0,25,270.55,0
Ward-1,10987,32.0,9.9,1,24,561.19,1
Ward-8,11727,21.0,0.2,0,4,436.76,0
Ward-1,2379,33.7,34.2,0,13,121.54,0
Ward-5,5851,21.7,19.8,1,24,328.44,0
Ward-19,9533,38.0,24.7,1,1,450.26,1
Ward-10,10901,44.7,38.0,1,16,649.59,1
Ward-2,2830,18.6,23.9,1,22,100.89,1
Ward-4,6002,43.7,3.3,0,17,331.68,0
Ward-20,11097,35.4,27.8,1,17,382.96,1
Ward-10,4458,44.3,7.6,1,26,227.61,0
Ward-12,5333,26.7,9.6,1,14,157.65,0
Ward-19,11948,34.1,11.3,1,28,501.07,1
Ward-2,3564,19.6,5.5,0,26,132.61,0
Ward-3,10306,22.1,5.5,0,17,464.2,0
Ward-10,2018,22.0,35.6,0,2,92.71,0
Ward-3,10140,25.1,13.0,0,15,389.89,0
Ward-7,8743,26.4,38.0,0,12,504.16,0
Ward-10,3428,22.3,3.8,0,18,159.24,0
Ward-4,8859,43.3,25.1,1,12,407.26,1
Ward-13,3874,41.9,2.4,0,8,119.72,0
Ward-1,2881,20.3,22.5,0,15,77.51,0
Ward-6,5285,44.6,5.1,1,3,199.18,0
Ward-9,10722,37.3,0.5,1,14,552.34,1
Ward-9,7112,28.3,1.8,1,21,237.05,0
Ward-15,8864,44.7,34.1,1,13,466.37,1
Ward-20,3443,27.0,0.3,1,24,185.13,0
Ward-7,7064,31.3,6.0,0,12,327.12,0
Ward-16,8714,32.4,6.5,1,25,295.14,0
Ward-15,5002,28.6,39.5,1,28,225.2,1
Ward-12,8556,43.7,34.2,1,3,507.02,1
Ward-15,8697,41.0,17.7,1,26,422.53,1
Ward-3,4615,33.6,25.6,1,1,162.5,0
Ward-4,10360,26.2,22.6,1,5,342.35,0
Ward-9,5432,26.3,12.3,1,29,278.51,0
Ward-5,3809,22.1,13.5,1,27,152.69,0
Ward-12,4680,27.6,23.0,0,1,282.97,0
Ward-9,6637,35.4,3.5,0,4,337.13,0
Ward-7,10957,32.9,21.2,1,8,336.29,0
Ward-8,7025,24.1,27.1,1,17,395.14,1
Ward-6,3061,32.3,11.1,1,18,90.17,0
Ward-9,2299,27.4,3.9,0,2,67.94,0
Ward-12,7095,23.3,30.0,0,26,357.31,1
Ward-1,3940,37.1,2.0,1,1,205.16,0
Ward-5,3646,37.3,25.7,1,2,205.49,0
Ward-2,5303,20.8,17.9,0,3,164.36,0
Ward-1,5438,26.0,37.5,0,8,188.18,0
Ward-4,11661,40.2,30.5,1,2,607.13,1
Ward-13,4549,38.5,37.6,0,24,189.65,0
Ward-10,9645,40.2,13.1,1,30,276.9,1
Ward-7,9168,27.2,13.5,0,23,306.78,0
Ward-6,11144,32.3,34.7,1,17,582.15,1
Ward-15,11809,38.5,28.6,1,4,673.46,1
Ward-1,11052,36.6,4.4,1,27,398.58,1
Ward-20,11635,35.1,15.4,1,16,620.95,1
Ward-16,7551,40.6,1.6,1,18,438.08,0
Ward-1,4982,39.6,21.9,1,26,216.74,1
Ward-17,2515,18.4,26.1,1,7,121.09,0
Ward-13,5051,22.4,33.0,1,19,177.03,0
Ward-20,8265,32.9,33.9,1,13,393.98,1
Ward-15,7841,19.8,24.8,0,8,390.51,0
Ward-12,4327,20.4,2.2,0,27,174.51,0
Ward-5,8363,20.0,19.2,0,7,282.33,0
Ward-17,6227,42.1,6.3,0,23,311.05,0
Ward-18,5639,33.6,11.5,1,17,161.27,0
Ward-10,3755,37.9,24.0,0,27,128.72,0
Ward-2,4414,20.7,36.5,1,16,238.27,0
Ward-18,8359,36.9,16.2,0,8,435.65,0
Ward-11,5812,26.4,3.6,0,11,162.08,0
Ward-9,10170,29.4,30.7,0,16,471.68,1
Ward-14,4003,26.6,9.9,1,11,226.07,0
Ward-4,4241,32.7,3.1,1,30,202.2,0
Ward-5,5837,34.0,30.6,1,17,186.84,0
Ward-5,8166,41.1,25.6,1,6,295.94,0
Ward-5,6843,39.2,17.4,1,25,273.74,0
Ward-15,4315,19.0,2.6,0,1,171.53,0
Ward-17,9599,21.3,15.4,1,25,477.09,1
Ward-8,9883,35.9,2.4,0,16,409.94,0
Ward-17,2261,39.0,35.5,1,27,64.84,1
Ward-11,9520,36.1,15.3,0,19,325.32,0
Ward-13,10652,28.9,5.9,1,6,510.27,1
Ward-2,9351,29.2,10.0,0,15,458.72,0
Ward-7,4356,30.9,2.7,0,11,159.83,0
Ward-13,9796,29.3,5.5,0,7,553.6,0
Ward-17,9785,34.4,16.3,0,26,387.57,1
Ward-17,8445,34.0,9.4,0,23,332.94,0
Ward-8,6255,18.2,31.5,0,16,221.91,0
Ward-3,7363,34.1,18.0,1,25,210.52,0
Ward-11,8741,30.2,29.5,1,16,442.36,1
Ward-6,9148,41.0,23.5,0,8,503.63,1
Ward-5,4964,30.9,34.4,0,15,244.64,0
Ward-6,4874,43.5,5.9,0,4,271.01,0
Ward-12,10029,29.5,4.8,1,4,410.41,1
Ward-10,4582,34.7,21.7,0,10,176.43,0
Ward-19,11067,24.3,15.0,0,27,476.2,1
Ward-7,11576,41.1,7.2,0,29,406.38,1
Ward-19,11004,18.4,39.9,1,6,544.89,1
Ward-3,2992,29.4,1.0,0,15,146.94,0
Ward-1,5539,39.8,3.2,0,15,295.15,0
Ward-11,2176,43.4,11.6,0,7,90.75,0
Ward-6,6158,42.8,15.1,0,28,217.97,0
Ward-6,11227,25.5,17.7,0,30,525.41,1
Ward-19,2532,38.0,30.2,1,9,95.82,0
Ward-20,11011,26.8,28.0,0,24,515.17,1
Ward-6,10081,22.9,34.4,0,29,488.49,1
Ward-8,7702,35.6,11.9,1,2,257.26,0
Ward-14,9414,28.7,13.2,0,15,528.27,0
Ward-10,7831,44.4,23.5,1,20,414.33,1
Ward-1,9416,37.5,20.2,1,10,509.75,1
Ward-16,7953,38.3,33.9,0,6,229.64,0
Ward-4,11257,43.9,33.8,0,6,383.69,1
Ward-12,6903,41.8,9.5,0,9,263.63,0
Ward-2,11581,24.1,36.0,1,7,420.27,1
Ward-6,6008,27.7,1.6,1,29,291.01,0
Ward-2,3859,34.7,29.2,1,10,162.52,0
Ward-2,5703,41.1,23.2,1,23,310.07,1
Ward-8,5157,41.6,11.8,0,13,300.59,0
Ward-5,2118,39.9,1.1,0,4,90.2,0
Ward-9,6427,20.4,35.2,0,15,353.27,0
Ward-13,7129,42.5,24.5,0,2,228.8,0
Ward-16,8577,23.3,19.2,1,19,339.35,0
Ward-1,8290,22.9,31.0,1,21,259.93,1
Ward-15,7601,34.8,31.9,0,6,301.26,0
Ward-8,3636,31.0,9.3,1,5,226.27,0
Ward-9,9757,26.6,26.7,1,9,420.74,1
Ward-5,2416,42.0,17.0,1,26,109.09,0
Ward-19,11717,22.3,29.7,1,11,649.75,1
Ward-7,4723,37.0,2.5,0,28,169.11,0
Ward-4,6438,23.7,30.9,0,19,308.7,0
Ward-2,10477,41.0,19.4,1,21,356.85,1
Ward-5,8133,36.7,10.1,0,5,480.91,0
Ward-8,6167,35.0,27.0,0,19,235.48,0
Ward-1,6956,38.8,19.3,0,14,306.79,0
Ward-19,5248,44.0,35.2,0,19,252.59,0
Ward-12,3560,27.7,24.7,0,6,151.8,0
Ward-10,9099,25.4,35.3,1,21,421.77,1
Ward-17,10690,23.2,29.6,0,25,421.02,1
Ward-16,4211,28.9,6.9,1,13,193.59,0
Ward-6,7937,26.2,8.7,1,24,338.41,0
Ward-13,4765,33.0,6.9,1,1,252.21,0
Ward-12,8647,22.5,35.3,1,15,300.5,0
Ward-19,6127,41.8,25.8,0,28,369.37,1
Ward-8,6481,20.4,22.8,0,20,177.19,0
Ward-14,8462,22.6,27.7,0,5,337.93,0
Ward-11,2862,44.0,14.5,0,6,105.03,0
Ward-2,2307,37.4,24.6,0,24,124.82,0
Ward-8,8074,38.6,21.5,0,5,294.51,0
Ward-3,3422,43.6,8.9,0,23,126.07,0
Ward-17,4352,30.5,26.4,1,13,151.68,0
Ward-14,2899,30.8,17.4,0,13,119.79,0
Ward-12,2169,18.4,13.0,1,6,75.02,0
Ward-15,8973,35.8,34.3,0,7,549.26,0
Ward-14,3878,18.3,37.5,1,10,217.84,0
Ward-10,4248,43.3,28.6,1,12,175.3,0
Ward-4,5221,30.4,18.6,1,17,231.37,0
Ward-2,8913,41.2,8.3,1,20,350.5,0
Ward-2,6545,41.8,32.4,1,11,348.89,0
Ward-18,9231,18.5,3.5,1,20,434.93,1
Ward-10,4994,19.1,6.7,0,15,206.77,0
Ward-3,10129,22.5,10.7,1,25,393.59,1
Ward-13,11381,24.9,22.8,0,6,455.72,1
Ward-18,8057,38.1,15.1,0,14,358.58,0
Ward-15,4833,23.3,17.4,1,3,258.81,0
Ward-1,11758,27.2,20.0,1,21,664.41,1
Ward-9,4857,20.5,29.0,0,11,263.53,0
Ward-2,11528,39.1,19.1,0,9,560.23,0
Ward-16,8726,37.9,11.7,1,17,512.99,0
Ward-9,5477,30.3,15.8,1,3,251.46,0
Ward-12,8809,24.9,16.6,1,5,439.33,0
Ward-8,8621,32.9,32.4,0,12,444.39,0
Ward-3,10510,28.1,20.7,0,2,361.34,1
Ward-6,11451,40.8,0.4,1,11,355.79,1
Ward-18,8308,18.6,39.1,1,14,434.03,1
Ward-11,2598,24.2,9.9,1,30,111.42,0
Ward-7,2443,28.7,25.8,0,1,132.04,0
Ward-4,10978,43.2,7.3,0,14,478.78,0
Ward-19,6607,39.0,24.6,1,17,323.7,0
Ward-7,10231,38.5,27.1,0,13,439.62,1
Ward-14,5348,26.2,32.5,1,13,178.06,0
Ward-11,2358,40.8,25.5,0,5,137.12,0
Ward-2,6298,35.5,22.4,0,18,359.56,0
Ward-15,2487,29.0,8.2,0,25,90.33,0
Ward-19,2242,30.8,37.7,0,25,137.13,0
Ward-3,11283,40.0,37.2,1,4,525.42,1
Ward-11,5343,38.9,9.3,0,15,295.39,0
Ward-18,8928,40.2,12.3,1,6,368.05,0
Ward-1,5379,37.4,23.7,0,29,186.27,0
Ward-11,6955,36.6,25.6,0,4,278.55,0
Ward-20,8857,30.1,39.8,0,3,442.42,0
Ward-15,5110,18.1,10.3,0,9,205.36,0
Ward-9,6019,39.9,27.9,0,15,295.89,0
Ward-16,10224,41.2,0.2,1,21,378.74,1
Ward-4,7631,41.8,21.1,0,4,329.87,0
Ward-19,4325,42.3,26.2,0,11,147.52,0
Ward-2,3874,30.9,37.5,0,14,171.23,0
Ward-2,5335,18.8,25.2,0,17,277.23,0
Ward-3,9442,22.3,6.0,0,20,553.2,0
Ward-10,6901,40.7,13.0,0,22,381.45,1
Ward-17,10317,35.8,38.6,0,21,514.97,1
Ward-3,3233,29.3,0.1,0,24,170.94,0
Ward-4,4809,39.6,16.2,0,1,225.91,0
Ward-1,5933,34.9,18.3,0,30,259.87,0
Ward-9,6597,25.3,13.0,1,21,332.42,0
Ward-11,10551,36.4,35.0,0,3,382.51,1
Ward-10,4336,26.1,26.3,1,7,163.87,0
Ward-3,4559,43.8,18.3,0,1,178.13,0
Ward-19,9394,28.9,32.7,0,8,459.7,1
Ward-15,2012,21.6,30.2,0,13,93.35,0
Ward-10,2688,27.5,8.9,1,9,104.23,0
Ward-18,9202,39.3,31.2,1,22,270.27,1
Ward-13,6456,40.7,36.0,0,4,270.58,0
Ward-15,10165,24.7,14.8,1,14,339.29,0
Ward-5,5781,29.6,15.2,1,20,326.72,0
Ward-14,6648,33.8,5.2,1,19,381.01,0
Ward-6,4210,38.2,38.1,0,20,179.92,0
Ward-14,11235,34.7,0.4,1,13,359.69,1
Ward-19,11558,29.0,7.6,1,13,561.95,1
Ward-20,4528,33.9,29.5,0,7,181.51,0
Ward-16,8550,33.0,18.6,1,15,408.09,0
Ward-14,2202,26.1,9.9,0,2,115.3,0
Ward-9,11961,40.0,3.8,0,20,535.83,0
Ward-20,3386,22.2,5.0,0,1,84.69,0
Ward-10,2813,35.6,26.3,1,30,131.66,1
Ward-3,6996,38.0,26.5,0,28,286.97,0
Ward-3,5567,26.1,0.7,1,11,197.87,0
Ward-18,9701,21.6,23.7,1,21,393.12,1
Ward-10,4617,38.0,26.7,0,10,257.54,0
Ward-5,2911,32.0,9.3,0,1,136.51,0
Ward-14,9014,34.4,32.0,1,18,511.38,1
Ward-19,10932,42.9,39.2,0,21,646.7,1
Ward-18,4157,41.7,3.4,1,8,183.13,0
Ward-20,8692,29.0,37.5,1,19,346.86,0
Ward-10,2110,26.4,31.8,1,16,88.04,0
Ward-11,5695,44.0,26.3,1,22,290.57,1
Ward-4,2208,19.4,19.6,0,21,77.32,0
Ward-12,3017,24.1,3.4,0,2,97.12,0
Ward-20,11565,34.1,2.8,0,17,503.37,0
Ward-2,5110,26.1,7.4,1,28,297.04,0
Ward-15,6695,32.8,0.0,1,16,285.22,0
Ward-18,8815,41.4,31.0,1,3,523.93,1
Ward-16,8775,26.7,31.1,0,26,368.66,1
Ward-18,7853,20.4,27.8,0,28,356.27,1
Ward-9,7761,28.4,38.9,0,20,424.67,0
Ward-12,10337,18.0,13.9,0,24,522.36,1
Ward-15,6269,25.3,32.0,1,22,260.95,1
Ward-4,8526,19.3,19.7,1,1,249.17,0
Ward-8,2206,37.4,12.8,1,4,121.28,0
Ward-8,11899,42.9,28.5,0,6,387.62,1
Ward-7,11643,28.3,30.8,0,8,545.35,1
Ward-18,11087,28.8,37.9,0,22,482.18,1
Ward-5,8418,26.7,24.3,1,3,493.0,1
Ward-14,11835,23.6,8.1,0,11,596.27,0
Ward-2,5110,34.3,18.7,1,28,172.78,0
Ward-2,9077,31.2,20.2,1,2,416.41,1
Ward-4,11821,36.9,3.7,1,28,417.16,1
Ward-5,8386,28.2,3.8,1,18,318.62,0
Ward-6,8542,24.5,26.3,0,20,405.71,0
Ward-15,4603,22.0,12.5,1,22,138.15,0
Ward-9,7953,37.2,11.9,0,28,381.15,1
Ward-5,5222,20.2,30.0,1,13,286.43,0
Ward-19,7553,37.7,23.1,1,29,418.36,1
Ward-14,4167,41.6,7.2,1,23,214.92,0
Ward-1,7952,24.3,0.5,1,3,407.11,0
Ward-5,8127,31.1,22.2,1,1,292.02,0
Ward-13,2793,26.9,32.5,1,8,83.1,0
Ward-14,2137,28.0,5.2,0,21,95.35,0
Ward-1,10929,33.9,0.4,0,19,326.96,0
Ward-6,2961,39.7,9.5,0,5,102.17,0
Ward-9,7553,22.3,8.0,1,25,309.36,0
Ward-20,8007,24.2,4.5,0,13,255.15,0
Ward-18,9051,19.2,34.5,1,12,538.49,1
Ward-10,7270,25.0,10.9,0,2,297.57,0
Ward-20,6612,36.7,37.0,0,17,218.62,0
Ward-18,3978,37.4,23.8,1,21,149.61,1
Ward-10,7409,28.7,16.2,0,20,393.64,0
Ward-4,10082,34.6,2.1,1,13,324.89,0
Ward-14,3680,39.9,33.6,1,18,155.01,0
Ward-10,9354,41.3,6.2,1,29,519.85,1
Ward-7,7788,39.6,2.5,1,1,268.43,0
Ward-1,3111,29.9,27.2,0,14,123.48,0
Ward-14,2884,27.4,17.6,0,12,87.9,0
Ward-3,5427,24.6,13.1,1,19,214.4,0
Ward-9,7986,23.8,27.2,1,23,481.25,1
Ward-19,2891,26.6,18.4,0,25,143.48,0
Ward-19,10708,28.7,38.6,1,28,555.28,1
Ward-14,7408,28.5,4.9,0,7,426.6,0
Ward-16,6322,34.9,22.4,1,18,365.73,1
Ward-15,2805,38.8,38.8,1,28,133.28,1
Ward-18,6347,24.6,0.2,0,19,206.77,0
Ward-12,9085,31.2,8.7,0,23,473.04,1
Ward-7,4183,23.7,39.9,1,10,145.44,0
Ward-18,4185,26.7,30.5,1,30,245.04,1
Ward-13,11727,35.6,10.3,1,16,679.81,1
Ward-6,5667,37.5,34.7,0,2,200.68,0
Ward-1,11424,20.5,27.5,0,3,475.34,1
Ward-6,10458,25.5,5.5,1,16,524.95,1
Ward-17,4446,42.0,0.4,1,11,257.22,0
Ward-11,6402,36.6,5.1,1,2,365.47,0
Ward-14,11312,36.6,24.9,0,18,649.91,1
Ward-1,8444,39.3,39.4,0,22,303.45,0
Ward-14,4466,42.7,19.7,1,15,180.8,0
Ward-14,10294,36.9,1.4,1,13,604.79,1
Ward-1,9257,18.1,22.3,0,8,364.19,1
Ward-20,7131,22.6,20.1,1,5,332.14,0
Ward-2,9748,39.4,11.9,0,5,545.8,0
Ward-14,9753,39.1,14.7,0,14,410.77,0
Ward-19,2039,40.7,17.2,0,1,102.53,0
Ward-13,5127,39.7,26.5,1,21,296.46,1
Ward-13,6298,43.5,29.2,1,19,266.15,0
Ward-16,11604,23.6,20.9,0,19,594.28,1
Ward-16,11409,40.6,28.3,0,9,555.44,1
Ward-14,2563,33.9,24.8,1,27,115.67,1
Ward-20,5400,21.9,16.7,1,10,182.34,0
Ward-8,11674,24.9,15.2,0,4,407.11,0
Ward-18,3222,35.8,36.4,1,20,141.84,0
Ward-8,6120,18.4,28.0,0,22,275.95,0
Ward-6,4252,42.6,32.7,1,16,178.92,0
Ward-6,7587,28.7,18.4,1,3,431.43,0
Ward-17,4315,42.5,5.2,1,17,218.64,0
Ward-2,7403,35.7,38.9,1,3,290.23,0
Ward-3,5275,36.8,10.2,1,13,216.57,0
Ward-19,11821,32.5,34.8,1,13,370.5,1
Ward-17,9018,36.5,24.9,1,7,511.25,1
Ward-1,9287,22.2,15.8,0,2,494.85,0
Ward-5,8835,20.3,16.0,0,4,370.28,0
Ward-11,9366,36.5,16.3,1,11,438.33,1
Ward-13,7283,26.9,30.3,1,12,258.95,0
Ward-9,9704,29.6,0.2,0,13,437.1,0
Ward-14,10699,41.1,11.6,0,12,339.16,0
Ward-9,7326,20.9,7.0,1,28,269.02,0
Ward-17,11645,34.5,37.3,0,5,642.74,1
Ward-7,10671,29.0,21.4,1,1,473.55,1
Ward-11,9699,41.4,29.2,1,1,566.14,1
Ward-2,6887,39.9,10.7,0,17,321.89,0
Ward-2,7452,37.7,21.6,0,1,454.42,0
Ward-9,3133,23.7,26.7,0,19,171.9,0
Ward-20,9792,34.1,34.7,1,5,534.19,1
Ward-5,11097,25.3,8.4,1,20,403.42,1
Ward-11,2692,30.5,14.2,1,25,128.56,0
Ward-17,2232,33.5,19.9,0,19,64.53,0
Ward-11,11576,40.4,30.5,0,5,573.03,1
Ward-6,6111,25.3,26.0,0,26,209.7,0
Ward-17,11838,44.3,5.6,1,20,634.7,1
Ward-7,7114,22.1,9.1,1,22,302.99,0
Ward-14,9541,27.8,14.6,0,22,375.15,1
Ward-14,6379,44.8,27.5,0,7,192.96,0
Ward-5,11934,26.6,25.7,1,23,559.65,1
Ward-4,11347,29.3,9.8,0,6,668.15,0
Ward-12,10988,28.2,24.9,1,6,494.57,1
Ward-10,10459,23.7,34.0,1,7,528.7,1
Ward-6,11672,23.8,38.7,0,12,394.95,1
Ward-3,9679,32.6,6.0,0,29,395.61,1
Ward-11,11226,26.4,24.9,0,30,464.48,1
Ward-5,9539,37.6,8.8,1,4,415.14,1
Ward-19,2441,44.5,35.4,0,16,125.9,0
Ward-2,9019,26.5,10.9,1,2,454.24,1
Ward-15,9317,33.7,28.1,0,21,497.45,1
Ward-11,7142,23.5,21.0,0,27,299.6,0
Ward-17,3086,27.5,2.6,1,20,101.2,0
Ward-12,10354,44.7,30.5,1,6,438.41,1
Ward-17,6318,32.9,17.7,0,17,180.09,0
Ward-1,9847,28.8,6.0,1,22,312.12,1
Ward-20,2456,35.1,13.3,0,18,140.28,0
Ward-5,11290,35.5,21.6,1,28,571.27,1
Ward-17,4192,40.0,1.1,1,1,236.4,0
Ward-20,2600,41.6,1.9,0,8,101.39,0
Ward-18,4358,28.5,24.3,0,8,174.94,0
Ward-14,6977,34.4,18.2,0,8,340.5,0
Ward-16,7372,30.4,24.6,0,7,303.6,0
Ward-1,9976,29.9,29.6,0,27,556.27,1
Ward-7,3640,26.7,13.6,0,22,194.11,0
Ward-2,7856,21.4,3.7,1,20,393.0,0
Ward-8,10463,25.4,32.9,1,2,430.84,1
Ward-18,5428,20.8,3.1,0,10,325.44,0
Ward-4,4496,43.3,39.1,1,28,137.54,1
Ward-15,3865,26.8,30.0,0,24,125.85,0
Ward-15,9313,32.5,34.9,0,8,449.97,1
Ward-9,7851,29.5,11.7,1,16,362.58,0
Ward-8,8934,37.6,17.1,1,27,271.1,0
Ward-5,7231,31.0,30.3,0,28,246.04,0
Ward-16,7997,30.2,36.7,0,22,329.45,0
Ward-13,11167,38.9,8.3,0,5,507.82,0
Ward-18,8034,42.9,26.5,0,27,282.68,0
Ward-3,8158,41.1,29.5,0,18,339.21,0
Ward-18,6054,33.7,31.9,0,15,338.96,0
Ward-13,9715,37.1,15.6,0,12,510.89,0
Ward-18,6643,35.6,36.9,1,9,363.84,1
Ward-20,3882,29.5,17.7,1,1,242.8,0
Ward-3,10415,35.9,16.2,0,21,564.54,1
Ward-4,5734,39.3,12.0,1,22,262.47,0
Ward-2,11679,24.9,22.5,1,26,488.98,1
Ward-5,11690,39.9,34.4,1,10,603.6,1
Ward-7,2469,39.9,17.0,1,30,132.56,0
Ward-19,8299,37.1,7.5,0,14,341.25,0
Ward-20,8185,44.7,16.6,0,1,272.35,0
Ward-13,5940,25.5,32.5,0,5,333.12,0
Ward-5,5607,25.3,23.5,0,3,307.89,0
Ward-15,8936,33.0,35.6,1,12,414.18,1
Ward-16,9411,34.6,13.1,1,9,497.03,1
Ward-10,2440,34.7,8.5,1,3,120.78,0
Ward-12,9115,41.8,5.6,1,27,289.8,1
Ward-8,10021,38.3,15.2,0,19,486.38,0
Ward-13,7486,27.6,30.3,0,16,373.51,0
Ward-9,3518,26.1,1.8,0,30,207.84,0
Ward-18,7298,18.1,7.2,1,11,241.73,0
Ward-7,6441,39.0,37.0,1,29,298.62,1
Ward-6,10739,42.6,9.1,0,10,462.86,0
Ward-8,3083,24.8,14.4,1,24,144.18,0
Ward-16,6790,33.7,7.9,1,3,234.88,0
Ward-19,9503,32.2,18.7,1,7,318.2,0
Ward-1,6743,18.4,12.9,0,15,299.95,0
Ward-4,10418,23.2,27.9,1,17,312.66,0
Ward-18,9871,44.1,3.4,0,19,304.78,0
Ward-3,6098,24.2,19.3,1,6,316.24,0
Ward-1,9960,39.6,3.1,1,4,319.2,0
Ward-17,7244,29.4,5.2,1,27,234.5,0
Ward-1,4339,41.3,32.9,0,8,259.37,0
Ward-12,6313,22.8,29.7,0,13,183.07,0
Ward-2,5031,43.9,17.3,1,21,248.69,0
Ward-1,7348,42.7,5.5,1,24,233.08,0
Ward-5,2447,28.9,19.2,0,11,71.73,0
Ward-19,11279,21.8,3.8,1,14,628.71,1
Ward-17,4304,21.5,34.1,1,2,125.97,0
Ward-19,4137,23.0,7.0,1,13,122.57,0
Ward-20,2759,41.0,4.6,0,9,115.35,0
Ward-19,3655,23.2,25.7,1,6,184.56,0
Ward-4,5517,22.3,29.3,1,11,299.75,0
Ward-10,7460,21.4,12.2,1,10,388.61,0
Ward-15,9015,39.4,6.9,1,14,309.69,0
Ward-2,11557,43.7,9.9,1,21,584.02,1
Ward-8,6533,35.9,22.0,1,6,331.08,0
Ward-12,8631,40.5,3.7,0,13,509.33,0
Ward-11,11219,40.9,10.7,1,6,450.86,1
Ward-17,2992,34.7,16.7,1,4,125.0,0
Ward-12,5590,24.7,34.0,1,6,213.75,0
Ward-9,8452,29.7,12.7,0,11,309.62,0
Ward-14,4085,38.6,35.2,1,24,144.75,1
Ward-13,10091,42.9,6.0,0,11,432.74,0
Ward-15,8854,43.7,29.8,0,11,355.33,0
Ward-10,8730,32.8,20.0,1,8,418.09,0
Ward-4,8443,37.7,5.9,1,19,419.76,0
Ward-18,3264,29.2,14.2,0,22,173.92,0
Ward-13,10442,35.7,27.8,0,1,389.84,1
Ward-7,9765,21.5,2.4,0,25,516.29,1
Ward-4,6487,32.5,16.9,1,18,351.27,0
Ward-5,8334,37.8,23.0,0,5,514.0,0
Ward-13,5218,34.0,11.9,1,13,191.03,0
Ward-5,11472,44.8,25.3,1,27,579.72,1
Ward-13,5360,42.8,7.7,0,15,200.33,0
Ward-19,6924,18.3,15.8,1,17,366.75,0
Ward-4,4974,35.3,28.1,1,23,191.22,1
Ward-20,8717,30.2,26.9,1,22,482.96,1
Ward-11,5615,34.2,1.3,1,4,208.46,0
Ward-19,2451,21.1,31.0,0,19,127.02,0
Ward-2,3332,23.3,9.3,1,7,154.2,0
Ward-16,5360,43.8,10.9,0,10,170.67,0
Ward-9,3451,37.7,38.2,1,16,147.21,0
Ward-9,10919,20.5,16.0,1,19,545.56,1
Ward-3,2408,19.3,12.5,0,29,124.13,0
Ward-18,8835,41.0,37.0,1,30,390.63,1
Ward-3,11866,19.1,11.7,0,28,620.29,1
Ward-11,6953,32.9,35.5,0,7,258.17,0
Ward-2,9832,33.3,26.9,1,27,575.66,1
Ward-7,10905,28.3,3.2,1,4,622.28,1
Ward-16,3900,23.5,5.4,0,19,213.82,0
Ward-1,4217,26.2,18.6,0,6,250.14,0
Ward-3,6740,20.5,5.3,1,28,322.68,0
Ward-16,3230,38.9,24.3,1,16,173.92,0
Ward-13,6826,41.2,7.5,0,8,336.81,0
Ward-2,10180,26.1,38.8,1,4,564.31,1
Ward-6,6087,35.3,4.8,1,29,199.75,0
Ward-3,7497,23.9,2.1,1,22,249.3,0
Ward-18,6149,40.0,13.5,1,6,324.11,0
Ward-10,3229,18.1,25.3,1,16,149.28,0
Ward-15,11564,32.7,28.2,1,17,545.69,1
Ward-14,8396,34.3,20.3,0,2,243.83,0
Ward-11,9089,30.2,37.6,1,7,383.5,1
Ward-10,4386,41.0,7.4,0,15,148.28,0
Ward-12,8637,27.9,10.4,0,16,246.67,0
Ward-10,6496,21.0,8.9,1,17,339.66,0
Ward-6,6270,19.1,28.0,1,25,355.17,1
Ward-1,8747,29.0,24.0,1,26,461.2,1
Ward-18,4305,18.2,16.3,0,17,207.02,0
Ward-6,4293,24.2,22.1,0,6,191.76,0
Ward-18,6550,30.7,34.7,0,12,396.63,0
Ward-10,2523,18.0,3.7,1,15,106.14,0
Ward-12,3667,37.0,37.4,1,22,127.4,1
Ward-11,5182,26.6,31.2,1,30,188.74,1
Ward-17,11700,21.5,33.0,1,10,400.31,1
Ward-12,10017,33.0,1.6,1,17,357.82,1
Ward-18,2281,41.0,0.9,1,4,127.4,0
Ward-11,5974,26.1,24.5,0,26,326.24,0
Ward-4,6303,25.8,22.2,1,10,332.8,0
Ward-18,2596,22.7,25.7,0,1,118.15,0
Ward-16,11162,35.3,38.7,0,15,532.74,1
Ward-5,3594,24.0,26.4,1,9,224.37,0
Ward-13,11769,33.5,12.8,1,18,460.95,1
Ward-16,8096,34.0,12.2,0,18,414.82,0
Ward-1,8866,34.3,17.2,0,23,361.01,1
Ward-17,11957,39.6,17.2,1,3,615.35,1
Ward-14,9531,24.5,18.1,1,12,394.63,1
Ward-13,7215,21.9,16.6,0,14,342.91,0
Ward-19,11041,19.6,14.3,0,17,423.25,0
Ward-13,4633,35.3,34.0,1,9,191.82,0
Ward-16,4954,26.7,35.1,0,18,177.9,0
Ward-5,6104,22.7,12.1,0,25,172.16,0
Ward-5,7043,21.0,13.2,0,28,279.77,0
Ward-18,7538,26.5,11.3,0,13,265.47,0
Ward-13,2244,22.4,6.6,1,2,93.94,0
Ward-8,4365,34.8,13.5,1,12,143.58,0
Ward-3,7278,35.3,36.9,0,17,284.65,0
Ward-1,4290,34.3,15.7,0,15,148.44,0
Ward-6,11834,21.7,5.2,1,3,501.27,1
Ward-6,3953,27.7,9.6,0,29,170.92,0
Ward-16,2081,28.7,39.4,1,25,53.11,1
Ward-8,11607,22.2,1.8,1,1,394.41,1
Ward-4,11585,19.3,23.1,0,7,466.45,1
Ward-20,9982,20.3,2.5,0,21,314.3,0
Ward-11,9049,20.7,5.8,1,13,472.8,1
Ward-16,3048,31.9,14.7,1,1,161.1,0
Ward-20,4336,24.1,11.4,1,24,223.33,0
Ward-8,3357,44.0,26.0,1,15,194.34,0
Ward-3,6667,27.0,11.6,1,27,229.54,0
Ward-4,6844,43.5,14.1,0,30,219.86,0
Ward-16,9010,44.2,28.5,1,2,369.8,1
Ward-14,3096,21.4,31.4,0,18,108.93,0
Ward-11,9811,32.8,16.3,0,26,489.04,1
Ward-5,6028,19.9,4.6,1,21,296.87,0
Ward-1,8330,35.0,19.1,1,7,319.11,0
Ward-7,9967,21.3,14.2,0,3,553.99,0
Ward-17,6660,35.5,14.7,0,30,282.62,0
Ward-5,11933,26.4,0.9,0,24,458.85,1
Ward-8,11335,38.3,22.6,0,28,430.67,1
Ward-7,4346,25.0,13.8,1,13,195.32,0
Ward-16,10771,37.3,4.1,0,26,540.34,1
Ward-19,3172,41.8,13.6,0,30,126.65,0
Ward-4,6502,36.0,1.2,1,26,271.95,0
Ward-13,6797,23.0,17.8,0,28,367.42,1
Ward-5,9992,22.9,11.2,1,8,604.58,1
Ward-16,7987,36.2,12.6,1,20,348.48,0
Ward-17,9230,31.8,23.5,0,6,366.15,1
Ward-10,8022,40.4,0.9,1,21,254.13,0
Ward-14,11479,21.5,22.7,1,13,521.56,1
Ward-4,4342,40.1,2.2,1,25,144.61,0
Ward-14,10064,22.8,37.8,1,23,306.13,1
Ward-7,6217,36.5,10.8,0,3,195.35,0
Ward-14,8082,42.3,7.4,0,10,457.43,0
Ward-1,6700,42.6,38.9,1,28,372.26,1
Ward-17,6772,36.8,2.1,0,7,254.36,0
Ward-5,3533,25.9,22.2,0,25,129.54,0
Ward-5,2919,43.0,27.9,1,11,110.08,0
Ward-16,8556,38.7,17.8,1,7,349.94,0
Ward-5,10523,29.5,0.2,0,5,607.55,0
Ward-1,2802,42.1,28.8,1,17,146.3,0
Ward-9,10898,23.5,39.7,0,14,611.58,1
Ward-13,2375,43.6,20.4,1,16,128.34,0
Ward-7,8245,18.2,13.4,1,20,489.88,0
Ward-20,4180,18.6,39.4,1,9,210.02,0
Ward-4,5076,21.9,24.9,0,30,226.76,0
Ward-2,2014,20.1,36.0,1,13,60.85,0
Ward-17,2983,32.6,2.0,0,10,95.06,0
Ward-10,3006,25.3,2.6,1,13,164.36,0
Ward-7,7409,23.2,25.4,0,9,325.44,0
Ward-10,9505,26.6,20.2,0,2,443.7,1
Ward-13,10459,43.1,15.3,1,4,479.22,1
Ward-18,6296,19.0,38.5,0,5,368.33,0
Ward-4,8632,42.2,21.1,0,16,438.12,0
Ward-4,7993,31.9,15.6,1,4,263.07,0
Ward-13,9185,27.6,29.4,0,22,326.99,1
Ward-16,2682,37.4,34.6,1,18,84.73,0
Ward-12,10832,19.8,13.9,1,15,556.07,1
Ward-8,7975,43.7,39.5,0,10,273.35,0
Ward-5,3544,30.6,31.1,1,11,148.47,0
Ward-11,10837,40.0,37.2,1,18,497.51,1
Ward-1,5316,18.2,31.5,1,7,197.64,0
Ward-6,9847,38.4,17.2,0,9,394.47,0
Ward-2,4696,26.6,35.0,1,10,219.69,0
Ward-1,10918,30.6,7.6,0,18,644.55,0
Ward-5,2130,35.3,30.6,0,18,132.96,0
Ward-16,9784,30.7,36.8,0,4,551.52,1
Ward-5,7227,21.5,29.3,1,7,221.15,0
Ward-1,9251,42.5,5.9,0,27,331.12,0
Ward-5,5169,26.0,11.6,0,29,242.25,0
Ward-16,9324,44.6,3.8,1,30,316.56,1
Ward-16,3774,28.2,28.4,1,12,196.72,0
Ward-15,8663,26.0,24.3,1,17,469.81,1
Ward-9,2263,18.5,28.5,0,6,145.03,0
Ward-5,8223,36.4,14.6,1,20,303.88,0
Ward-5,3445,33.6,30.4,0,20,174.39,0
Ward-12,6661,30.9,9.7,0,25,222.33,0
Ward-19,3872,20.2,37.8,0,24,179.47,0
Ward-13,4480,29.3,1.2,0,5,190.76,0
Ward-7,6286,40.8,36.4,1,28,307.64,1
Ward-8,7220,25.8,20.0,0,12,306.74,0
Ward-6,3766,25.7,16.1,0,27,131.17,0
Ward-17,8769,44.6,15.5,1,22,494.37,1
Ward-1,5402,20.5,39.8,1,23,190.84,1
Ward-14,7977,21.9,20.7,1,13,358.79,1
Ward-19,4727,44.7,19.9,0,10,154.61,0
Ward-5,2340,32.7,26.6,0,10,112.07,0
Ward-1,7236,20.3,1.0,1,9,248.06,0
Ward-4,8564,43.8,8.1,0,29,431.64,1
Ward-8,7247,42.3,33.8,0,13,357.99,0
Ward-7,2210,20.4,2.3,0,19,82.61,0
Ward-19,5846,19.8,17.7,0,24,193.62,0
Ward-18,2734,22.7,25.7,0,11,130.5,0
Ward-11,10908,41.8,24.0,0,20,555.59,1
Ward-8,2808,42.9,28.3,1,14,109.71,0
Ward-14,8453,22.6,36.6,0,17,436.93,0
Ward-5,9030,32.0,14.0,1,25,403.1,1
Ward-9,9503,40.9,34.9,0,3,582.86,1
Ward-3,2595,44.4,27.2,0,22,128.33,0
Ward-20,9088,31.4,8.1,1,20,429.16,1
Ward-4,11137,33.8,5.0,1,5,561.31,1
Ward-16,8687,37.8,14.2,0,25,446.68,1
Ward-16,8998,30.9,34.7,1,16,393.33,1
Ward-17,10891,39.9,8.7,0,14,520.96,0
Ward-12,2402,20.4,26.2,0,15,125.54,0
Ward-6,5015,29.5,17.4,0,19,243.44,0
Ward-13,3402,43.6,39.6,1,6,137.84,0
Ward-20,10810,44.1,0.0,1,19,525.94,1
Ward-19,10772,20.9,12.9,1,16,470.74,1
Ward-20,10126,28.3,1.0,0,30,491.38,1
Ward-18,2403,26.6,37.0,1,4,112.2,0
Ward-13,7401,31.0,23.3,0,27,271.2,0
Ward-12,8495,27.5,3.7,1,3,433.73,0
Ward-10,10611,29.6,2.2,1,25,340.94,1
Ward-6,6290,25.3,28.2,0,17,370.01,0
Ward-16,7727,35.3,39.7,0,21,221.32,0
Ward-7,2295,21.3,29.2,0,11,95.03,0
Ward-17,8413,40.6,1.4,1,6,415.42,0
Ward-13,11842,27.3,39.8,0,8,653.9,1
Ward-7,3950,35.1,0.6,0,29,134.76,0
Ward-16,5204,18.5,5.4,1,26,178.49,0
Ward-14,4275,25.0,32.2,1,12,176.74,0
Ward-10,2407,36.8,13.1,0,26,109.65,0
Ward-13,11790,27.9,16.3,1,9,366.5,1
Ward-16,5412,27.8,12.2,1,8,212.64,0
Ward-9,8239,35.7,35.9,1,12,476.98,1
Ward-9,10301,23.4,11.9,0,22,593.58,1
Ward-18,9028,35.0,34.2,1,7,384.1,1
Ward-10,10480,26.5,6.2,1,16,427.97,1
Ward-17,11977,25.8,6.4,1,25,650.69,1
Ward-9,6927,24.6,39.0,1,20,365.97,1
Ward-2,7833,18.6,29.0,1,11,417.36,1
Ward-2,11762,22.7,10.8,1,6,591.77,1
Ward-15,5228,25.6,36.7,0,19,162.7,0
Ward-8,10028,42.5,33.8,1,9,508.74,1
Ward-1,5959,33.2,1.1,1,5,258.38,0
Ward-4,7805,19.0,5.3,0,10,447.46,0
Ward-6,11213,20.5,8.4,0,29,374.52,1
Ward-20,6338,38.8,27.5,0,27,232.35,0
Ward-11,5081,20.1,28.9,0,4,180.38,0
Ward-19,2478,25.4,34.8,1,12,86.5,0
Ward-9,4441,32.9,33.6,1,29,164.35,1
Ward-4,2837,32.1,19.8,0,18,139.96,0
Ward-10,7606,43.8,10.4,1,2,423.26,0
Ward-3,11578,24.3,3.8,1,22,652.78,1
Ward-12,7122,38.4,8.8,1,23,230.93,0
Ward-5,9764,23.0,33.8,1,15,349.13,0
Ward-13,3564,44.9,5.6,0,22,139.89,0
Ward-14,4732,38.5,10.3,0,6,230.04,0
Ward-9,10613,21.2,39.0,1,13,372.83,1
Ward-2,8945,33.4,3.4,1,8,287.53,0
Ward-20,11792,27.1,3.0,1,2,445.0,1
Ward-11,11669,32.6,36.7,0,30,596.07,1
Ward-15,5728,36.3,4.0,0,25,220.11,0
Ward-17,11110,32.3,1.5,1,28,651.49,1
Ward-5,2936,21.9,24.3,0,13,96.16,0
Ward-5,11059,22.7,28.9,0,8,415.34,1
Ward-12,9234,28.2,7.4,0,4,467.73,0
Ward-1,6673,35.0,7.8,0,17,358.64,0
Ward-10,6075,29.8,24.6,0,30,342.7,0
Ward-6,11588,31.1,4.7,0,11,339.02,0
Ward-19,3879,43.6,37.4,0,13,239.88,0
Ward-3,9404,23.8,6.5,0,27,410.1,1
Ward-3,2877,37.7,19.6,0,6,96.76,0
Ward-13,11293,42.3,31.5,1,7,566.37,1
Ward-16,3866,38.9,14.4,1,16,121.83,0
Ward-12,11746,38.0,33.6,0,12,638.88,1
Ward-9,7206,19.4,32.4,0,1,250.33,0
Ward-17,5998,33.1,22.2,0,29,235.88,0
Ward-12,2905,22.6,12.6,1,15,135.38,0
Ward-2,6459,18.2,31.2,0,9,280.44,0
Ward-12,6875,34.9,21.5,0,8,370.61,0
Ward-4,2731,20.0,9.7,0,15,78.0,0
Ward-11,3640,24.6,11.2,0,4,155.16,0
Ward-1,3614,24.3,26.3,0,12,181.69,0
Ward-18,5227,36.5,3.1,1,17,187.06,0
Ward-14,5641,29.2,0.4,0,21,327.19,0
Ward-8,8232,34.2,18.6,1,21,366.29,1
Ward-2,2700,18.6,5.2,1,23,150.32,0
Ward-16,2144,30.3,17.3,1,18,99.58,0
Ward-18,11939,26.7,7.2,1,1,530.91,1
Ward-4,11570,38.3,24.9,1,12,431.72,1
Ward-20,9743,21.8,15.8,1,13,536.76,1
Ward-15,9008,31.5,9.5,1,24,439.83,1
Ward-17,10199,29.2,5.7,1,8,480.89,1
Ward-5,8581,38.7,15.3,1,18,294.76,0
Ward-12,10100,23.6,3.9,1,24,409.52,1
Ward-6,4290,23.9,26.2,1,22,160.46,1
Ward-10,8405,41.9,7.0,1,7,415.63,0
Ward-4,3173,39.7,16.6,0,22,128.62,0
Ward-4,8137,23.0,20.5,0,20,342.24,0
Ward-14,5394,42.0,16.6,1,1,293.56,0
Ward-13,10825,44.4,15.5,1,30,326.94,1
Ward-18,5790,18.1,11.1,0,16,309.14,0
Ward-8,8579,37.7,27.6,0,25,365.06,1
Ward-5,11729,21.1,25.8,1,30,365.35,1
Ward-8,6590,19.7,36.3,0,13,351.98,0
Ward-19,3543,20.2,18.1,0,17,122.16,0
Ward-17,5155,18.6,21.5,1,23,264.43,1
Ward-13,2875,40.9,19.2,1,17,150.71,0
Ward-17,6129,40.5,19.1,1,19,301.79,0
Ward-2,7172,22.4,34.7,0,16,233.06,0
Ward-14,7500,44.7,14.2,0,18,370.97,0
Ward-1,9088,20.1,8.5,1,14,491.33,1
Ward-14,5278,40.4,6.7,1,12,288.15,0
Ward-6,8789,20.8,23.9,1,7,394.76,1
Ward-3,3452,33.5,35.7,0,13,176.4,0
Ward-2,3864,38.6,25.7,0,16,144.47,0
Ward-12,5088,39.5,27.8,0,13,205.84,0
Ward-7,8907,42.9,32.1,0,3,407.29,0
Ward-11,6386,33.6,30.2,0,10,337.02,0
Ward-8,9802,36.2,24.1,1,12,439.08,1
Ward-8,7599,36.8,36.2,0,22,367.67,1
Ward-4,4509,31.0,11.1,0,20,206.6,0
Ward-11,7603,20.9,32.3,0,27,374.58,1
Ward-11,11136,41.8,2.7,1,27,495.8,1
Ward-6,3741,40.1,39.7,0,13,188.12,0
Ward-18,8474,24.3,23.9,1,9,267.37,0
Ward-18,6123,26.6,3.8,1,7,330.35,0
Ward-1,9705,34.1,20.9,1,25,551.9,1
Ward-19,9022,36.8,12.2,1,5,457.66,1
Ward-2,11214,44.6,24.5,0,23,371.96,1
Ward-7,7384,35.6,30.4,0,14,292.8,0
Ward-7,5535,44.0,18.8,1,15,178.53,0
Ward-4,9845,35.7,28.3,0,23,559.26,1
Ward-6,4797,37.8,37.8,0,23,247.85,0
Ward-8,3004,29.1,36.5,0,24,103.78,0
Ward-1,3542,42.1,4.0,1,10,126.65,0
Ward-18,6435,22.2,39.4,0,6,316.64,0
Ward-12,2119,36.8,12.3,1,12,125.69,0
Ward-4,10433,29.5,2.6,1,14,603.08,1
Ward-19,6669,20.8,19.8,0,20,316.21,0
Ward-7,9658,19.1,12.4,0,10,552.37,0
Ward-20,2914,31.7,33.0,1,28,110.14,1
Ward-3,2445,35.4,12.7,1,20,102.92,0
Ward-19,4874,19.0,38.3,0,16,197.37,0
Ward-19,8937,34.2,31.0,1,8,325.58,0
Ward-19,6096,20.5,2.6,0,20,320.09,0
Ward-8,7006,21.4,26.1,0,10,207.63,0
Ward-6,10394,38.1,10.8,0,7,570.11,0
Ward-18,11904,24.2,9.5,0,16,507.15,0
Ward-17,8246,29.8,24.5,0,17,367.24,0
Ward-10,4879,25.7,29.1,0,13,302.3,0
Ward-18,7402,27.3,18.0,0,11,385.28,0
Ward-12,4672,44.3,34.1,1,20,197.7,0
Ward-16,2135,24.7,17.1,1,10,77.89,0
Ward-4,9705,28.9,1.8,1,4,525.74,1
Ward-1,2616,38.6,31.9,1,9,89.53,0
Ward-15,5477,43.2,39.4,1,22,244.82,1
Ward-14,9372,33.9,24.5,1,15,293.8,0
Ward-15,2364,41.5,34.7,1,19,88.42,0
Ward-20,9214,42.5,3.2,0,26,433.0,1
Ward-15,3681,27.1,19.2,1,14,151.18,0
Ward-11,3254,32.7,20.2,0,22,106.64,0
Ward-10,6272,33.2,28.9,0,7,229.91,0
Ward-12,9126,33.5,13.1,1,11,462.37,1
Ward-11,8700,29.0,28.3,0,16,332.39,0
Ward-9,4915,39.5,17.4,1,27,254.62,0
Ward-11,9302,21.4,38.4,0,11,309.09,0
Ward-8,10829,26.7,28.2,1,14,576.98,1
Ward-10,10424,44.8,2.9,1,25,549.79,1
Ward-10,11387,24.6,29.9,0,22,466.18,1
Ward-12,5616,18.5,33.6,0,25,192.43,0
Ward-15,10999,33.6,24.0,0,26,519.72,1
Ward-10,10252,41.2,5.9,1,15,410.33,1
Ward-16,2799,42.1,15.5,1,5,76.08,0
Ward-14,5532,24.9,27.2,0,21,260.85,0
Ward-20,8185,38.2,28.7,0,4,384.43,0
Ward-5,5214,24.0,17.6,1,3,244.69,0
Ward-2,9348,41.8,33.5,1,10,353.24,1
Ward-15,9012,22.7,16.5,0,13,332.3,0
Ward-18,7130,36.8,20.4,1,27,331.31,1
Ward-12,6466,36.5,26.0,1,27,284.81,1
Ward-19,7802,40.9,17.8,1,26,306.49,0
Ward-1,5932,30.9,18.6,1,10,197.3,0
Ward-1,9864,29.4,14.2,1,20,415.64,1
Ward-3,3245,26.6,18.8,0,21,155.36,0
Ward-19,2953,39.3,25.7,0,19,173.53,0
Ward-14,8104,28.8,29.0,0,8,433.11,0
Ward-11,6000,32.2,38.3,1,21,292.92,1
Ward-11,4953,42.7,34.6,0,14,193.74,0
Ward-1,2603,25.0,1.2,0,3,72.59,0
Ward-10,11583,44.7,26.6,1,3,382.4,1
Ward-20,10222,33.3,29.4,1,3,317.34,0
Ward-11,10231,23.8,38.5,1,13,430.28,1
Ward-10,9706,30.1,36.9,1,17,412.95,1
Ward-15,11560,29.1,26.8,1,18,662.2,1
Ward-1,8109,37.2,14.8,1,20,366.54,0
Ward-20,3110,25.5,6.6,0,23,124.1,0
Ward-19,5046,31.4,36.3,0,11,192.75,0
Ward-8,10765,29.4,36.6,0,9,323.34,0
Ward-3,10715,28.5,1.3,1,10,456.19,1
Ward-18,11679,40.6,10.1,1,6,433.84,1
Ward-10,4100,18.1,13.1,1,10,152.88,0
Ward-6,5701,39.1,19.2,0,27,215.43,0
Ward-14,8776,26.4,34.7,1,16,331.06,0
Ward-7,8004,20.1,27.0,0,5,320.4,0
Ward-9,8855,38.9,21.4,0,12,326.33,0
Ward-17,10814,27.8,6.7,0,16,496.09,0
Ward-20,2948,39.8,20.9,0,30,123.46,0
Ward-13,7411,27.7,20.8,0,13,335.08,0
Ward-6,5524,32.5,37.7,0,19,203.53,0
Ward-19,3502,32.8,28.7,0,24,98.73,0
Ward-18,3065,40.1,34.6,0,9,107.91,0
Ward-6,7107,42.7,4.1,1,19,325.64,0
Ward-2,11627,37.9,4.1,0,17,457.36,0
Ward-7,6836,20.4,3.5,1,3,228.76,0
Ward-12,7938,23.3,2.2,0,11,278.95,0
Ward-10,6863,18.3,17.6,0,22,368.28,1
Ward-20,8672,27.7,22.0,1,11,388.61,1
Ward-14,5889,38.2,12.2,1,4,324.7,0
Ward-6,11791,34.0,5.7,1,11,404.42,1
Ward-3,3687,18.6,38.9,1,21,157.34,1
Ward-1,2964,42.2,35.5,0,6,133.34,0
Ward-4,8627,32.5,16.7,0,5,441.93,0
Ward-16,7830,43.1,16.1,1,27,391.3,1
Ward-5,2499,32.3,25.3,1,19,143.25,0
Ward-1,2182,27.3,9.2,1,16,59.24,0
Ward-15,2805,37.0,6.3,0,2,171.39,0
Ward-9,11156,27.2,19.7,0,9,606.38,0
Ward-4,4371,34.5,3.5,1,6,261.73,0
Ward-11,10384,41.9,32.1,0,23,617.7,1
Ward-17,8544,18.4,15.2,1,18,275.32,0
Ward-6,6295,18.3,31.3,1,29,277.0,1
Ward-13,11944,44.1,1.7,0,9,675.66,0
Ward-19,10274,26.9,15.7,1,7,335.12,0
Ward-11,7806,29.6,5.4,1,17,353.72,0
Ward-13,7694,29.5,39.3,0,3,284.73,0
Ward-2,8827,35.5,35.4,0,27,436.85,1
Ward-4,5170,33.0,0.4,1,16,275.03,0
Ward-15,3304,38.3,24.6,0,17,93.94,0
Ward-9,10536,33.8,39.6,1,24,380.54,1
Ward-19,6748,26.3,23.6,0,9,298.02,0
Ward-2,7925,24.3,17.6,0,19,306.68,0
Ward-14,9769,23.8,2.3,1,24,364.16,1
Ward-13,10084,18.2,22.3,1,27,502.06,1
Ward-14,7435,28.3,26.4,0,12,413.33,0
Ward-18,5040,41.6,6.4,0,23,212.39,0
Ward-4,10633,23.9,9.8,0,2,458.72,0
Ward-11,8997,32.4,11.9,1,16,520.19,0
Ward-17,2302,34.5,16.0,1,26,106.34,0
Ward-9,6599,33.5,33.2,1,11,216.23,0
Ward-7,3329,43.3,12.9,1,22,171.69,0
Ward-6,10240,36.9,19.5,1,9,341.36,0
Ward-10,10627,28.4,35.5,0,14,470.71,1
Ward-4,10077,29.5,13.4,1,20,436.61,1
Ward-3,7868,39.0,17.4,0,20,332.41,0
Ward-14,5892,43.3,0.3,0,19,339.68,0
Ward-17,5009,19.6,4.4,0,27,166.27,0
Ward-11,11430,30.8,25.6,0,30,424.23,1
Ward-9,10871,39.4,8.6,0,16,452.7,0
Ward-19,10518,38.7,17.4,0,3,584.35,0
Ward-2,6498,18.2,8.2,1,18,209.46,0
Ward-11,5590,29.8,9.7,1,13,332.62,0
Ward-12,7346,25.1,16.7,0,12,260.55,0
Ward-13,2670,34.6,17.5,1,30,159.62,0
Ward-5,10122,21.7,25.2,0,13,598.7,1
Ward-10,11394,19.7,24.0,0,23,542.49,1
Ward-14,9281,37.9,37.0,0,26,427.52,1
Ward-6,3400,41.7,38.0,1,24,203.77,1
Ward-7,11127,24.6,0.8,1,15,440.17,1
Ward-5,3463,42.7,15.5,1,9,130.78,0
Ward-13,9826,35.3,10.7,1,1,430.58,1
Ward-1,9872,40.4,3.3,0,20,443.93,0
Ward-12,8067,19.9,22.9,1,10,257.51,0
Ward-6,7555,23.6,4.0,1,20,350.18,0
Ward-8,10476,39.1,13.5,1,9,449.93,1
Ward-13,7230,33.7,1.5,0,12,296.65,0
Ward-9,5444,35.2,12.2,1,18,239.91,0
Ward-11,8726,39.6,7.0,0,24,265.77,0
Ward-20,2880,31.1,37.9,0,10,154.98,0
Ward-12,11727,30.5,5.0,0,22,353.53,1
Ward-11,6133,30.5,34.4,1,20,350.41,1
Ward-3,6299,36.7,19.4,0,12,365.82,0
Ward-17,7517,28.8,4.2,1,9,380.93,0
Ward-16,7062,20.6,21.4,1,15,263.8,0
Ward-5,5895,41.2,21.5,1,12,287.95,0
Ward-19,7636,31.1,23.9,1,12,425.57,1
Ward-14,8593,19.2,31.5,1,21,433.91,1
Ward-14,4746,24.4,29.7,1,15,123.38,0
Ward-4,6122,28.8,23.7,1,21,305.4,1
Ward-16,11664,31.2,32.4,0,10,387.45,1
Ward-11,11370,27.2,1.7,0,16,656.25,0
Ward-13,2607,21.3,1.0,1,4,78.12,0
Ward-20,2511,35.8,1.6,0,15,149.41,0
Ward-15,11384,39.3,10.8,0,16,534.99,0
Ward-6,10667,26.4,27.2,1,29,529.57,1
Ward-12,11474,39.9,9.5,1,15,472.53,1
Ward-7,9019,31.1,9.6,1,23,409.51,1
Ward-16,2946,30.3,5.3,0,9,175.92,0
Ward-8,7659,40.1,30.1,0,3,274.18,0
Ward-15,7077,22.5,25.4,0,14,305.23,0
Ward-8,7138,31.0,30.9,1,15,394.11,1
Ward-9,10522,44.0,7.8,0,22,330.18,0
Ward-8,7967,38.9,17.5,1,18,429.1,0
Ward-1,10415,22.7,34.0,0,22,458.02,1
Ward-16,11687,43.5,28.3,0,5,675.93,1
Ward-17,8395,29.6,23.3,0,26,268.78,0
Ward-7,4723,20.0,25.1,0,11,276.7,0
Ward-3,3772,33.8,31.6,0,27,155.61,0
Ward-10,8460,44.4,30.4,1,9,404.4,1
Ward-12,5518,22.9,27.5,1,9,196.01,0
Ward-17,3598,39.5,27.5,1,3,147.88,0
Ward-7,10375,44.1,27.5,0,2,388.41,1
Ward-18,3642,36.6,8.7,1,17,126.13,0
Ward-9,10137,43.4,10.4,0,6,295.58,0
Ward-17,5994,23.4,12.9,0,29,184.73,0
Ward-6,10875,23.6,15.6,0,1,507.17,0
Ward-13,6769,30.7,19.3,0,14,336.71,0
Ward-4,10904,24.4,18.6,0,24,504.71,1
Ward-14,9909,36.6,2.6,1,6,582.15,1
Ward-2,6619,32.7,33.8,1,18,200.36,0
Ward-17,8388,40.0,8.9,0,29,446.25,1
Ward-10,7382,39.5,10.3,1,15,291.12,0
Ward-3,8574,19.0,28.7,0,20,428.05,0
Ward-9,11324,18.9,22.6,1,21,336.91,1
Ward-11,3875,37.0,23.8,0,4,189.95,0
Ward-12,11152,33.5,7.5,0,19,483.64,0
Ward-15,6542,22.7,38.4,0,3,319.2,0
Ward-13,4269,39.1,13.6,0,13,215.62,0
Ward-4,8937,33.4,37.2,0,18,456.11,0
Ward-9,10427,18.3,34.6,0,7,549.24,1
Ward-8,10249,40.3,7.7,0,1,430.94,0
Ward-11,3383,31.0,13.5,1,13,170.6,0
Ward-12,4000,18.7,6.5,0,10,137.96,0
Ward-3,4466,42.6,9.8,0,19,178.78,0
Ward-19,9900,33.3,0.5,0,11,551.48,0
Ward-15,3637,31.3,19.7,1,23,93.34,0
Ward-14,10197,30.2,2.3,1,3,361.95,1
Ward-13,2078,26.9,38.5,1,18,123.21,0
Ward-18,11676,26.7,9.6,1,18,451.2,1
Ward-15,8614,30.4,34.6,1,28,269.6,1
Ward-8,7081,26.8,38.2,1,22,361.01,1
Ward-3,9740,38.5,1.8,0,6,381.05,0
Ward-15,7461,42.6,39.3,1,28,311.18,1
Ward-10,10893,25.6,21.3,0,19,440.89,1
Ward-15,5558,40.8,21.7,1,13,163.63,0
Ward-10,4657,31.1,18.2,1,27,236.29,0
Ward-16,8775,40.5,4.2,0,16,517.27,0
Ward-13,7024,41.8,14.5,1,14,268.66,0
Ward-19,9469,22.1,15.5,0,10,418.8,0
Ward-1,5329,33.7,24.4,1,22,234.99,1
Ward-14,2186,40.8,15.2,0,30,128.34,0
Ward-14,3108,23.9,5.3,1,26,125.67,0
Ward-15,9220,42.0,17.6,1,15,294.08,0
Ward-19,11256,42.1,16.3,1,8,509.08,1
Ward-15,3142,36.1,3.4,1,25,111.03,0
Ward-5,11075,34.1,6.9,0,14,527.59,0
Ward-6,6709,23.4,9.3,0,2,348.46,0
Ward-19,5764,24.8,15.2,1,27,276.51,0
Ward-13,11273,44.6,10.3,0,22,644.31,1
Ward-12,4138,23.1,17.5,1,11,224.74,0
Ward-3,4237,31.7,9.7,0,2,241.41,0
Ward-9,6158,32.3,33.1,1,10,294.16,0
Ward-11,6020,20.9,38.5,0,9,204.71,0
Ward-10,4345,32.3,0.3,0,15,203.55,0
Ward-5,7982,27.0,1.2,1,18,384.81,0
Ward-18,8502,18.7,7.2,0,24,390.77,1
Ward-4,6081,42.0,36.7,0,29,351.35,1
Ward-11,11178,28.8,16.6,0,19,601.93,0
Ward-18,9732,33.3,31.1,0,30,550.39,1
Ward-3,6122,39.6,32.2,1,26,261.77,1
Ward-4,9764,42.7,23.1,1,10,306.9,0
Ward-7,4994,32.6,20.3,1,1,135.87,0
Ward-2,4929,32.2,12.5,0,5,272.61,0
Ward-6,2059,20.2,35.5,1,10,75.28,0
Ward-13,6512,32.3,24.8,0,2,355.78,0
Ward-14,4156,41.6,12.8,0,25,123.7,0
Ward-19,9328,24.8,6.8,0,8,518.59,0
Ward-16,10758,42.5,13.7,0,7,345.77,0
Ward-17,10084,21.8,9.5,0,13,470.11,0
Ward-14,2802,39.5,34.6,1,15,152.4,0
Ward-5,8575,31.1,10.7,1,17,443.11,0
Ward-15,2114,20.6,1.8,0,19,95.21,0
Ward-16,4166,18.7,5.2,0,19,126.08,0
Ward-18,4535,32.8,28.8,0,8,152.89,0
Ward-19,9372,40.7,33.3,0,25,408.78,1
Ward-6,11722,42.6,13.7,1,30,450.14,1
Ward-14,5457,39.7,25.8,0,10,281.13,0
Ward-15,7476,40.4,18.4,0,26,456.89,1
Ward-10,11196,39.9,33.1,1,6,459.19,1
Ward-3,10472,43.0,9.5,0,6,411.53,0
Ward-16,9365,24.4,37.0,1,23,501.93,1
Ward-9,6867,23.2,12.2,1,28,284.57,0
Ward-17,10116,22.4,39.0,1,12,441.61,1
Ward-13,7036,24.0,20.7,0,27,260.79,0
Ward-2,5709,25.3,21.4,0,21,213.83,0
Ward-19,8860,43.9,25.1,0,19,346.16,0
Ward-14,7805,31.0,19.1,0,10,436.18,0
Ward-5,4062,27.9,23.8,0,8,176.12,0
Ward-2,11755,38.5,28.7,1,30,664.4,1
Ward-4,7440,22.0,9.7,0,25,338.68,0
Ward-13,7091,42.6,10.3,1,14,345.84,0
Ward-1,3077,32.1,5.0,0,7,187.1,0
Ward-9,9346,39.6,6.5,0,27,513.45,1
Ward-11,8836,36.5,36.5,1,26,408.8,1
Ward-12,6082,41.3,0.8,0,6,277.66,0
Ward-10,9618,37.7,9.5,1,1,288.97,0
Ward-20,11220,18.4,1.5,0,14,435.92,0
Ward-3,7107,26.1,18.1,1,8,400.97,0
Ward-11,6256,35.8,2.1,1,6,293.04,0
Ward-20,10072,34.2,29.0,0,24,450.97,1
Ward-9,11353,24.1,7.9,0,22,539.78,1
Ward-9,7234,41.0,29.6,0,26,426.03,1
Ward-17,9680,33.1,8.9,1,7,374.38,1
Ward-17,3615,42.1,9.9,1,8,128.46,0
Ward-7,2826,22.9,9.2,1,4,142.53,0
Ward-16,6153,18.6,22.8,1,7,314.84,0
Ward-2,5960,24.2,1.8,0,13,177.36,0
Ward-5,7351,20.6,1.1,0,12,422.39,0
Ward-16,2887,39.7,38.2,1,21,155.11,1
Ward-5,4495,42.2,32.7,1,11,170.73,0
Ward-19,4560,28.0,14.9,0,5,181.11,0
Ward-2,9967,38.8,3.0,0,28,392.69,1
Ward-12,2349,27.4,29.7,1,20,155.46,0
Ward-3,9707,21.0,27.7,1,12,420.55,1
Ward-13,9081,39.5,6.9,0,9,364.71,0
Ward-14,3971,38.1,5.4,0,22,200.36,0
Ward-12,9087,24.4,5.3,0,15,374.34,0
Ward-2,6737,22.2,12.6,1,17,372.26,0
Ward-14,11759,30.0,35.1,1,7,602.42,1
Ward-14,2392,42.6,20.2,0,4,91.59,0
Ward-14,3573,40.9,29.3,0,16,197.25,0
Ward-18,3608,32.5,8.3,1,26,209.27,0
Ward-4,8322,43.3,22.2,0,14,489.98,0
Ward-18,7772,20.4,32.7,1,30,335.03,1
Ward-12,2576,35.8,15.3,1,25,130.66,0
Ward-13,9841,22.8,1.4,1,5,492.45,1
Ward-1,11076,21.0,26.8,1,15,371.29,1
Ward-7,7762,29.3,0.7,0,24,412.79,1
Ward-18,5636,19.3,16.0,1,29,261.01,0
Ward-19,8082,20.8,10.2,1,20,371.95,0
Ward-3,6263,28.5,10.5,0,14,259.69,0
Ward-14,9363,28.1,34.7,1,25,402.96,1
Ward-14,6986,27.6,1.8,1,27,313.74,0
Ward-8,3464,31.6,36.6,1,7,150.95,0
Ward-2,4206,27.4,33.4,1,14,179.62,0
Ward-8,9695,37.0,19.3,0,1,471.73,0
Ward-16,11129,31.0,23.7,0,27,467.5,1
Ward-18,9872,36.2,0.5,0,5,356.24,0
Ward-12,6752,27.1,1.0,0,11,282.18,0
Ward-17,2597,36.0,23.4,0,19,139.93,0
Ward-15,5881,32.1,19.1,1,13,182.2,0
Ward-7,6621,24.7,8.8,0,1,187.75,0
Ward-8,7126,22.2,12.3,0,1,337.85,0
Ward-9,3742,29.8,22.7,1,11,219.97,0
Ward-13,4500,31.8,19.9,0,12,152.7,0
Ward-13,4568,21.9,6.2,1,21,172.6,0
Ward-5,6092,19.0,9.0,1,2,260.54,0
Ward-15,3672,23.0,3.2,1,17,154.01,0
Ward-9,3675,42.9,34.0,0,25,220.59,0
Ward-1,7518,19.9,16.1,0,23,332.43,0
Ward-6,5563,33.6,19.5,1,25,218.25,0
Ward-2,11563,33.0,32.0,1,3,459.06,1
Ward-20,7291,40.4,32.4,1,10,265.58,0
Ward-6,6252,36.7,6.0,1,7,313.16,0
Ward-15,5845,30.5,12.0,0,8,354.21,0
Ward-4,10732,18.9,6.1,1,21,495.87,1
Ward-9,3991,34.3,9.9,1,1,146.59,0
Ward-15,3515,41.6,22.7,0,27,119.41,0
Ward-20,4051,37.8,33.9,1,22,189.47,1
Ward-10,9965,29.0,22.1,0,10,299.71,0
Ward-9,3286,25.6,7.9,0,17,126.55,0
Ward-18,3696,26.4,38.0,1,30,128.56,1
Ward-6,7158,35.2,17.8,0,10,263.24,0
Ward-12,8784,18.0,29.8,0,26,522.32,1
Ward-4,6848,35.8,20.1,0,3,194.1,0
Ward-12,8385,25.3,19.0,0,15,353.16,0
Ward-20,6403,39.3,18.2,1,1,249.14,0
Ward-15,6350,25.0,25.1,1,1,294.8,0
Ward-20,3745,37.1,15.7,1,3,138.43,0
Ward-10,3160,18.1,15.4,0,6,147.61,0
Ward-12,5829,43.4,28.1,0,12,278.28,0
Ward-8,3435,36.5,1.4,0,18,170.9,0
Ward-10,8668,39.2,6.6,0,13,287.02,0
Ward-1,3006,25.6,11.6,1,15,159.31,0
Ward-13,11566,40.0,23.6,1,17,351.52,1
Ward-8,8640,39.8,1.0,0,30,502.33,1
Ward-1,3176,30.0,38.0,0,21,144.02,0
Ward-10,11756,23.3,8.1,0,15,523.25,0
Ward-3,9247,20.9,28.1,1,27,273.32,1
Ward-20,2387,22.6,3.7,1,10,96.65,0
Ward-12,7475,40.9,16.9,1,8,282.98,0
Ward-17,6964,35.9,29.2,1,12,394.48,1
Ward-4,9865,39.0,1.1,0,24,355.0,1
Ward-1,2907,26.4,27.8,0,13,161.05,0
Ward-7,8322,37.4,38.3,1,21,446.66,1
Ward-15,5546,44.0,34.8,1,23,309.21,1
Ward-16,4494,43.1,7.8,1,28,220.06,0
Ward-8,4513,41.4,26.4,1,18,180.45,0
Ward-3,5955,25.4,8.0,0,29,332.03,0
Ward-13,9214,43.3,17.2,1,12,415.05,1
Ward-8,7233,30.5,5.0,0,13,227.53,0
Ward-19,11130,34.5,37.4,1,25,413.8,1
Ward-7,11708,32.4,23.8,0,4,687.44,1
Ward-11,7908,31.1,33.9,0,20,397.44,0
Ward-5,9789,36.8,39.3,1,13,577.09,1
Ward-5,7932,26.7,24.2,0,11,260.59,0
Ward-13,2878,18.2,26.7,0,22,135.1,0
Ward-11,8948,20.0,2.8,1,7,430.77,0
Ward-20,10425,20.2,37.9,0,1,337.01,0
Ward-17,4292,35.7,7.7,1,22,267.14,0
Ward-20,2839,38.6,27.5,1,16,103.01,0
Ward-7,3205,19.7,26.6,0,16,178.93,0
Ward-15,6014,35.0,16.5,1,11,293.97,0
Ward-5,4071,44.7,30.9,0,29,135.62,0
Ward-3,10622,37.6,15.9,1,4,454.36,1
Ward-8,2476,22.2,16.5,0,23,125.21,0
Ward-14,10302,23.1,36.5,0,14,568.41,1
Ward-1,5994,22.0,31.3,0,23,271.72,0
Ward-6,7624,21.8,36.0,0,29,443.77,1
Ward-15,3666,22.7,35.5,0,15,178.32,0
Ward-20,11300,26.7,34.4,0,11,406.31,1
Ward-9,6229,26.1,20.8,0,26,364.32,1
Ward-18,9127,31.7,34.9,0,3,377.29,1
Ward-8,2759,29.5,1.0,0,11,128.44,0
Ward-11,7198,37.0,23.8,0,25,349.75,0
Ward-6,9888,32.3,37.2,0,6,573.31,1
Ward-5,2259,37.3,10.7,1,8,84.13,0
Ward-6,8501,28.7,0.9,0,7,329.54,0
Ward-18,2109,22.7,12.8,1,15,120.82,0
Ward-19,5204,34.2,14.4,1,28,257.04,0
Ward-3,11245,44.0,32.6,1,24,496.93,1
Ward-3,3054,30.9,8.7,1,30,122.14,0
Ward-17,8974,22.0,14.2,1,28,369.41,1
Ward-12,11103,25.9,34.0,0,7,323.87,0
Ward-2,7922,28.7,10.0,0,19,471.9,0
Ward-18,4282,31.8,8.9,0,26,158.19,0
Ward-17,10597,23.5,6.9,1,8,564.88,1
Ward-10,10925,27.4,7.4,1,5,334.6,0
Ward-1,11017,26.0,21.8,1,27,550.56,1
Ward-6,10029,34.6,17.2,0,21,402.53,1
Ward-20,7361,27.5,3.7,0,1,447.56,0
Ward-2,10409,21.1,12.1,1,23,349.69,1
Ward-6,5407,36.6,0.5,1,1,309.16,0
Ward-8,7279,19.0,29.8,0,1,360.02,0
Ward-9,4332,41.7,25.6,0,15,161.15,0
Ward-4,9122,38.7,5.7,0,28,454.39,1
Ward-13,5622,21.3,33.6,1,20,236.01,0
Ward-10,2151,24.7,34.3,1,12,72.61,0
Ward-1,8382,20.7,15.6,1,1,261.03,0
Ward-10,7427,32.9,4.0,0,16,299.25,0
Ward-14,4784,31.9,23.5,1,4,140.84,0
Ward-1,11991,44.0,16.3,1,4,633.54,1
Ward-4,7405,40.6,28.3,1,6,385.09,1
Ward-5,11055,43.3,13.0,0,15,551.97,0
Ward-8,7731,42.9,29.6,1,16,449.69,1
Ward-11,5251,34.1,1.9,0,3,168.96,0
Ward-6,7318,26.6,27.4,0,15,319.04,0
Ward-18,4902,28.9,8.8,1,9,205.97,0
Ward-8,2325,24.9,38.6,0,23,121.54,0
Ward-18,9074,19.8,35.6,1,27,504.64,1
Ward-8,8028,43.8,13.1,1,22,420.71,1
Ward-6,2740,26.8,31.7,1,15,108.44,0
Ward-20,3446,20.9,7.5,1,19,174.76,0
Ward-10,7428,30.6,38.9,1,28,289.26,1
Ward-4,3437,44.9,0.0,1,17,178.39,0
Ward-2,3786,41.7,26.4,0,6,114.99,0
Ward-13,10547,34.1,15.0,0,30,469.94,1
Ward-14,3152,21.5,20.3,0,1,176.34,0
Ward-9,8396,42.4,29.6,0,24,466.9,1
Ward-16,11458,41.9,33.8,0,15,396.13,1
Ward-11,8454,43.2,36.5,0,7,385.15,0
Ward-18,10504,36.3,35.3,0,17,436.0,1
Ward-18,10390,28.7,26.1,1,25,387.92,1
Ward-13,5976,19.4,36.4,0,21,169.5,0
Ward-19,6662,34.6,39.2,1,26,253.66,1
Ward-9,7074,25.5,34.0,0,15,313.97,0
Ward-6,8980,21.7,25.6,1,10,437.55,1
Ward-15,7810,44.8,4.4,1,1,463.11,0
Ward-8,7585,33.7,36.8,0,30,359.81,1
Ward-19,2887,30.5,24.2,1,12,123.03,0
Ward-17,5653,42.9,19.9,1,22,338.93,0
Ward-13,9814,32.2,39.8,0,10,493.35,1
Ward-7,2930,44.9,26.1,0,26,146.9,0
Ward-13,3538,41.8,27.4,0,11,181.61,0
Ward-1,10059,31.7,8.7,0,5,367.95,0
Ward-17,7268,25.6,9.5,0,14,349.02,0
Ward-5,11082,27.0,30.6,0,8,381.37,1
Ward-5,8432,26.5,6.3,0,11,437.04,0
Ward-4,6665,34.8,6.2,0,7,212.99,0
Ward-9,9898,31.2,11.7,1,29,296.57,1
Ward-12,7143,27.9,27.8,0,30,406.18,1
Ward-14,3860,30.7,2.9,1,10,163.88,0
Ward-12,11234,25.4,18.8,1,4,579.48,1
Ward-19,6084,43.0,23.9,0,16,316.32,0
Ward-1,8856,26.8,17.5,1,4,493.17,0
Ward-5,10864,35.5,26.2,0,12,443.12,1
Ward-18,7778,24.7,0.2,1,12,332.06,0
Ward-11,11513,27.0,5.0,1,7,586.28,1
Ward-16,10166,31.2,21.6,1,30,536.29,1
Ward-5,9997,29.1,39.4,0,9,499.8,1
Ward-1,10512,22.8,29.7,0,13,502.55,1
Ward-5,8948,42.0,22.5,0,22,300.25,0
Ward-15,8136,43.6,27.1,1,4,360.07,1
Ward-14,9573,18.6,28.9,1,22,299.7,1
Ward-7,11568,40.9,10.1,0,15,497.52,0
Ward-6,3876,28.3,29.1,0,22,151.37,0
Ward-8,11636,37.8,34.2,0,24,560.35,1
Ward-13,11984,22.0,0.1,1,8,351.87,1
Ward-6,8846,19.1,2.2,0,29,293.27,0
Ward-15,9282,38.2,7.3,0,11,360.51,0
Ward-16,10871,32.5,17.8,0,29,490.5,1
Ward-13,5170,22.1,27.7,0,3,293.93,0
Ward-19,11067,19.4,11.6,1,23,471.28,1
Ward-11,4250,38.0,10.8,1,1,231.87,0
Ward-1,8989,41.9,38.0,1,5,447.31,1
Ward-11,4898,27.8,8.7,1,23,183.56,0
Ward-18,6274,18.4,0.1,1,14,246.81,0
Ward-2,9110,20.3,36.2,1,30,307.41,1
Ward-13,10559,19.7,23.9,0,29,452.59,1
Ward-13,6213,21.2,1.1,1,7,330.73,0
Ward-17,8950,18.9,15.5,1,18,418.66,0
Ward-3,8576,28.2,40.0,1,21,272.42,1
Ward-17,5127,42.2,35.2,1,5,233.87,0
Ward-12,6424,20.2,16.0,0,3,287.31,0
Ward-20,11115,36.4,22.2,1,1,628.62,1
Ward-1,10428,39.0,27.4,1,28,588.58,1
Ward-2,9856,30.6,4.1,0,16,522.54,0
Ward-8,5685,29.5,21.9,1,24,241.21,1
Ward-5,6811,29.1,26.8,1,3,240.1,0
Ward-19,2008,19.4,18.8,0,16,88.17,0
Ward-6,2193,28.1,5.9,1,19,104.39,0
Ward-8,4877,18.9,0.5,0,20,276.99,0
Ward-20,11880,30.8,25.9,1,21,442.36,1
Ward-11,11748,41.4,39.5,1,9,632.14,1
Ward-5,8284,35.9,27.2,1,22,391.92,1
Ward-3,8626,25.7,14.0,0,15,351.92,0
Ward-12,3522,42.3,39.8,0,15,224.04,0
Ward-8,9276,39.3,31.8,1,24,449.19,1
Ward-20,9328,28.2,4.6,1,25,550.02,1
Ward-11,7627,31.4,3.5,1,10,347.66,0
Ward-12,10535,26.1,28.9,0,9,406.78,1
Ward-17,2955,23.7,32.8,1,17,115.51,0
Ward-2,7824,30.0,10.6,0,19,381.9,0
Ward-7,4992,25.0,30.6,1,5,305.09,0
Ward-4,3592,42.3,3.6,0,30,178.19,0
Ward-3,10752,24.8,27.1,1,20,380.93,1
Ward-8,7848,40.3,16.5,0,2,426.36,0
Ward-7,6505,36.7,34.1,0,29,358.73,1
Ward-5,8858,25.1,13.8,1,22,493.87,1
Ward-11,6857,32.8,6.6,1,30,383.15,1
Ward-20,4308,44.1,34.2,1,16,245.04,0
Ward-18,6588,30.1,15.5,1,6,330.46,0
Ward-4,9893,37.5,36.8,1,26,541.06,1
Ward-14,3286,30.4,20.0,0,26,137.36,0
Ward-20,4964,29.4,34.6,1,20,286.59,0
Ward-20,9454,33.9,21.7,1,16,368.55,1
Ward-17,6226,41.9,30.3,0,8,223.26,0
Ward-20,4231,37.5,23.2,0,14,269.87,0
Ward-11,11864,29.7,27.8,1,22,728.17,1
Ward-19,5420,24.8,35.8,0,4,178.66,0
Ward-17,6691,39.3,19.1,0,14,351.77,0
Ward-14,3946,42.9,2.8,1,14,180.09,0
Ward-5,5932,41.4,2.5,1,1,288.33,0
Ward-9,10494,18.8,12.6,0,4,419.32,0
Ward-5,9364,35.2,12.0,0,2,338.41,0
Ward-6,10061,19.8,16.6,0,10,406.74,0
Ward-12,8854,23.1,2.5,0,5,420.17,0
Ward-1,10053,32.7,7.4,1,18,512.18,1
Ward-13,8818,20.1,27.9,1,12,429.66,1
Ward-17,8575,28.2,14.1,1,23,454.83,1
Ward-1,4707,35.0,22.0,0,11,178.44,0
Ward-17,10852,28.3,23.4,1,27,626.49,1
Ward-19,11924,32.2,12.4,0,23,678.06,1
Ward-15,2589,26.9,1.8,0,22,101.75,0
Ward-20,10853,33.0,36.2,0,26,579.03,1
Ward-7,4610,42.8,8.3,1,13,229.83,0
Ward-5,9250,43.1,30.0,1,5,397.79,1
Ward-11,5049,30.7,21.2,1,1,246.87,0
Ward-17,9915,30.1,9.1,1,15,604.22,1
Ward-1,8663,22.9,21.5,0,9,419.51,0
Ward-12,9869,24.6,35.6,0,7,563.7,1
Ward-15,10187,35.4,30.7,0,9,400.23,1
Ward-12,11568,30.7,2.4,0,25,517.29,1
Ward-5,4788,32.9,32.6,1,30,267.07,1
Ward-6,6170,19.1,29.1,0,11,240.05,0
Ward-14,10539,34.3,31.6,0,19,583.46,1
Ward-15,2633,25.9,4.2,1,18,139.62,0
Ward-12,11564,29.4,31.4,1,13,646.96,1
Ward-17,8405,40.7,39.5,1,13,397.52,1
Ward-9,10436,36.1,35.9,1,16,534.96,1
Ward-6,3155,44.1,6.5,1,12,161.98,0
Ward-15,2475,18.3,34.0,0,8,115.02,0
Ward-11,11546,40.7,27.1,1,6,473.74,1
Ward-14,2393,35.2,23.8,0,2,95.66,0
Ward-2,5692,41.2,9.8,0,23,199.65,0
Ward-17,10172,20.5,30.4,0,18,367.7,1
Ward-18,2873,26.7,35.5,0,2,113.48,0
Ward-4,7996,40.1,8.3,1,27,426.77,1
Ward-15,2346,21.5,26.2,1,6,104.81,0
Ward-11,8241,27.9,17.3,1,15,422.76,0
Ward-10,7790,43.9,13.6,1,20,385.97,0
Ward-1,7613,26.8,25.9,1,5,362.27,1
Ward-15,3879,26.1,14.6,1,29,113.99,0
Ward-12,4628,36.6,5.2,1,5,233.63,0
Ward-15,10676,35.4,20.0,0,13,512.35,0
Ward-3,11998,35.0,7.4,1,27,686.31,1
Ward-10,7237,22.0,32.2,0,26,377.7,1
Ward-13,6293,30.5,1.0,0,10,355.88,0
Ward-12,5964,22.7,37.5,0,24,371.53,1
Ward-10,2157,37.9,6.9,0,25,84.54,0
Ward-1,11435,24.8,7.0,0,27,513.85,1
Ward-6,7793,30.9,12.7,0,23,257.08,0
Ward-16,11957,42.7,3.5,0,29,406.0,1
Ward-1,3414,32.9,23.8,0,7,193.99,0
Ward-8,6292,39.6,28.4,1,3,230.95,0
Ward-20,9084,36.7,35.7,1,18,373.32,1
Ward-8,6757,40.1,4.6,0,5,194.58,0
Ward-3,5339,31.6,39.8,0,3,220.99,0
Ward-18,2563,22.4,21.0,0,18,119.93,0
Ward-3,11476,28.3,16.5,1,6,422.07,1
Ward-4,11432,41.5,1.4,0,3,560.67,0
Ward-13,11201,37.6,27.8,0,15,647.66,1
Ward-14,8532,31.2,39.7,0,30,360.36,1
Ward-7,10976,42.4,3.7,0,29,506.46,1
Ward-10,2585,26.7,34.7,0,8,144.82,0
Ward-1,6079,25.4,32.0,1,14,187.17,0
Ward-9,10507,30.8,15.6,0,27,538.91,1
Ward-5,7867,37.1,26.1,0,8,248.86,0
Ward-7,3927,28.6,33.4,1,21,160.24,1
Ward-2,7168,38.8,27.6,1,28,442.02,1
Ward-19,8211,41.2,8.2,1,13,441.46,0
Ward-12,11728,34.4,16.1,1,13,583.17,1
Ward-5,6060,23.9,18.4,0,16,208.7,0
Ward-17,2145,39.1,23.2,0,9,108.94,0
Ward-7,6090,22.9,11.9,0,26,313.71,0
Ward-18,10043,25.9,35.3,0,20,551.84,1
Ward-15,7489,34.2,0.2,1,6,270.64,0
Ward-11,10875,40.6,5.7,1,18,644.44,1
Ward-12,7183,45.0,4.5,0,29,336.47,0
Ward-1,5518,42.8,20.8,0,25,286.99,0
Ward-18,11188,42.5,21.9,1,7,471.18,1
Ward-7,4381,43.7,21.3,0,9,219.2,0
Ward-15,7965,32.0,16.5,1,17,341.06,0
Ward-9,3609,28.6,19.6,0,5,101.57,0
Ward-15,7454,27.3,6.7,1,16,297.86,0
Ward-12,10411,26.2,20.5,0,24,544.9,1
Ward-3,8059,29.9,21.8,1,23,288.72,1
Ward-3,3190,29.2,15.2,0,10,113.95,0
Ward-7,8144,20.1,20.7,0,13,408.08,0
Ward-11,7598,27.2,25.2,1,12,422.33,1
Ward-13,10204,44.2,15.2,1,30,577.26,1
Ward-8,10189,30.2,39.5,0,7,406.31,1
Ward-9,7157,25.6,13.5,1,22,299.76,0
Ward-1,5782,44.8,34.0,0,20,344.9,0
Ward-5,4493,31.4,6.0,0,17,189.01,0
Ward-9,4059,36.6,26.1,1,24,216.29,1
Ward-17,5797,32.4,26.3,0,19,237.57,0
Ward-15,2351,44.5,23.4,1,1,129.79,0
Ward-3,8658,36.4,36.3,0,18,276.78,0
Ward-9,2315,24.5,32.6,1,18,103.21,0
Ward-16,9592,18.9,27.6,0,26,430.72,1
Ward-19,7494,41.7,5.0,0,20,429.65,0
Ward-20,8343,29.5,13.2,0,27,281.13,0
Ward-16,7795,40.8,5.2,1,6,369.58,0
Ward-4,8797,44.1,29.7,0,21,514.11,1
Ward-10,9552,33.7,31.3,1,19,331.84,0
Ward-4,8705,37.2,22.0,0,14,343.17,0
Ward-20,9969,37.4,27.5,0,2,306.65,0
Ward-18,3694,21.4,28.5,1,21,181.47,1
Ward-3,5922,19.1,10.8,1,18,235.69,0
Ward-10,4846,34.9,35.6,0,11,260.08,0
Ward-18,5309,35.3,19.3,1,23,212.7,0
Ward-16,11400,44.8,5.0,0,2,652.64,0
Ward-11,8199,25.4,18.3,1,4,443.28,0
Ward-18,4128,41.9,29.2,0,27,208.33,0
Ward-15,2614,36.2,20.9,1,3,168.98,0
Ward-16,11451,21.3,39.6,0,3,442.88,1
Ward-9,8255,37.2,3.3,0,19,449.35,0
Ward-19,9495,27.8,12.1,1,28,534.95,1
Ward-17,10955,41.2,30.6,0,8,500.87,1
Ward-16,6790,33.1,33.6,1,15,203.41,0
Ward-18,3982,35.1,13.6,0,11,217.0,0
Ward-18,2504,32.9,6.5,0,13,130.27,0
Ward-2,8702,36.0,16.5,0,5,396.75,0
Ward-7,10999,44.8,33.2,1,15,343.11,0
Ward-17,4188,44.3,30.7,0,27,134.7,0
Ward-16,2157,40.5,30.0,0,15,57.57,0
Ward-17,2995,32.2,20.5,1,30,164.51,1
Ward-19,5683,22.4,19.9,0,19,350.43,0
Ward-8,6472,31.6,23.8,1,16,336.08,0
Ward-14,4883,34.6,13.9,1,26,202.98,0
Ward-11,8471,26.5,5.3,1,13,336.78,0
Ward-20,10353,22.3,4.1,1,16,452.63,1
Ward-2,5175,26.3,30.6,0,2,203.11,0
Ward-13,5698,19.6,5.0,1,22,323.91,0
Ward-6,8082,43.7,8.9,0,20,473.58,0
Ward-15,6225,38.9,1.6,1,8,246.62,0
Ward-11,4402,35.5,10.9,1,24,180.16,0
Ward-11,11141,23.4,30.4,0,2,569.24,1
Ward-7,8544,37.5,30.7,0,7,288.56,0
Ward-7,6224,21.5,21.3,1,23,272.39,1
Ward-17,5782,30.6,35.8,0,16,277.85,0
Ward-19,5406,20.8,9.3,0,23,249.33,0
Ward-2,2113,32.7,23.4,0,21,93.98,0
Ward-2,5349,38.1,0.4,0,7,208.36,0
Ward-4,10804,42.0,20.6,1,12,463.96,1
Ward-3,4095,27.7,19.5,0,9,177.54,0
Ward-19,10581,39.6,25.7,1,25,621.41,1
Ward-16,8897,33.4,15.4,0,29,532.86,1
Ward-10,8054,40.8,14.3,1,24,428.41,1
Ward-12,10019,36.0,21.6,0,15,473.43,1
Ward-10,2493,26.7,28.5,1,7,142.86,0
Ward-20,9023,32.1,14.5,0,9,452.48,0
Ward-18,5496,35.2,22.9,0,20,256.61,0
Ward-15,10484,41.3,27.1,0,23,421.13,1
Ward-4,11729,31.8,30.3,1,12,643.79,1
Ward-1,4093,27.0,15.8,1,29,240.69,0
Ward-13,2603,28.9,18.3,1,16,94.44,0
Ward-10,11310,33.6,21.3,0,5,523.48,1
Ward-20,3458,42.0,0.0,1,6,150.2,0
Ward-13,4767,22.1,13.0,1,8,270.47,0
Ward-7,11384,36.3,16.6,1,20,460.41,1
Ward-1,5294,33.0,13.9,1,14,227.51,0
Ward-12,5250,20.0,2.3,1,7,148.42,0
Ward-3,2257,35.9,29.5,1,7,88.49,0
Ward-6,7749,37.9,26.3,1,7,412.88,1
Ward-6,5350,25.7,20.2,1,19,214.01,0
Ward-14,8413,18.1,3.8,0,2,396.73,0
Ward-17,9058,28.7,38.8,0,24,410.99,1
Ward-5,8772,26.4,37.0,1,25,480.94,1
Ward-7,9684,31.9,24.6,1,3,428.46,1
Ward-2,2380,34.2,19.8,1,10,147.6,0
Ward-12,11162,20.9,11.4,1,27,408.42,1
Ward-14,11415,40.6,10.2,1,26,433.95,1
Ward-8,10840,29.9,22.0,0,24,591.6,1
Ward-11,4142,31.5,22.9,1,13,195.27,0
Ward-3,11062,23.2,21.7,1,24,464.61,1
Ward-17,10843,31.6,39.1,1,8,584.69,1
Ward-20,8607,31.7,24.8,0,13,291.88,0
Ward-5,5927,19.2,34.4,1,9,252.07,0
Ward-6,6345,43.1,11.9,0,12,234.38,0
Ward-11,4896,44.9,7.5,0,22,180.41,0
Ward-8,10264,30.2,0.2,0,7,401.98,0
Ward-20,6763,28.3,0.0,1,19,354.16,0
Ward-13,6252,29.9,18.4,0,22,309.95,0
Ward-3,5051,22.8,32.5,0,25,190.54,0
Ward-13,7128,44.4,22.0,1,23,338.39,1
Ward-3,11224,42.4,1.8,1,4,446.49,1
Ward-7,5550,28.1,33.8,1,23,281.61,1
Ward-4,5660,31.9,12.6,0,25,302.96,0
Ward-11,9895,23.2,20.7,0,29,542.09,1
Ward-10,7796,41.1,3.8,0,30,303.73,0
Ward-3,11793,26.0,22.7,0,7,681.94,1
Ward-12,2592,41.7,13.4,0,22,153.4,0
Ward-8,11443,29.1,17.5,1,26,553.02,1
Ward-1,10786,18.3,12.4,0,20,607.13,0
Ward-18,7990,18.5,36.7,0,20,327.14,0
Ward-19,5604,23.6,5.6,0,9,251.57,0
Ward-5,2689,33.2,37.7,1,2,152.12,0
Ward-7,9831,41.6,2.9,1,16,404.28,1
Ward-13,4531,37.3,10.2,0,13,172.96,0
Ward-6,8791,39.3,29.6,0,21,306.65,0
Ward-13,11697,44.9,14.8,0,14,469.45,0
Ward-6,3804,21.2,17.3,0,18,108.32,0
Ward-5,5768,41.6,24.6,0,7,176.28,0
Ward-19,10322,38.8,23.2,0,2,428.59,1
Ward-4,6661,40.0,13.6,1,18,331.54,0
Ward-20,3727,40.8,35.3,1,21,134.37,1
Ward-18,2793,44.1,14.4,1,6,76.89,0
Ward-2,5557,39.4,0.2,0,13,308.79,0
Ward-18,2218,24.8,29.9,1,27,71.01,1
Ward-3,10184,42.5,10.3,0,9,428.35,0
Ward-9,11273,41.6,1.2,1,1,550.39,1
Ward-11,10216,18.9,33.1,1,9,408.12,1
Ward-18,5611,36.5,25.5,1,19,277.88,0
Ward-5,11967,44.5,3.1,0,22,561.76,1
Ward-20,7883,30.3,34.4,1,30,331.08,1
Ward-7,10743,25.8,16.2,1,20,353.89,1
Ward-12,5198,19.2,15.6,1,16,196.83,0
Ward-13,4022,30.7,11.7,1,29,186.55,0
Ward-1,4207,44.1,38.5,1,5,200.88,0
Ward-13,3389,21.3,15.6,0,25,170.75,0
Ward-1,5107,26.3,20.9,1,26,312.46,1
Ward-20,8767,31.0,1.8,1,12,376.12,0
Ward-16,6839,19.2,2.5,1,27,415.03,1
Ward-7,3421,37.4,5.9,0,9,109.16,0
Ward-5,7596,40.4,15.6,0,1,356.41,0
Ward-17,7061,34.2,35.1,1,6,252.94,0
Ward-2,7562,38.9,0.3,1,30,382.06,1
Ward-7,3436,23.1,4.8,1,12,178.43,0
Ward-20,5767,25.8,6.0,0,5,306.99,0
Ward-1,11904,20.3,5.9,1,30,459.07,1
Ward-4,6541,42.5,25.6,0,9,377.7,0
Ward-18,9954,31.8,10.6,0,22,548.93,1
Ward-16,11695,38.6,6.0,1,2,600.07,1
Ward-4,8997,43.1,5.9,0,7,420.34,0
Ward-17,3323,31.6,26.1,0,26,162.9,0
Ward-10,4664,44.3,13.8,1,17,258.18,0
Ward-14,5556,36.3,14.5,1,15,339.81,0
Ward-12,4088,29.3,30.7,1,17,188.07,0
Ward-7,10093,40.2,6.0,1,10,514.36,1
Ward-11,5319,26.8,2.7,1,17,278.3,0
Ward-18,2413,26.9,39.4,1,11,101.01,0
Ward-17,5058,31.8,18.9,0,9,217.63,0
Ward-13,8207,37.1,21.3,1,10,333.08,0
Ward-17,9319,20.1,26.6,0,21,400.01,1
Ward-7,8390,33.0,24.2,0,12,455.68,0
Ward-13,4103,20.6,26.2,1,27,175.41,1
Ward-3,6209,39.3,10.5,0,21,319.44,0
Ward-13,3337,25.5,11.4,0,19,182.94,0
Ward-10,7775,37.1,12.5,0,7,261.2,0
Ward-16,3584,39.9,27.3,1,8,121.66,0
Ward-9,11513,43.2,6.6,1,27,539.04,1
Ward-1,2748,38.2,31.7,1,8,110.71,0
Ward-16,7968,38.0,21.7,1,27,367.42,1
Ward-3,10694,32.1,3.7,1,17,468.18,1
Ward-5,3894,27.9,23.6,1,20,144.88,0
Ward-8,10437,21.4,36.1,0,30,363.77,1
Ward-6,5050,24.2,24.1,1,18,172.9,0
Ward-1,6748,30.2,27.4,1,24,402.61,1
Ward-17,5577,39.5,22.2,1,15,260.55,0
Ward-9,2104,30.4,8.8,1,14,136.66,0
Ward-12,8589,18.3,26.9,1,13,491.21,1
Ward-18,4533,21.2,38.7,0,4,232.12,0
Ward-17,8804,41.4,21.5,1,18,483.31,1
Ward-5,8990,25.1,31.6,0,7,515.33,0
Ward-12,11604,45.0,17.2,0,22,628.87,1
Ward-13,8505,18.9,10.9,1,8,267.36,0
Ward-9,5368,45.0,20.8,1,19,304.98,0
Ward-4,10533,35.8,39.3,1,12,365.66,1
Ward-6,3939,18.8,15.6,0,15,167.56,0
Ward-1,7028,33.1,29.0,0,26,295.21,0
Ward-17,3553,20.2,16.4,1,19,138.31,0
Ward-18,8099,33.5,10.3,0,20,305.87,0
Ward-7,3710,23.6,34.1,0,30,181.48,0
Ward-16,4904,31.2,18.4,1,16,221.65,0
Ward-12,11158,29.5,8.3,1,3,517.2,1
Ward-3,11581,27.3,31.0,0,18,586.06,1
Ward-6,9083,39.2,34.2,0,7,418.63,1
Ward-16,8652,21.1,34.6,0,4,267.98,0
Ward-4,7477,26.3,38.7,1,10,253.41,0
Ward-9,10182,34.7,30.3,1,19,473.35,1
Ward-17,8451,20.6,37.4,1,27,374.45,1
Ward-10,11876,33.4,3.6,1,8,562.11,1
Ward-13,9441,34.6,22.9,1,22,346.79,1
Ward-2,11568,36.2,4.7,0,25,401.5,1
Ward-10,5665,36.2,2.3,1,19,285.36,0
Ward-9,7948,34.8,18.8,1,12,454.37,0
Ward-7,4571,38.7,19.6,0,4,146.41,0
Ward-20,3570,40.5,18.7,1,7,161.39,0
Ward-14,2075,40.1,23.4,1,14,101.41,0
Ward-18,8882,38.4,1.4,1,22,415.67,1
Ward-12,10207,28.2,38.7,1,27,379.17,1
Ward-7,8729,25.4,35.3,0,6,348.1,0
Ward-13,10073,35.8,35.4,1,20,436.04,1
Ward-9,7485,32.0,26.2,1,13,376.32,1
Ward-9,9251,38.1,14.0,0,9,530.73,0
Ward-11,2591,37.4,5.2,0,25,103.77,0
Ward-6,11838,35.5,22.4,1,22,651.5,1
Ward-13,7158,41.7,25.7,1,11,392.66,1
Ward-12,6581,33.0,37.7,1,17,188.05,0
Ward-7,5255,37.7,14.9,1,19,196.23,0
Ward-4,6057,29.0,15.2,0,23,361.12,1
Ward-1,9777,24.0,8.4,1,3,405.35,1
Ward-13,5578,22.8,39.6,1,27,156.38,1
Ward-5,8678,27.7,9.2,1,21,399.95,1
Ward-10,8464,30.6,25.9,1,23,515.18,1
Ward-13,9075,38.1,9.9,0,29,417.37,1
Ward-19,9774,25.1,13.4,0,26,327.16,0
Ward-19,6647,40.1,2.8,0,1,234.68,0
Ward-2,9912,39.7,4.4,1,4,432.92,1
Ward-9,11697,41.8,19.0,1,7,552.64,1
Ward-1,8997,20.4,10.1,1,15,497.48,0
Ward-16,10652,33.9,34.2,0,26,617.52,1
Ward-6,8715,18.9,30.4,0,24,368.06,1
Ward-11,9089,38.4,2.4,0,21,511.37,1
Ward-4,4620,34.2,9.6,1,30,140.48,0
Ward-4,4086,23.1,18.5,1,20,202.43,0
Ward-10,3678,36.9,38.6,0,16,155.74,0
Ward-1,7479,42.7,20.2,0,16,364.57,0
Ward-13,7953,21.2,1.2,1,9,229.76,0
Ward-15,10646,23.5,21.5,1,15,479.7,1
Ward-7,2174,24.2,20.7,1,15,96.3,0
Ward-11,6665,36.6,0.3,1,29,237.57,0
Ward-6,10422,19.6,0.4,0,28,468.65,1
Ward-17,6011,39.4,31.4,1,8,296.97,0
Ward-16,10507,26.8,25.0,1,9,644.03,1
Ward-18,11207,35.8,36.0,0,1,390.87,1
Ward-2,9555,34.9,14.9,0,28,484.79,1
Ward-14,2886,21.4,14.5,0,27,147.06,0
Ward-5,11945,43.6,26.3,1,13,409.38,1
Ward-20,4705,42.6,14.3,1,12,158.65,0
Ward-8,2480,29.9,25.7,0,26,112.88,0
Ward-2,4949,36.4,8.3,0,1,180.57,0
Ward-20,7853,23.8,22.3,1,1,225.89,0
Ward-3,10711,21.8,1.6,1,30,499.82,1
Ward-2,6930,32.3,5.0,0,19,275.99,0
Ward-12,6871,32.3,28.4,0,30,310.27,0
Ward-16,11830,30.1,8.2,0,9,643.01,0
Ward-11,5878,32.2,4.2,0,18,189.81,0
Ward-7,10441,41.5,17.5,1,28,348.62,1
Ward-4,10264,27.3,34.8,1,21,448.48,1
Ward-17,10617,35.9,3.2,1,19,313.72,0
Ward-17,4030,33.5,29.1,1,28,167.24,1
Ward-15,8351,20.8,32.0,0,27,419.82,1
Ward-18,6615,33.8,4.6,1,24,207.38,0
Ward-9,6720,29.0,11.6,0,30,266.36,0
Ward-14,11759,43.1,13.9,1,20,609.87,1
Ward-7,8033,41.2,20.3,0,28,266.2,0
Ward-5,4499,30.1,31.0,1,15,236.66,0
Ward-16,10079,25.3,23.0,0,12,396.53,1
Ward-5,5552,31.9,5.9,1,24,276.75,0
Ward-16,11767,30.7,1.5,1,2,618.86,1
Ward-12,11827,44.5,21.9,1,19,595.56,1
Ward-9,3728,29.8,5.3,1,26,172.83,0
Ward-4,4523,26.9,23.4,1,29,126.49,1
Ward-15,9060,30.1,25.0,0,13,364.94,1
Ward-5,10041,22.0,19.3,1,7,561.48,1
Ward-12,3854,36.7,8.1,0,16,225.9,0
Ward-2,2915,27.2,38.4,1,18,100.09,0
Ward-12,7508,42.0,14.5,1,26,252.36,0
Ward-18,5517,23.5,31.8,1,23,336.72,1
Ward-14,10339,19.5,32.8,1,25,332.12,1
Ward-19,3501,18.8,16.7,0,10,125.08,0
Ward-12,7400,36.4,22.4,0,3,364.08,0
Ward-19,5793,24.0,22.2,0,25,344.09,0
Ward-8,3123,36.0,16.8,1,21,176.51,0
Ward-2,8038,28.0,30.5,0,20,244.34,0
Ward-7,4837,19.2,16.2,0,2,221.38,0
Ward-8,5557,43.4,17.3,1,19,190.19,0
Ward-8,10902,33.1,17.9,0,21,634.76,1
Ward-18,5461,32.3,11.3,1,17,190.34,0
Ward-15,9082,28.9,29.9,1,29,487.64,1
Ward-1,10907,24.3,20.5,0,6,433.11,1
Ward-13,9126,25.9,11.1,1,10,330.22,0
Ward-15,11155,23.2,27.4,0,25,513.09,1
Ward-14,5925,29.9,31.4,1,17,201.99,0
Ward-16,9268,40.3,12.1,0,10,383.8,0
Ward-3,7012,43.2,10.3,0,26,338.19,0
Ward-8,3504,39.9,13.2,1,13,123.57,0
Ward-20,6573,18.3,6.1,1,26,364.1,1
Ward-18,11262,39.7,10.7,1,13,499.03,1
Ward-17,3046,43.9,4.9,0,27,115.35,0
Ward-5,5981,36.0,26.0,0,9,247.9,0
Ward-6,2859,24.1,8.3,1,23,124.42,0
Ward-13,3053,23.5,16.5,1,23,173.32,0
Ward-11,10122,31.5,2.1,1,26,407.14,1
Ward-11,9362,35.9,26.1,1,27,505.97,1
Ward-18,2034,19.5,14.1,0,28,122.52,0
Ward-16,8952,25.1,10.2,1,7,545.18,0
Ward-6,9649,19.0,16.4,1,14,407.58,1
Ward-9,4909,19.1,11.7,0,22,220.12,0
Ward-15,3634,41.4,5.5,0,11,121.03,0
Ward-19,10645,27.4,37.8,0,26,423.0,1
Ward-4,5857,24.0,35.2,1,2,276.23,0
Ward-7,5041,40.5,28.4,1,29,223.66,1
Ward-7,5050,41.1,26.9,0,25,182.08,0
Ward-18,3569,18.0,1.6,0,24,176.97,0
Ward-12,4475,21.4,3.3,1,12,209.43,0
Ward-10,11508,40.5,16.3,0,11,636.67,0
Ward-6,7756,34.6,17.2,0,26,292.8,0
Ward-17,5174,19.2,37.7,0,21,239.61,0
Ward-12,4023,24.0,17.1,0,20,227.23,0
Ward-5,3781,28.8,23.5,1,11,192.63,0
Ward-15,3806,25.6,17.9,0,2,129.85,0
Ward-5,9265,25.6,32.0,0,14,390.13,1
Ward-2,4875,24.0,16.1,1,12,176.83,0
Ward-5,6104,30.2,13.3,0,14,252.34,0
Ward-2,5964,28.9,35.7,0,5,252.84,0
Ward-1,2126,42.0,14.2,1,18,91.92,0
Ward-1,7229,30.5,3.0,0,6,235.82,0
Ward-13,9432,41.5,24.0,0,8,398.06,1
Ward-19,5762,38.5,36.8,0,21,313.3,0
Ward-10,11547,36.9,38.7,1,11,492.53,1
Ward-15,11530,26.0,5.8,0,23,509.82,1
Ward-9,4894,28.7,10.6,1,21,276.43,0
Ward-4,11396,18.7,28.8,1,3,640.69,1
Ward-3,7291,37.2,21.8,0,25,269.86,0
Ward-8,5118,25.7,31.0,0,8,292.21,0
Ward-8,2106,26.5,28.3,1,23,80.92,1
Ward-2,2047,33.6,21.6,1,4,105.95,0
Ward-8,9386,43.1,1.3,0,4,483.41,0
Ward-9,9222,19.7,32.8,1,23,475.24,1
Ward-18,5669,41.3,36.8,1,3,260.07,0
Ward-18,8129,28.3,4.3,1,20,333.73,0
Ward-20,3546,31.3,29.6,0,1,170.37,0
Ward-2,7687,37.5,35.7,0,25,328.64,0
Ward-7,6052,37.4,2.9,0,29,255.53,0
Ward-1,10505,34.3,32.7,1,2,444.87,1
Ward-10,7815,40.4,39.2,1,19,295.59,0
Ward-15,2351,35.9,34.1,1,28,99.59,1
Ward-13,4947,41.5,18.8,1,14,187.93,0
Ward-6,9375,21.0,26.5,0,14,273.73,0
Ward-13,3062,21.3,17.4,0,24,122.25,0
Ward-8,9143,40.6,23.5,0,19,353.51,1
Ward-18,3101,35.6,2.0,0,5,135.76,0
Ward-6,10640,18.7,37.2,1,15,596.04,1
Ward-2,3386,25.5,23.5,0,23,125.94,0
Ward-4,3723,33.2,17.1,1,10,178.73,0
Ward-15,5314,35.2,38.5,1,13,272.79,0
Ward-4,11713,40.1,6.0,1,28,651.88,1
Ward-7,8035,28.8,34.2,1,26,310.33,1
Ward-20,4862,27.5,1.9,1,4,217.65,0
Ward-17,8816,35.3,7.6,0,18,283.57,0
Ward-16,6294,31.8,37.8,1,16,263.55,0
Ward-20,7457,35.7,12.3,0,12,313.35,0
Ward-16,4034,22.8,5.8,0,27,118.74,0
Ward-13,6164,29.5,23.1,0,13,319.16,0
Ward-3,11315,29.3,23.4,0,7,472.03,1
Ward-7,3250,24.6,22.2,0,2,124.52,0
Ward-5,10447,39.5,28.9,1,12,379.34,1
Ward-11,4915,29.4,6.9,0,20,258.08,0
Ward-16,6154,31.0,5.0,0,18,217.36,0
Ward-19,5227,25.8,14.7,1,8,232.89,0
Ward-5,4251,33.6,3.3,1,17,198.79,0
Ward-1,6002,33.3,11.1,1,12,336.45,0
Ward-2,7181,26.8,19.3,1,24,333.18,0
Ward-3,9515,26.1,3.0,0,22,363.52,1
Ward-11,5381,27.4,20.1,0,3,272.6,0
Ward-2,11627,21.8,38.7,0,2,565.31,1
Ward-7,8234,34.0,34.2,1,21,330.76,1
Ward-20,6203,23.3,23.1,1,18,269.42,0
Ward-15,2078,39.8,21.5,1,1,97.62,0
Ward-8,11489,35.4,10.9,0,2,598.23,0
Ward-10,4390,41.2,31.2,1,9,207.6,0
Ward-19,4461,21.1,38.3,0,28,186.87,0
Ward-18,8810,34.5,37.5,0,7,528.37,0
Ward-19,6020,28.0,38.8,1,7,287.94,0
Ward-3,3650,20.4,28.7,0,28,128.48,0
Ward-13,2871,35.4,34.8,1,10,173.77,0
Ward-6,8297,23.1,33.3,1,30,326.04,1
Ward-6,2053,42.6,38.5,0,11,116.98,0
Ward-20,4779,21.9,10.0,1,1,228.05,0
Ward-15,6032,36.0,9.2,1,13,362.92,0
Ward-20,7579,40.5,10.4,0,24,374.57,1
Ward-8,11350,32.2,39.4,0,15,548.29,1
Ward-4,8409,23.1,5.3,1,21,428.05,1
Ward-6,2007,42.6,6.6,0,16,63.25,0
Ward-17,2681,42.4,13.5,1,22,148.34,0
Ward-11,6420,21.3,8.7,0,14,277.34,0
Ward-1,4301,32.0,39.2,0,11,253.64,0
Ward-11,11042,21.1,25.9,0,22,453.83,1
Ward-6,11270,19.6,13.2,1,19,381.8,1
Ward-19,3902,35.4,4.1,1,6,200.25,0
Ward-9,10253,21.0,4.4,0,25,346.08,0
Ward-12,8500,42.3,23.2,0,10,469.44,0
Ward-5,2093,42.5,33.2,0,4,106.66,0
Ward-5,2846,34.7,20.2,1,23,116.34,1
Ward-17,10413,43.9,15.6,1,20,388.23,1
Ward-18,4406,30.5,37.6,0,8,217.98,0
Ward-11,11939,43.7,36.5,1,9,609.75,1
Ward-11,5135,39.5,28.8,0,29,156.33,0
Ward-17,7155,41.8,8.7,1,13,393.9,0
Ward-6,5863,25.8,21.7,0,24,213.2,0
Ward-9,8464,22.7,15.7,0,21,326.76,0
Ward-1,4284,26.5,37.5,1,6,156.55,0
Ward-2,9343,30.8,1.2,0,20,525.71,0
Ward-19,10769,31.3,28.2,1,23,449.52,1
Ward-2,10832,36.9,35.8,1,16,588.49,1
Ward-15,7538,22.8,11.7,0,1,269.41,0
Ward-2,8068,41.1,0.7,1,30,288.98,0
Ward-5,7646,25.5,17.3,1,29,254.03,0
Ward-18,11709,36.1,23.7,1,28,512.82,1
Ward-8,11517,32.9,28.0,0,18,584.9,1
Ward-6,10376,33.6,36.3,0,22,517.4,1
Ward-15,10999,35.6,20.6,1,29,671.34,1
Ward-9,4959,35.6,9.3,1,25,228.7,0
Ward-20,11864,27.9,9.4,0,24,510.82,1
Ward-6,3325,35.6,12.7,1,23,128.67,0
Ward-1,9688,44.6,39.9,0,16,410.24,1
Ward-18,11037,42.8,36.1,1,22,526.93,1
Ward-13,5241,39.1,18.2,1,23,292.9,0
Ward-3,5894,32.8,0.5,1,30,262.08,0
Ward-9,11051,25.5,14.4,0,6,633.29,0
Ward-11,3651,23.3,33.8,0,23,106.41,0
Ward-3,7751,25.9,23.3,0,22,377.08,1
Ward-4,2424,34.1,19.9,1,4,140.72,0
Ward-14,5758,28.9,14.2,0,28,211.86,0
Ward-3,10048,24.4,35.3,0,5,358.33,1
Ward-16,10230,39.2,18.6,0,23,386.12,1
Ward-6,5546,35.1,21.8,0,17,162.25,0
Ward-17,11342,38.3,14.1,1,22,498.32,1
Ward-11,4277,43.8,4.8,0,15,242.36,0
Ward-14,6000,38.5,19.9,0,3,200.04,0
Ward-7,5909,44.7,4.2,0,18,253.07,0
Ward-8,2882,40.0,29.3,1,26,185.96,1
Ward-1,2438,24.3,37.1,0,17,121.48,0
Ward-14,6879,32.8,14.9,0,22,195.88,0
Ward-3,10205,22.1,3.0,1,1,470.6,1
Ward-5,10483,25.1,16.9,1,21,488.83,1
Ward-7,5010,38.5,11.3,1,28,268.22,0
Ward-5,2337,25.6,25.8,1,9,73.24,0
Ward-10,4125,20.8,16.5,0,28,110.15,0
Ward-13,2031,19.8,25.2,0,7,61.81,0
Ward-11,9458,33.4,5.3,1,25,546.48,1
Ward-5,5801,34.1,14.3,1,5,287.92,0
Ward-3,10564,39.6,24.0,1,23,506.37,1
Ward-15,10046,29.4,29.4,1,28,320.54,1
Ward-15,3252,21.5,8.5,0,18,181.22,0
Ward-15,4633,19.1,20.3,0,2,161.88,0
Ward-9,7227,27.2,20.1,0,21,374.75,1
Ward-8,6596,21.1,22.2,0,16,391.36,0
Ward-13,7106,37.7,1.6,0,12,412.2,0
Ward-17,7430,34.7,36.3,0,25,447.84,1
Ward-8,8411,37.4,1.3,1,27,317.11,0
Ward-8,11560,22.9,3.2,1,9,354.01,1
Ward-17,7144,40.9,35.9,0,5,433.29,0
Ward-3,7818,23.3,22.4,1,6,263.29,0
Ward-12,7705,37.4,30.2,1,9,306.8,0
Ward-2,9375,38.5,36.7,1,15,431.58,1
Ward-17,10815,44.2,23.5,0,21,565.89,1
Ward-4,2512,38.0,18.2,0,22,142.58,0
Ward-1,7084,31.4,38.8,0,26,245.55,0
Ward-15,8013,36.1,21.5,0,29,451.01,1
Ward-1,7089,32.9,16.4,0,17,319.7,0
Ward-5,9100,21.4,11.7,1,2,465.45,1
Ward-14,9700,20.2,32.2,0,17,436.93,1
Ward-8,5968,22.2,18.5,0,23,221.86,0
Ward-1,9595,24.6,12.3,1,22,410.86,1
Ward-20,9911,35.7,10.3,0,25,371.93,1
Ward-9,5728,31.9,4.0,1,15,294.26,0
Ward-17,11664,33.5,10.4,0,10,504.67,0
Ward-17,3985,20.8,37.4,0,2,127.74,0
Ward-10,6015,21.7,3.3,1,30,240.08,0
Ward-12,3587,31.8,5.0,1,12,187.5,0
Ward-16,2931,18.6,10.8,1,9,119.04,0
Ward-12,8247,39.8,18.8,0,27,455.12,1
Ward-11,5440,28.3,12.6,0,7,196.22,0
Ward-9,3789,35.2,4.5,0,21,124.47,0
Ward-16,3678,24.7,16.1,0,2,191.27,0
Ward-5,4892,20.0,27.0,1,6,238.63,0
Ward-15,6003,38.2,14.6,0,18,213.35,0
Ward-14,3964,21.3,16.4,1,22,212.66,0
Ward-20,7096,25.3,5.7,0,18,284.55,0
Ward-11,5434,29.8,31.0,1,18,317.41,0
Ward-5,8041,19.6,4.3,1,2,273.03,0
Ward-7,7690,33.0,23.7,1,17,231.86,0
Ward-11,4808,31.7,1.2,0,30,253.12,0
Ward-16,10330,20.4,27.4,1,26,365.91,1
Ward-10,4154,27.7,11.2,1,16,175.64,0
Ward-9,11265,28.5,31.8,0,2,432.7,1
Ward-2,2799,29.7,15.5,0,13,106.34,0
Ward-15,7966,39.8,32.1,1,15,392.27,1
Ward-18,7761,42.4,34.6,1,1,354.11,1
Ward-1,6164,18.7,6.3,1,9,328.84,0
Ward-7,11880,29.7,3.7,1,2,580.46,1
Ward-8,4315,40.7,29.7,1,1,172.19,0
Ward-5,7907,36.0,35.7,0,23,338.39,0
Ward-13,2930,23.9,14.9,0,24,155.41,0
Ward-19,6868,24.7,25.4,1,9,397.67,1
Ward-19,7857,22.2,37.0,1,3,421.04,1
Ward-9,11337,29.2,10.5,1,20,593.56,1
Ward-20,7800,40.8,29.3,0,6,326.7,0
Ward-4,10077,37.2,11.5,0,15,523.96,0
Ward-5,4376,43.2,11.2,0,6,177.88,0
Ward-13,4119,30.8,4.1,1,30,232.79,0
Ward-9,2662,25.5,36.9,1,22,92.37,1
Ward-18,8189,24.2,3.2,0,1,349.22,0
Ward-5,10714,37.4,6.5,1,25,537.46,1
Ward-11,11628,27.6,31.7,0,15,636.88,1
Ward-16,9889,39.5,7.3,0,11,492.79,0
Ward-8,9484,23.2,31.5,1,17,562.94,1
Ward-19,5065,20.2,38.3,0,2,148.94,0
Ward-16,9225,38.4,2.7,0,29,440.61,1
Ward-17,8313,43.8,22.8,1,26,474.17,1
Ward-16,3118,27.8,14.3,0,4,178.48,0
Ward-1,11180,33.3,7.8,1,8,357.97,1
Ward-12,2847,30.9,8.4,0,15,136.97,0
Ward-8,3727,44.5,24.5,0,29,235.29,0
Ward-10,10473,27.2,35.7,0,22,537.88,1
Ward-12,11937,35.3,35.8,0,17,413.37,1
Ward-1,2004,34.4,18.9,0,1,98.96,0
Ward-3,4566,43.5,4.8,1,12,165.48,0
Ward-11,11342,29.2,1.5,0,7,359.03,0
Ward-20,10455,37.5,37.8,0,15,438.39,1
Ward-1,5239,22.5,0.6,0,26,205.49,0
Ward-20,6636,43.4,18.6,0,6,398.52,0
Ward-4,5621,43.2,1.9,1,16,278.8,0
Ward-16,7317,27.2,21.6,0,19,304.0,0
Ward-10,7492,19.2,24.7,1,6,422.96,1
Ward-20,6772,36.3,5.1,0,17,283.93,0
Ward-18,4045,25.8,27.6,0,10,234.36,0
Ward-18,6430,38.7,13.0,0,22,367.38,1
Ward-13,4395,20.9,35.1,1,22,149.18,1
Ward-7,11404,42.4,4.3,1,15,411.18,1
Ward-18,11170,36.1,27.8,1,18,431.37,1
Ward-3,3409,19.5,25.8,1,15,186.97,0
Ward-10,3501,31.6,25.0,1,18,161.9,0
Ward-15,9744,19.4,38.7,1,19,368.25,1
Ward-14,6357,27.6,26.8,0,30,380.46,1
Ward-15,10955,18.4,17.6,1,2,490.78,1
Ward-13,7645,19.8,20.4,1,12,322.89,0
Ward-14,11658,21.8,2.0,0,22,697.66,1
Ward-16,5413,44.0,31.1,0,5,237.17,0
Ward-6,3185,22.2,10.0,0,18,168.43,0
Ward-17,11438,27.4,23.5,1,8,384.02,1
Ward-11,8362,28.3,0.3,0,29,486.37,1
Ward-18,5487,29.0,24.2,0,1,214.29,0
Ward-3,6028,40.2,16.2,0,5,280.16,0
Ward-18,6373,34.6,27.2,1,28,326.52,1
Ward-1,10164,39.6,17.0,0,16,383.06,0
Ward-9,5925,24.7,17.8,0,26,230.78,0
Ward-16,7060,42.1,11.3,1,18,310.91,0
Ward-13,5905,31.6,28.1,1,6,348.42,0
Ward-16,10024,39.6,33.3,1,9,606.42,1
Ward-14,9030,21.3,6.0,1,10,275.88,0
Ward-17,7923,41.8,25.1,1,4,414.38,1
Ward-17,9702,22.7,8.3,1,22,440.82,1
Ward-6,4234,23.5,8.8,0,4,178.33,0
Ward-1,9553,36.9,4.9,0,22,477.65,1
Ward-9,10379,25.0,31.2,1,15,598.29,1
Ward-12,6356,21.0,38.0,1,13,184.65,0
Ward-18,11651,40.6,23.1,0,13,598.72,1
Ward-12,9211,35.6,19.7,1,25,518.71,1
Ward-16,9094,28.4,34.5,1,13,279.72,0
Ward-1,10194,36.1,37.1,0,19,432.27,1
Ward-11,5031,19.9,14.6,1,19,245.77,0
Ward-17,4201,34.0,20.1,0,15,181.09,0
Ward-5,4729,18.1,3.1,1,23,163.25,0
Ward-6,11747,40.3,18.7,0,21,549.25,1
Ward-9,2568,19.7,32.0,0,10,127.41,0
Ward-7,11570,19.0,6.5,0,9,420.65,0
Ward-18,5111,45.0,32.8,0,8,295.06,0
Ward-4,3835,39.6,20.3,0,13,155.81,0
Ward-11,7621,32.1,12.8,0,23,280.97,0
Ward-13,3709,27.3,11.1,1,20,152.29,0
Ward-15,10573,23.7,2.9,1,19,584.21,1
Ward-17,9475,37.2,3.6,0,11,379.38,0
Ward-14,9078,44.3,9.9,0,26,509.85,1
Ward-19,7822,37.2,29.8,1,22,291.96,1
Ward-18,4307,26.8,27.3,0,23,149.65,0
Ward-19,3816,38.9,36.6,1,5,141.66,0
Ward-20,7022,35.1,16.8,0,19,264.0,0
Ward-18,6652,21.7,21.0,1,27,241.54,1
Ward-15,5133,29.7,22.6,0,3,259.29,0
Ward-16,3262,34.4,2.3,1,28,175.39,0
Ward-5,2147,23.1,38.2,1,6,56.05,0
Ward-12,3232,33.4,25.4,1,24,161.05,1
Ward-10,6434,29.3,7.3,0,4,265.43,0
Ward-7,5863,34.2,39.4,1,2,259.21,0
Ward-5,8279,21.5,9.6,0,9,234.12,0
Ward-16,7142,26.5,34.2,1,3,374.12,1
Ward-2,4312,41.9,21.2,0,25,233.97,0
Ward-9,8046,18.4,38.2,0,24,468.35,1
Ward-17,2886,41.1,25.6,1,1,89.47,0
Ward-10,5313,20.3,36.3,0,15,243.34,0
Ward-6,5860,36.3,28.1,0,30,213.31,0
Ward-16,5614,31.2,14.2,1,15,232.93,0
Ward-15,7848,30.8,9.0,1,10,350.95,0
Ward-15,3594,22.9,15.6,1,4,151.77,0
Ward-19,5557,39.6,23.1,0,20,209.6,0
Ward-2,4274,44.0,13.8,0,7,254.88,0
Ward-8,6088,33.4,17.5,1,20,340.32,0
Ward-20,7415,31.6,35.7,1,16,272.67,0
Ward-19,3144,40.4,24.1,0,8,121.23,0
Ward-20,3796,22.0,17.7,0,19,187.74,0
Ward-15,3434,43.6,32.1,0,26,176.05,0
Ward-6,4904,18.9,37.0,1,28,250.17,1
Ward-20,3455,19.2,28.7,1,7,159.54,0
Ward-13,6375,25.8,8.4,0,24,352.4,1
Ward-14,11637,20.5,5.9,0,21,373.96,1
Ward-6,9232,28.7,20.0,1,6,386.74,1
Ward-17,9307,42.9,12.8,1,4,311.59,0
Ward-7,10854,38.3,8.7,0,2,533.07,0
Ward-14,5468,35.1,5.6,1,21,338.36,0
Ward-11,6647,28.9,22.1,0,16,238.77,0
Ward-15,2455,24.5,11.0,1,21,76.95,0
Ward-10,8202,27.6,31.6,1,28,450.02,1
Ward-3,7475,26.0,16.4,0,11,243.91,0
Ward-7,7137,44.3,30.3,1,4,396.47,1
Ward-16,8486,33.4,15.5,1,30,395.3,1
Ward-14,2206,19.1,37.1,0,23,90.43,0
Ward-5,4987,33.4,15.8,1,17,173.54,0
Ward-1,11239,22.3,38.8,0,11,359.01,1
Ward-12,9863,42.8,25.4,0,15,474.8,1
Ward-13,8770,19.2,2.8,0,30,364.7,1
Ward-6,9731,19.2,3.1,1,5,346.55,0
Ward-4,2264,34.7,8.0,0,10,135.38,0
Ward-20,4503,22.5,25.5,0,3,238.8,0
Ward-10,11302,28.6,5.3,1,1,492.62,1
Ward-19,7380,23.3,2.2,1,18,434.52,0
Ward-10,10172,28.9,27.5,0,2,592.86,1
Ward-5,7090,26.2,17.2,1,13,349.44,0
Ward-8,9068,43.1,32.8,1,7,413.19,1
Ward-12,2268,32.3,13.4,0,11,118.68,0
Ward-19,9810,39.4,15.1,0,7,542.98,0
Ward-11,9338,37.8,6.4,0,21,553.72,1
Ward-14,10852,40.1,24.2,0,16,647.51,1
Ward-9,9659,22.8,31.2,0,9,489.66,1
Ward-14,8818,28.7,1.8,0,30,521.53,1
Ward-13,3424,32.8,39.2,1,6,156.26,0
Ward-17,10548,43.8,37.7,0,9,628.14,1
Ward-9,2311,38.4,27.2,1,3,102.48,0
Ward-11,8833,39.6,9.2,1,9,279.92,0
Ward-18,5733,36.8,9.4,0,18,195.68,0
Ward-13,11491,38.0,10.7,1,19,353.62,1
Ward-7,10093,44.1,24.1,0,21,598.46,1
Ward-1,3491,38.9,35.1,0,30,171.56,0
Ward-7,3569,31.5,14.7,0,1,163.84,0
Ward-4,7960,22.1,2.9,0,8,428.91,0
Ward-7,3090,25.9,0.2,0,3,90.09,0
Ward-8,4002,32.8,36.6,1,6,108.75,0
Ward-20,7696,34.3,35.9,0,4,382.23,0
Ward-11,8534,42.4,27.9,0,1,442.63,0
Ward-19,3297,43.7,15.0,1,27,182.32,0
Ward-6,6817,40.9,21.2,1,7,365.29,1
Ward-16,3863,28.1,2.9,1,24,170.42,0
Ward-4,3860,30.6,25.1,1,1,116.87,0
Ward-6,2543,40.8,2.1,0,22,160.67,0
Ward-1,10934,43.2,8.1,0,6,589.41,0
Ward-13,2206,18.7,34.4,0,6,66.78,0
Ward-8,4274,36.4,30.2,0,23,172.44,0
Ward-5,2703,41.9,3.5,0,4,119.06,0
Ward-10,4713,32.3,36.2,0,6,267.07,0
Ward-1,3663,38.2,3.3,1,17,134.2,0
Ward-15,10798,29.1,5.4,0,6,420.88,0
Ward-17,8504,41.6,30.2,1,15,295.41,0
Ward-6,2668,34.6,12.0,1,22,162.34,0
Ward-7,2379,25.6,26.9,1,26,89.79,1
Ward-9,3216,19.6,13.7,1,11,153.32,0
Ward-9,10221,26.6,21.9,1,30,439.18,1
Ward-16,10260,24.8,18.1,1,2,536.04,1
Ward-8,2388,35.6,15.7,1,27,91.88,0
Ward-8,7274,26.8,35.8,0,16,412.9,0
Ward-15,11747,44.5,9.7,0,18,399.48,0
Ward-18,5870,21.5,14.4,0,25,216.92,0
Ward-9,2453,29.5,7.8,1,18,91.31,0
Ward-20,2647,27.8,7.2,0,13,87.05,0
Ward-16,6475,41.1,19.0,0,24,193.44,0
Ward-13,6448,32.6,37.6,1,19,278.12,0
Ward-13,5198,35.0,3.6,1,27,174.21,0
Ward-20,2413,26.3,11.9,0,8,117.96,0
Ward-4,11462,19.7,5.0,1,27,664.3,1
Ward-16,8588,30.5,16.6,0,19,464.51,0
Ward-19,8538,37.9,3.9,0,19,279.18,0
Ward-14,7020,26.9,37.3,1,28,420.51,1
Ward-2,4112,41.9,26.6,0,9,204.2,0
Ward-8,7002,30.2,35.0,1,15,341.0,0
Ward-7,4437,19.6,36.7,0,18,171.31,0
Ward-16,5862,27.7,20.1,0,15,348.99,0
Ward-7,5521,35.0,13.6,1,29,259.63,0
Ward-9,2491,42.1,24.5,1,22,114.95,1
Ward-17,7051,38.7,11.4,1,9,238.35,0
Ward-19,11129,24.3,28.9,1,26,545.15,1
Ward-8,11876,20.1,29.3,1,22,504.66,1
Ward-5,9754,24.7,38.9,0,27,353.76,1
Ward-1,8396,35.0,2.3,0,14,348.54,0
Ward-2,3911,25.1,35.1,0,12,151.92,0
Ward-11,4900,44.3,16.6,1,6,265.68,0
Ward-14,4981,41.9,7.8,1,2,182.42,0
Ward-12,3920,38.0,35.4,1,7,141.08,0
Ward-5,3377,20.1,18.7,1,29,151.37,0
Ward-19,7446,30.9,11.6,0,21,355.92,1
Ward-6,6919,28.2,20.2,1,3,225.53,0
Ward-14,6474,38.3,25.7,0,29,238.6,0
Ward-6,11611,34.1,20.0,1,6,445.66,1
Ward-11,5512,35.6,24.9,1,12,294.6,0
Ward-4,7900,24.5,0.1,1,11,419.3,0
Ward-3,10667,23.9,11.1,0,30,529.36,1
Ward-11,9627,39.9,22.3,1,11,522.48,1
Ward-1,10243,20.5,10.0,1,29,608.97,1
Ward-18,8290,43.4,12.3,0,27,423.63,1
Ward-14,2217,29.5,29.5,1,4,109.86,0
Ward-20,8770,24.5,17.8,1,20,302.53,0
Ward-3,10501,42.6,23.9,0,13,418.55,1
Ward-9,9172,20.3,23.3,0,4,515.65,1
Ward-5,5129,20.2,1.8,1,25,178.39,0
Ward-16,4704,33.1,32.5,1,26,295.94,1
Ward-8,4189,21.0,6.9,1,29,145.62,0
Ward-20,10978,26.0,14.9,1,20,454.67,1
Ward-20,9416,31.6,10.5,0,30,282.59,0
Ward-3,6559,40.6,5.5,1,1,311.94,0
Ward-16,4778,24.7,33.8,1,3,240.47,0
Ward-12,4779,32.0,37.1,1,24,243.93,1
Ward-9,9486,44.3,26.4,1,7,555.3,1
Ward-20,10254,22.6,9.2,1,11,464.09,1
Ward-20,10759,40.9,8.4,1,14,320.37,0
Ward-4,2661,28.0,8.7,1,24,117.66,0
Ward-1,6599,40.1,9.2,0,8,277.82,0
Ward-1,4185,32.3,30.7,1,20,200.31,0
Ward-1,8867,23.7,12.3,1,30,490.69,1
Ward-16,7351,40.8,31.9,0,2,231.71,0
Ward-13,4706,35.9,15.2,1,30,136.77,0
Ward-5,6545,27.3,11.7,1,26,304.81,0
Ward-13,8119,24.5,6.3,1,21,313.96,0
Ward-19,7420,19.0,17.9,1,30,368.87,1
Ward-11,9516,42.2,19.4,1,18,529.37,1
Ward-12,4534,26.9,6.8,1,27,250.46,0
Ward-14,9503,39.4,33.8,0,3,485.37,1
Ward-6,4585,41.0,23.6,0,20,182.63,0
Ward-14,7369,41.7,8.4,1,16,292.33,0
Ward-19,2864,21.8,32.8,1,9,69.23,0
Ward-18,6296,38.5,13.7,0,5,238.9,0
Ward-11,9696,42.0,8.9,1,3,484.65,1
Ward-20,9898,28.1,9.9,0,20,364.18,0
Ward-5,9116,38.2,0.9,0,17,351.23,0
Ward-8,5350,25.1,16.3,0,17,257.63,0
Ward-7,9353,21.9,7.2,1,29,382.74,1
Ward-7,5580,36.7,1.6,0,23,309.81,0
Ward-3,8301,19.3,9.8,0,2,369.64,0
Ward-10,3422,32.3,12.1,1,21,182.43,0
Ward-6,2260,35.0,36.7,0,8,101.88,0
Ward-2,4594,36.5,2.7,0,30,204.08,0
Ward-14,10170,43.4,31.3,1,8,559.13,1
Ward-15,8184,26.4,13.9,1,20,451.28,0
Ward-17,3815,34.6,32.2,1,7,165.01,0
Ward-4,3767,42.3,5.6,0,19,136.84,0
Ward-2,10804,34.7,30.0,0,23,411.1,1
Ward-3,5371,27.9,29.8,0,10,318.84,0
Ward-11,2466,30.5,5.7,1,1,117.96,0
Ward-14,2232,28.4,11.3,0,11,94.23,0
Ward-10,7008,40.0,19.1,0,4,422.48,0
Ward-14,6680,33.2,9.8,1,22,235.51,0
Ward-19,9431,24.7,7.0,1,2,399.6,1
Ward-16,4766,27.3,26.7,0,8,259.86,0
Ward-12,10310,34.7,18.2,0,6,412.28,0
Ward-9,10695,44.6,22.4,0,19,548.88,1
Ward-19,6917,40.4,14.3,0,13,341.7,0
Ward-19,3101,38.2,28.0,1,11,166.57,0
Ward-10,6891,29.7,30.7,0,8,357.45,0
Ward-9,3188,44.2,6.8,0,29,189.19,0
Ward-13,10118,32.5,13.2,1,29,289.14,1
Ward-19,9699,38.6,24.0,1,25,319.81,1
Ward-10,8156,30.2,1.7,0,14,374.95,0
Ward-11,2728,38.1,36.3,0,2,139.49,0
Ward-3,9560,31.1,28.4,1,8,378.22,1
Ward-2,6066,20.9,3.9,1,1,321.33,0
Ward-5,3438,28.4,10.7,1,11,189.6,0
Ward-10,4935,37.4,28.5,0,28,169.09,0
Ward-13,10026,36.6,20.1,0,12,502.24,1
Ward-13,10537,43.3,2.8,1,24,471.78,1
Ward-12,8813,36.3,3.2,1,14,415.65,0
Ward-10,2706,33.3,16.8,0,13,107.12,0
Ward-11,11317,41.8,12.5,1,4,615.59,1
Ward-7,11617,27.0,39.4,0,5,434.26,1
Ward-3,10368,22.0,15.8,1,3,478.89,1
Ward-5,9039,42.4,18.0,1,18,506.81,1
Ward-13,11498,31.1,12.2,1,19,605.21,1
Ward-20,8690,38.0,3.4,1,30,313.12,0
Ward-16,2834,25.0,8.2,0,6,162.35,0
Ward-3,8913,24.8,9.4,0,5,392.67,0
Ward-1,3812,31.2,8.2,0,25,186.48,0
Ward-17,8967,24.6,39.8,0,27,416.71,1
Ward-8,8362,18.1,31.5,0,7,241.43,0
Ward-14,9707,23.6,29.5,1,15,404.85,1
Ward-10,4723,38.7,20.8,0,1,270.13,0
Ward-2,5556,41.1,6.4,0,1,188.11,0
Ward-17,4852,37.2,12.2,1,7,247.46,0
Ward-8,7595,40.7,3.2,0,1,461.2,0
Ward-18,2054,36.5,17.2,1,17,99.19,0
Ward-5,3099,33.2,8.0,0,23,108.78,0
Ward-6,10233,38.6,18.7,0,26,600.83,1
Ward-14,8306,28.6,15.7,1,16,275.78,0
Ward-8,4594,29.2,34.0,1,11,127.26,0
Ward-16,2806,37.4,26.7,1,1,153.89,0
Ward-7,7653,35.1,7.9,0,22,284.13,0
Ward-11,4066,40.8,17.9,1,14,161.0,0
Ward-11,2777,40.0,33.1,0,2,114.12,0
Ward-18,3009,30.3,2.7,1,11,117.94,0
Ward-20,6785,39.5,24.1,1,6,370.23,1
Ward-17,5898,31.7,36.0,0,30,296.23,0
Ward-9,11619,30.6,19.9,1,19,375.68,1
Ward-3,8688,41.1,17.6,1,5,412.89,0
Ward-5,8336,20.9,22.7,1,22,334.48,1
Ward-1,4146,33.2,22.5,1,19,208.82,0
Ward-9,7240,30.4,33.3,1,28,311.89,1
Ward-8,10885,32.5,17.5,1,1,598.53,1
Ward-2,11545,41.0,27.9,1,24,482.73,1
Ward-7,4320,43.5,22.6,1,30,237.94,1
Ward-13,2250,42.9,23.2,1,3,76.3,0
Ward-14,8272,20.9,31.0,0,14,257.92,0
Ward-18,2681,44.9,17.5,0,22,107.77,0
Ward-8,5517,32.9,22.0,0,6,183.92,0
Ward-20,8994,28.7,19.1,0,15,294.74,0
Ward-15,5662,26.0,10.0,0,29,230.44,0
Ward-1,9536,35.3,23.2,0,12,416.41,1
Ward-16,6702,40.7,33.9,1,16,289.94,0
Ward-13,9382,23.4,9.8,1,9,465.97,1
Ward-11,6432,44.7,35.8,1,24,388.28,1
Ward-2,7796,32.0,20.1,0,2,425.86,0
Ward-4,4238,44.1,32.0,1,27,224.41,1
Ward-9,10115,39.0,35.8,0,19,384.98,1
Ward-1,3484,39.0,15.4,1,20,197.57,0
Ward-1,2669,18.7,36.7,0,29,152.18,0
Ward-17,10297,43.3,10.3,1,30,532.42,1
Ward-10,10128,25.6,33.8,0,27,496.94,1
Ward-18,11902,25.5,8.4,1,19,474.72,1
Ward-8,4350,20.9,38.4,1,10,153.34,0
Ward-9,4869,27.7,2.7,0,29,212.89,0
Ward-12,11849,26.1,29.9,1,6,582.04,1
Ward-6,7136,33.2,24.9,0,24,370.76,1
Ward-5,6045,33.1,28.4,1,15,249.14,0
Ward-13,4708,40.7,20.9,1,29,264.67,1
Ward-7,7074,18.5,8.5,1,18,256.9,0
Ward-10,5185,18.6,4.0,0,14,200.32,0
Ward-19,5350,35.1,34.9,1,23,157.26,1
Ward-13,5970,31.8,35.1,1,4,233.83,0
Ward-3,11026,26.8,8.9,0,3,599.98,0
Ward-2,7588,29.8,18.0,1,16,229.37,0
Ward-18,11054,34.4,30.5,0,2,638.56,1
Ward-15,7236,39.7,10.8,1,17,368.92,0
Ward-8,2211,23.6,0.5,1,16,85.91,0
Ward-6,6362,38.5,18.9,0,13,262.65,0
Ward-15,3050,23.1,16.2,1,16,186.16,0
Ward-4,7065,26.5,18.1,0,12,297.95,0
Ward-10,10490,32.4,39.3,1,5,547.57,1
Ward-20,11395,44.1,28.3,1,4,586.43,1
Ward-4,7155,37.9,19.1,0,26,279.08,0
Ward-3,7239,30.4,11.5,1,16,438.82,0
Ward-2,8778,38.3,33.9,0,20,406.91,0
Ward-7,3109,41.2,8.9,1,11,145.9,0
Ward-16,7243,31.7,17.1,0,30,363.09,1
Ward-12,8173,23.5,9.6,0,25,363.74,1
Ward-10,7891,21.7,30.8,1,2,309.65,0
Ward-11,9708,41.0,37.5,0,13,349.02,0
Ward-7,4722,44.0,39.8,0,15,138.63,0
Ward-17,8384,38.9,28.6,1,19,505.17,1
Ward-9,9887,29.3,32.2,0,21,424.2,1
Ward-18,7644,35.6,11.2,1,25,416.31,1
Ward-17,3572,33.4,34.7,0,26,159.76,0
Ward-19,6596,20.4,31.8,0,30,377.26,1
Ward-17,2015,41.4,30.6,1,6,88.93,0
Ward-9,3553,42.6,14.4,1,12,149.98,0
Ward-20,4690,26.6,35.9,0,3,157.61,0
Ward-8,7687,28.9,1.1,0,17,264.35,0
Ward-11,6960,41.5,0.4,1,19,380.49,0
Ward-13,7902,30.0,17.1,1,21,257.87,0
Ward-12,2977,32.2,6.9,1,30,132.64,0
Ward-7,6883,29.8,2.0,0,7,197.48,0
Ward-12,10919,29.9,20.8,1,13,495.49,1
Ward-7,8437,23.7,15.9,0,1,460.48,0
Ward-2,3689,30.7,29.8,0,17,185.25,0
Ward-7,8639,26.4,2.0,1,26,488.85,1
Ward-19,3322,35.1,17.3,0,9,192.99,0
Ward-2,5747,43.5,2.4,0,13,254.2,0
Ward-14,4931,44.6,38.8,1,12,264.0,0
Ward-10,2043,32.4,13.3,1,5,74.27,0
Ward-3,3705,35.1,20.5,1,3,124.44,0
Ward-14,2716,38.0,31.6,0,28,93.46,0
Ward-14,11685,18.5,4.2,1,20,569.93,1
Ward-20,3735,42.5,28.8,0,29,129.94,0
Ward-1,8822,28.5,19.7,1,11,540.76,0
Ward-8,4416,42.5,17.2,0,28,163.35,0
Ward-5,5464,38.9,22.9,1,9,299.52,0
Ward-1,9551,20.1,2.7,0,22,406.36,1
Ward-17,8141,18.6,9.8,0,12,410.18,0
Ward-14,9106,30.0,10.1,1,8,533.54,1
Ward-4,10185,38.6,10.2,1,12,396.02,1
Ward-6,11222,42.8,34.7,0,10,593.57,1
Ward-6,2094,40.2,7.2,0,12,99.45,0
Ward-17,11609,41.2,27.2,0,4,657.39,1
Ward-18,2058,21.2,32.6,1,20,81.66,0
Ward-2,7367,38.5,19.1,0,23,261.03,0
Ward-20,3038,24.3,24.0,0,2,132.23,0
Ward-6,7986,19.2,30.2,1,9,395.98,1
Ward-8,11193,24.2,38.4,1,2,607.81,1
Ward-8,9894,35.3,14.2,0,20,460.81,0
Ward-18,7838,37.9,0.8,0,1,363.68,0
Ward-4,6710,33.0,26.2,0,19,332.53,0
Ward-1,7450,44.3,30.2,1,30,387.68,1
Ward-4,7481,33.8,33.5,0,18,241.0,0
Ward-16,4791,20.8,24.6,1,9,184.08,0
Ward-8,11306,20.9,2.9,0,16,672.06,0
Ward-1,2484,23.4,10.2,1,17,125.33,0
Ward-9,10682,28.7,27.0,1,25,378.9,1
Ward-9,11811,28.2,15.1,0,15,397.95,0
Ward-2,6787,41.0,31.8,1,4,236.07,0
Ward-18,2025,23.2,20.7,0,17,93.82,0
Ward-5,10740,36.3,23.4,1,1,424.07,1
Ward-12,3916,28.9,5.5,1,16,226.88,0
Ward-14,8860,33.1,37.9,0,7,426.89,0
Ward-7,8559,30.7,2.8,1,5,329.85,0
Ward-3,6071,27.1,19.5,1,6,308.36,0
Ward-17,5768,38.4,8.8,0,20,299.36,0
Ward-20,8007,21.7,27.9,1,2,367.07,1
Ward-12,5083,22.9,32.2,1,29,196.78,1
Ward-1,3523,20.3,24.8,1,27,179.98,1
Ward-11,6461,37.6,8.1,1,28,274.63,0
Ward-19,2652,33.5,16.7,0,20,117.14,0
Ward-13,7511,33.5,37.8,0,20,323.26,0
Ward-2,5286,38.9,10.0,1,16,207.06,0
Ward-18,11511,20.6,2.0,0,10,633.4,0
Ward-16,7140,29.6,25.6,0,2,324.22,0
