bin_id,population_nearby,rainfall_mm,temperature_c,is_holiday,hours_since_last_collection,previous_fill_percentage,overflow_probability,will_overflow
BIN-0002,4272,3.49,23.5,0,24.5,98.6,1.0,1
BIN-0068,837,0.42,14.4,0,23.6,98.3,1.0,1
BIN-0139,3804,8.48,21.5,0,34.0,85.8,1.0,1
BIN-0147,3499,6.21,20.7,0,45.3,39.8,1.0,1
BIN-0039,2561,13.8,21.9,0,44.5,87.7,1.0,1
BIN-0099,1370,1.3,11.3,1,46.4,55.8,1.0,1
BIN-0009,630,1.63,31.5,0,20.6,88.8,1.0,1
BIN-0116,2097,0.44,27.3,0,9.4,54.9,0.712,0
BIN-0054,3573,2.97,25.0,0,18.9,74.4,1.0,1
BIN-0145,2136,1.84,30.1,0,13.5,59.0,1.0,1
BIN-0109,3742,3.33,23.9,0,31.7,66.9,1.0,1
BIN-0061,4797,3.46,36.8,0,47.7,47.0,1.0,1
BIN-0046,3056,12.32,24.0,1,46.3,85.3,1.0,1
BIN-0067,1516,0.93,30.7,0,28.2,9.7,0.538,0
BIN-0032,4056,5.56,14.6,0,16.8,84.9,1.0,1
BIN-0137,4243,6.06,14.0,0,39.3,86.7,1.0,1
BIN-0013,2933,0.43,20.6,0,3.3,57.9,0.669,0
BIN-0032,4056,4.32,24.7,0,15.2,59.1,1.0,1
BIN-0086,700,1.44,9.1,0,14.5,96.5,1.0,1
BIN-0103,1363,0.45,25.4,0,31.3,72.6,1.0,1
BIN-0013,2933,17.46,14.5,0,13.5,18.4,0.621,0
BIN-0062,2481,9.04,18.8,0,9.2,25.0,0.603,0
BIN-0126,2737,0.49,27.2,0,22.0,73.0,1.0,1
BIN-0076,564,4.17,19.6,0,16.3,98.0,1.0,1
BIN-0144,3957,0.51,-0.9,0,22.0,39.9,1.0,1
BIN-0010,2185,14.89,22.4,0,44.9,50.1,1.0,1
BIN-0069,1378,5.76,29.5,1,41.9,63.6,1.0,1
BIN-0084,2778,4.28,37.7,0,27.1,94.1,1.0,1
BIN-0067,1516,8.59,15.8,0,11.9,37.7,0.618,0
BIN-0035,3388,2.05,15.8,0,17.7,26.1,0.962,1
BIN-0135,2498,0.63,32.6,0,35.8,80.3,1.0,1
BIN-0138,1995,2.75,40.0,0,7.9,25.0,0.5,0
BIN-0096,1528,2.08,37.4,0,6.7,90.3,0.988,1
BIN-0062,2481,3.43,12.6,0,4.5,95.9,1.0,1
BIN-0147,3499,0.48,27.6,1,28.4,63.2,1.0,1
BIN-0117,3560,0.48,34.0,0,45.5,78.1,1.0,1
BIN-0039,2561,0.48,19.4,0,22.3,88.8,1.0,1
BIN-0075,4384,0.62,28.3,0,6.7,8.4,0.351,0
BIN-0141,2353,1.26,32.1,0,25.6,23.3,0.839,0
BIN-0136,3945,2.34,34.2,1,47.4,75.3,1.0,1
BIN-0070,1576,6.16,6.3,0,13.4,33.0,0.551,0
BIN-0126,2737,3.39,24.9,0,7.5,11.8,0.321,0
BIN-0105,1063,6.82,16.2,0,24.0,8.3,0.411,0
BIN-0117,3560,16.51,26.8,0,27.5,96.9,1.0,1
BIN-0146,4196,0.91,19.4,1,34.1,38.4,1.0,1
BIN-0012,2891,15.93,23.9,0,17.4,17.0,0.805,0
BIN-0090,1304,2.46,18.9,0,14.0,45.3,0.6,0
BIN-0145,2136,1.64,38.8,0,8.1,7.6,0.181,0
BIN-0134,1163,14.96,30.9,0,44.9,86.6,1.0,1
BIN-0109,3742,0.9,36.2,0,47.3,37.7,1.0,1
BIN-0026,3234,2.4,24.1,0,14.6,5.6,0.612,0
BIN-0006,3944,5.88,38.1,1,28.9,72.6,1.0,1
BIN-0083,4061,1.42,16.5,1,29.9,22.9,1.0,1
BIN-0113,3657,7.07,25.0,0,40.2,30.8,1.0,1
BIN-0054,3573,17.21,20.5,0,38.1,63.9,1.0,1
BIN-0075,4384,1.2,33.5,0,22.1,90.4,1.0,1
BIN-0052,2085,3.96,31.9,0,26.1,69.8,1.0,1
BIN-0029,1767,0.8,24.9,0,23.1,98.0,1.0,1
BIN-0053,4443,2.13,28.0,0,26.7,46.0,1.0,1
BIN-0080,1995,0.82,27.9,0,17.9,89.7,1.0,1
BIN-0093,2070,18.08,14.1,0,17.9,34.8,0.877,0
BIN-0022,3247,0.46,24.1,0,18.8,50.3,1.0,1
BIN-0045,1978,1.94,24.7,0,25.5,15.7,0.637,0
BIN-0048,4514,0.32,31.8,0,10.5,20.9,0.655,0
BIN-0127,1806,12.89,31.1,0,35.1,6.2,0.822,0
BIN-0056,3961,0.71,31.9,0,3.4,86.7,1.0,1
BIN-0038,2863,3.8,18.5,0,2.9,32.2,0.367,0
BIN-0086,700,1.98,38.5,0,24.9,8.7,0.312,0
BIN-0111,2222,6.67,41.7,0,19.4,33.7,0.896,0
BIN-0026,3234,4.68,24.9,0,44.9,0.8,1.0,1
BIN-0021,2547,0.83,19.8,0,15.1,17.3,0.54,0
BIN-0055,1521,9.24,26.4,1,2.2,97.5,1.0,1
BIN-0094,3190,0.94,29.2,0,28.3,28.0,1.0,1
BIN-0044,1863,1.15,30.1,0,34.5,76.8,1.0,1
BIN-0038,2863,4.35,24.5,0,4.4,33.7,0.412,0
BIN-0010,2185,3.98,13.8,0,6.0,13.9,0.293,0
BIN-0073,992,7.14,19.2,0,18.0,93.0,1.0,1
BIN-0062,2481,6.85,30.5,1,11.4,37.9,0.856,0
BIN-0001,1360,6.76,34.3,0,38.6,20.2,0.81,0
BIN-0030,2028,8.72,20.4,0,43.8,31.6,1.0,1
BIN-0042,3324,2.49,23.0,0,23.3,30.1,1.0,1
BIN-0023,1475,2.89,10.1,0,26.5,6.7,0.529,0
BIN-0104,3290,4.89,13.2,0,38.5,62.0,1.0,1
BIN-0038,2863,6.98,32.8,0,11.4,71.4,1.0,1
BIN-0005,4926,10.47,33.3,0,40.9,12.7,1.0,1
BIN-0015,3885,7.98,21.6,0,35.1,64.1,1.0,1
BIN-0036,2935,6.3,34.5,1,17.8,22.7,1.0,1
BIN-0023,1475,3.1,26.4,0,2.8,87.2,1.0,1
BIN-0100,4988,12.55,34.6,0,5.2,7.7,0.434,0
BIN-0040,741,9.18,20.0,0,40.5,33.2,0.663,0
BIN-0055,1521,1.29,12.3,0,11.5,78.8,1.0,1
BIN-0035,3388,2.54,31.6,0,18.0,73.8,1.0,1
BIN-0017,3404,4.42,28.8,0,3.6,31.1,0.367,0
BIN-0029,1767,4.34,16.9,1,8.8,41.5,0.695,0
BIN-0063,1495,28.84,45.6,0,36.5,21.0,1.0,1
BIN-0062,2481,1.15,45.6,0,37.7,45.3,1.0,1
BIN-0113,3657,2.56,15.6,0,41.6,94.6,1.0,1
BIN-0032,4056,1.59,25.5,0,47.0,84.0,1.0,1
BIN-0135,2498,5.38,30.8,0,6.8,80.0,0.931,1
BIN-0067,1516,10.92,38.7,0,47.5,60.3,1.0,1
BIN-0046,3056,8.87,38.2,0,15.5,89.6,1.0,1
BIN-0007,3671,5.02,30.5,0,42.3,64.3,1.0,1
BIN-0082,4974,11.16,20.8,0,19.5,59.0,1.0,1
BIN-0140,4263,8.88,34.5,0,41.6,22.0,1.0,1
BIN-0086,700,7.57,26.3,1,23.7,18.2,0.419,0
BIN-0114,3125,0.11,27.5,0,13.9,13.9,0.488,0
BIN-0004,966,0.71,27.4,0,39.8,53.0,0.951,1
BIN-0042,3324,4.3,28.3,0,40.2,20.6,1.0,1
BIN-0106,4691,0.75,17.8,0,13.5,63.3,1.0,1
BIN-0053,4443,0.96,23.7,0,25.9,4.7,1.0,1
BIN-0054,3573,6.7,26.5,0,19.9,28.9,1.0,1
BIN-0113,3657,6.39,29.3,0,45.9,13.5,1.0,1
BIN-0056,3961,1.21,20.4,0,29.5,33.4,1.0,1
BIN-0073,992,0.39,24.7,0,22.0,24.6,0.555,0
BIN-0131,1209,0.4,32.9,1,38.3,69.1,1.0,1
BIN-0047,1275,0.45,35.3,0,31.3,98.1,1.0,1
BIN-0089,4145,5.2,22.7,0,4.0,58.8,0.779,0
BIN-0145,2136,1.0,31.5,0,34.1,29.7,1.0,1
BIN-0072,879,17.71,24.7,0,40.8,31.9,0.839,0
BIN-0103,1363,0.19,13.8,0,5.5,69.6,0.797,0
BIN-0108,2178,4.25,26.4,0,35.9,52.0,1.0,1
BIN-0108,2178,1.33,30.7,0,47.9,35.1,1.0,1
BIN-0062,2481,3.27,32.4,1,37.3,41.8,1.0,1
BIN-0103,1363,3.7,10.1,0,34.9,58.9,1.0,1
BIN-0073,992,0.58,17.4,1,38.7,25.9,0.828,0
BIN-0124,2538,2.7,43.5,0,47.6,23.2,1.0,1
BIN-0148,3652,9.1,29.9,0,4.2,38.4,0.538,0
BIN-0003,3592,8.75,29.1,0,25.8,59.7,1.0,1
BIN-0061,4797,1.51,10.4,1,43.3,46.3,1.0,1
BIN-0013,2933,1.27,43.9,0,6.2,87.7,1.0,1
BIN-0067,1516,1.59,20.2,0,3.6,32.9,0.384,0
BIN-0025,689,4.0,23.6,0,13.9,72.3,0.787,0
BIN-0090,1304,3.8,32.3,0,32.5,54.4,1.0,1
BIN-0033,4390,10.54,29.7,0,41.9,70.8,1.0,1
BIN-0107,2257,1.36,17.6,0,46.2,46.5,1.0,1
BIN-0031,3702,8.74,22.0,0,9.4,81.8,1.0,1
BIN-0077,3068,3.54,26.5,0,14.0,63.4,1.0,1
BIN-0088,2954,8.54,21.9,0,21.9,84.0,1.0,1
BIN-0060,661,0.99,31.2,0,37.5,94.7,1.0,1
BIN-0017,3404,7.37,23.1,0,5.4,85.2,1.0,1
BIN-0014,1684,18.15,27.9,0,3.0,32.4,0.367,0
BIN-0079,3195,8.54,24.1,1,6.7,85.4,1.0,1
BIN-0015,3885,7.92,16.8,0,33.3,65.5,1.0,1
BIN-0027,3505,10.13,28.4,0,46.4,76.0,1.0,1
BIN-0131,1209,1.87,34.3,0,11.2,86.8,0.962,1
BIN-0024,2306,2.3,24.3,1,10.5,86.9,1.0,1
BIN-0053,4443,0.83,38.0,0,38.7,29.4,1.0,1
BIN-0024,2306,12.68,35.0,0,7.4,12.5,0.364,0
BIN-0084,2778,2.81,24.7,0,28.8,26.9,1.0,1
BIN-0088,2954,2.84,40.7,0,46.8,72.2,1.0,1
BIN-0011,1269,5.94,28.0,0,24.1,10.5,0.471,0
BIN-0145,2136,0.54,22.4,0,11.7,34.6,0.601,0
BIN-0097,1002,3.65,23.0,0,5.6,39.7,0.423,0
BIN-0103,1363,1.12,32.4,0,32.8,95.2,1.0,1
BIN-0061,4797,6.13,25.5,0,42.1,71.4,1.0,1
BIN-0062,2481,7.65,22.3,0,27.4,59.7,1.0,1
BIN-0022,3247,3.01,28.2,0,5.8,6.0,0.368,0
BIN-0087,3604,5.25,43.9,0,23.6,74.4,1.0,1
BIN-0119,4127,2.84,29.0,0,5.8,40.3,0.554,0
BIN-0093,2070,2.71,28.9,0,46.2,41.6,1.0,1
BIN-0024,2306,2.77,15.2,1,3.8,86.7,0.934,1
BIN-0096,1528,4.43,24.3,0,29.5,79.3,1.0,1
BIN-0039,2561,1.62,31.4,0,30.7,63.2,1.0,1
BIN-0143,4081,1.34,21.2,0,31.1,37.3,1.0,1
BIN-0002,4272,1.0,24.8,0,42.1,44.5,1.0,1
BIN-0084,2778,4.49,22.1,1,13.9,65.7,1.0,1
BIN-0045,1978,1.35,28.5,0,17.2,44.9,0.784,0
BIN-0076,564,8.83,12.5,0,34.5,16.7,0.375,0
BIN-0028,2399,0.19,31.8,0,40.8,80.6,1.0,1
BIN-0111,2222,10.14,22.9,0,4.6,53.1,0.645,0
BIN-0020,3058,0.27,15.1,0,6.1,10.3,0.321,0
BIN-0012,2891,0.8,32.3,0,25.7,48.9,1.0,1
BIN-0038,2863,0.75,17.5,0,46.6,9.4,1.0,1
BIN-0008,3419,0.85,31.4,1,19.2,1.8,0.959,1
BIN-0145,2136,8.89,28.0,0,38.6,91.9,1.0,1
BIN-0001,1360,1.21,16.3,0,6.9,65.8,0.836,0
BIN-0063,1495,18.9,33.0,0,28.1,73.8,1.0,1
BIN-0068,837,5.26,32.2,0,16.6,86.9,1.0,1
BIN-0129,3175,0.64,23.6,0,18.9,39.6,1.0,1
BIN-0149,1198,2.39,42.7,0,22.4,1.5,0.352,0
BIN-0011,1269,4.62,33.7,0,19.5,86.3,1.0,1
BIN-0048,4514,9.39,12.0,0,20.1,54.9,1.0,1
BIN-0046,3056,6.33,31.1,0,44.6,6.0,1.0,1
BIN-0021,2547,3.26,21.3,0,26.1,67.0,1.0,1
BIN-0035,3388,4.35,27.0,0,46.9,82.3,1.0,1
BIN-0094,3190,1.0,17.2,0,34.6,10.7,1.0,1
BIN-0042,3324,12.49,18.4,0,19.2,52.6,1.0,1
BIN-0047,1275,15.12,34.6,0,12.5,21.2,0.439,0
BIN-0010,2185,0.96,30.9,0,27.6,25.6,0.858,0
BIN-0068,837,1.61,22.6,0,6.4,62.4,0.741,0
BIN-0069,1378,0.92,30.1,0,6.4,2.4,0.134,0
BIN-0143,4081,1.31,29.5,0,31.1,5.8,1.0,1
BIN-0002,4272,1.6,38.4,0,22.5,72.5,1.0,1
BIN-0024,2306,0.69,27.4,0,14.6,7.9,0.394,0
BIN-0097,1002,4.53,11.5,0,30.4,44.2,0.712,0
BIN-0060,661,0.35,20.0,0,42.5,65.1,0.969,1
BIN-0044,1863,1.96,34.8,1,32.4,55.8,1.0,1
BIN-0098,4993,2.96,31.9,0,46.2,63.5,1.0,1
BIN-0047,1275,1.12,17.7,0,36.8,34.8,0.831,0
BIN-0140,4263,19.88,6.3,0,46.8,2.0,1.0,1
BIN-0104,3290,7.32,31.2,0,13.8,78.8,1.0,1
BIN-0032,4056,0.68,29.0,0,3.7,30.3,0.483,0
BIN-0114,3125,2.09,12.7,0,25.4,82.5,1.0,1
BIN-0055,1521,0.88,27.9,0,20.0,50.1,0.881,0
BIN-0049,534,0.62,21.5,0,41.9,80.6,1.0,1
BIN-0080,1995,1.19,20.6,0,9.1,22.4,0.458,0
BIN-0020,3058,4.26,26.0,0,16.4,60.6,1.0,1
BIN-0065,4298,4.66,19.8,0,20.3,14.6,1.0,1
BIN-0117,3560,0.65,32.6,0,5.7,77.7,0.812,0
BIN-0128,4529,2.83,25.5,0,6.9,64.1,0.87,0
BIN-0093,2070,0.09,11.7,0,28.0,19.2,0.834,0
BIN-0089,4145,0.3,20.5,0,16.0,10.1,0.746,0
BIN-0080,1995,5.88,37.2,0,12.7,22.1,0.571,0
BIN-0052,2085,5.33,28.8,0,20.6,65.4,1.0,1
BIN-0007,3671,3.73,14.5,0,46.3,24.9,1.0,1
BIN-0062,2481,3.28,20.6,0,11.9,1.2,0.346,0
BIN-0082,4974,0.33,24.0,0,31.7,49.9,1.0,1
BIN-0117,3560,3.35,21.5,0,23.9,37.6,1.0,1
BIN-0042,3324,7.69,19.6,0,22.1,25.5,1.0,1
BIN-0010,2185,13.32,31.5,0,24.8,38.6,1.0,1
BIN-0079,3195,11.01,33.1,0,47.5,44.3,1.0,1
BIN-0008,3419,0.21,26.9,0,5.3,1.2,0.171,0
BIN-0133,4248,3.55,18.8,1,46.7,94.2,1.0,1
BIN-0028,2399,2.19,35.0,0,5.2,42.4,0.443,0
BIN-0111,2222,0.43,29.9,0,11.5,12.1,0.444,0
BIN-0126,2737,1.51,32.7,0,7.8,47.4,0.691,0
BIN-0002,4272,4.61,37.2,0,32.2,12.8,1.0,1
BIN-0015,3885,0.59,18.4,0,27.3,38.9,1.0,1
BIN-0114,3125,14.33,21.1,0,42.8,64.6,1.0,1
BIN-0122,2163,8.46,23.7,0,23.2,84.2,1.0,1
BIN-0104,3290,4.08,34.0,0,26.8,72.8,1.0,1
BIN-0002,4272,0.71,31.5,0,25.3,84.1,1.0,1
BIN-0022,3247,3.91,26.9,0,28.0,68.9,1.0,1
BIN-0039,2561,4.3,23.6,0,27.7,81.2,1.0,1
BIN-0108,2178,6.48,35.3,0,27.5,73.3,1.0,1
BIN-0066,1775,2.2,27.2,0,37.0,3.5,0.794,0
BIN-0014,1684,6.92,31.2,0,40.7,47.0,1.0,1
BIN-0101,706,0.67,37.5,0,12.0,13.8,0.161,0
BIN-0054,3573,5.95,34.3,0,29.1,48.1,1.0,1
BIN-0014,1684,6.43,23.2,0,4.4,48.7,0.555,0
BIN-0082,4974,4.61,17.1,0,36.3,98.2,1.0,1
BIN-0117,3560,7.77,2.8,0,17.1,43.4,1.0,1
BIN-0146,4196,2.32,31.2,0,10.0,63.8,1.0,1
BIN-0148,3652,7.7,23.2,0,19.7,57.2,1.0,1
BIN-0144,3957,1.13,27.8,0,34.2,58.6,1.0,1
BIN-0118,3193,1.59,9.8,1,13.9,43.0,1.0,1
BIN-0069,1378,9.22,29.1,0,24.2,13.3,0.502,0
BIN-0004,966,0.26,22.8,1,23.7,1.3,0.309,0
BIN-0108,2178,0.23,32.1,1,19.1,42.9,1.0,1
BIN-0070,1576,0.34,20.8,0,43.7,13.9,0.832,0
BIN-0007,3671,0.45,31.3,0,7.9,88.2,1.0,1
BIN-0149,1198,0.27,12.5,0,47.1,25.7,0.798,0
BIN-0131,1209,6.46,20.5,0,45.6,96.7,1.0,1
BIN-0117,3560,1.28,30.1,0,26.1,11.5,1.0,1
BIN-0098,4993,2.59,36.5,0,30.2,22.6,1.0,1
BIN-0098,4993,3.31,28.5,0,20.9,65.1,1.0,1
BIN-0086,700,1.72,22.6,0,47.0,79.4,1.0,1
BIN-0049,534,1.12,19.3,0,36.8,51.9,0.695,0
BIN-0120,1863,0.67,17.2,0,45.5,56.0,1.0,1
BIN-0028,2399,7.39,32.1,0,24.9,10.5,0.787,0
BIN-0023,1475,8.63,35.5,1,11.4,52.3,0.79,0
BIN-0041,2541,4.31,34.5,0,44.1,53.3,1.0,1
BIN-0042,3324,2.97,15.2,0,18.7,89.7,1.0,1
BIN-0107,2257,20.53,22.3,0,43.1,65.4,1.0,1
BIN-0107,2257,1.88,18.1,1,24.3,12.2,1.0,1
BIN-0013,2933,1.95,18.1,0,6.3,2.9,0.239,0
BIN-0148,3652,11.05,26.6,0,41.5,81.9,1.0,1
BIN-0134,1163,6.19,22.6,0,23.1,35.8,0.562,0
BIN-0131,1209,10.59,12.0,0,6.0,71.9,0.815,0
BIN-0034,1146,2.14,37.9,0,30.6,35.2,0.701,0
BIN-0069,1378,8.2,21.2,0,36.0,10.6,0.717,0
BIN-0047,1275,0.96,21.8,0,14.8,64.3,0.862,0
BIN-0004,966,10.06,20.2,0,37.1,40.8,0.778,0
BIN-0142,1791,11.7,30.5,0,43.3,65.1,1.0,1
BIN-0134,1163,5.55,17.3,0,23.2,86.5,1.0,1
BIN-0072,879,0.69,35.5,0,2.8,42.1,0.428,0
BIN-0014,1684,12.51,30.7,0,43.9,75.4,1.0,1
BIN-0028,2399,0.09,32.1,0,42.1,11.3,1.0,1
BIN-0061,4797,0.35,11.4,0,5.4,22.6,0.514,0
BIN-0078,2527,6.8,28.4,0,43.0,18.5,1.0,1
BIN-0016,4617,1.37,25.6,0,40.2,59.9,1.0,1
BIN-0137,4243,5.53,30.2,0,16.6,43.5,1.0,1
BIN-0047,1275,0.74,17.1,0,45.6,44.5,1.0,1
BIN-0132,4913,5.64,22.1,0,46.7,26.3,1.0,1
BIN-0091,3231,6.8,43.3,0,13.7,36.2,0.87,0
BIN-0012,2891,4.63,23.4,0,22.7,47.3,1.0,1
BIN-0099,1370,1.09,13.0,0,25.8,0.6,0.404,0
BIN-0046,3056,0.25,27.4,0,23.3,43.9,1.0,1
BIN-0062,2481,2.53,20.4,0,26.5,88.0,1.0,1
BIN-0041,2541,0.15,22.7,0,44.8,16.5,1.0,1
BIN-0108,2178,6.54,27.8,0,33.0,29.7,1.0,1
BIN-0090,1304,15.51,21.1,0,4.7,60.4,0.692,0
BIN-0082,4974,1.48,33.6,0,6.2,59.6,0.946,1
BIN-0084,2778,11.53,11.6,0,21.0,64.6,1.0,1
BIN-0051,2455,4.5,26.7,0,35.3,12.1,1.0,1
BIN-0002,4272,3.78,29.5,0,22.6,8.4,1.0,1
BIN-0101,706,0.66,9.3,0,32.0,84.6,1.0,1
BIN-0107,2257,2.81,15.5,0,38.3,44.6,1.0,1
BIN-0098,4993,2.42,42.5,0,6.5,89.0,1.0,1
BIN-0057,3113,0.14,29.6,0,9.6,64.6,0.826,0
BIN-0056,3961,7.18,23.8,0,19.4,0.7,0.908,1
BIN-0126,2737,4.53,34.8,0,27.7,10.5,0.939,1
BIN-0113,3657,0.76,21.2,0,46.3,38.4,1.0,1
BIN-0107,2257,2.46,22.9,0,43.4,11.6,1.0,1
BIN-0124,2538,1.88,26.9,0,47.3,28.8,1.0,1
BIN-0126,2737,2.47,12.4,0,9.1,55.4,0.758,0
BIN-0109,3742,7.18,23.2,0,13.9,19.5,0.852,0
BIN-0085,3599,2.1,9.2,0,8.4,44.4,0.797,0
BIN-0111,2222,8.48,30.0,0,15.8,32.6,0.704,0
BIN-0019,1582,1.12,21.3,0,27.0,22.8,0.659,0
BIN-0064,3842,4.49,11.5,0,3.7,74.6,0.96,1
BIN-0005,4926,7.9,30.0,1,8.8,46.3,1.0,1
BIN-0048,4514,0.49,24.6,0,24.6,52.2,1.0,1
BIN-0143,4081,4.65,23.2,0,43.1,45.6,1.0,1
BIN-0092,3273,8.79,28.3,1,11.2,10.9,0.832,0
BIN-0116,2097,0.02,13.9,0,16.3,25.6,0.647,0
BIN-0069,1378,3.57,30.2,0,23.9,68.8,1.0,1
BIN-0067,1516,5.9,21.7,0,39.0,27.9,0.902,1
BIN-0030,2028,15.79,32.6,0,2.7,73.8,0.834,0
BIN-0025,689,5.01,26.4,0,6.8,39.9,0.458,0
BIN-0034,1146,0.4,11.9,0,18.0,11.1,0.238,0
BIN-0034,1146,0.03,19.3,0,13.1,47.8,0.646,0
BIN-0066,1775,0.38,12.1,0,14.9,80.3,1.0,1
BIN-0120,1863,2.6,22.8,0,12.4,64.0,0.915,1
BIN-0013,2933,4.63,35.9,0,42.9,50.3,1.0,1
BIN-0074,2562,4.41,19.8,0,13.1,71.4,1.0,1
BIN-0053,4443,8.15,33.5,0,37.7,27.1,1.0,1
BIN-0119,4127,0.86,17.3,0,6.7,18.9,0.518,0
BIN-0093,2070,0.24,32.6,0,40.6,0.4,0.797,0
BIN-0069,1378,14.1,23.6,0,41.9,57.2,1.0,1
BIN-0082,4974,11.12,31.8,0,46.3,8.9,1.0,1
BIN-0060,661,5.01,29.2,0,46.4,76.1,1.0,1
BIN-0017,3404,5.64,42.9,1,6.8,49.9,0.866,0
BIN-0103,1363,3.47,13.4,0,19.0,37.0,0.531,0
BIN-0124,2538,9.79,26.8,0,35.1,37.1,1.0,1
BIN-0054,3573,10.61,30.4,0,15.6,13.7,0.758,0
BIN-0007,3671,0.67,26.1,0,28.6,8.5,1.0,1
BIN-0013,2933,0.3,25.3,0,40.4,1.5,1.0,1
BIN-0102,1984,2.06,23.3,0,26.4,59.5,1.0,1
BIN-0024,2306,6.45,36.3,0,14.3,22.0,0.564,0
BIN-0092,3273,18.65,30.4,0,14.2,1.8,0.686,0
BIN-0033,4390,6.72,30.0,0,28.1,66.3,1.0,1
BIN-0135,2498,10.57,29.2,0,29.9,29.1,1.0,1
BIN-0045,1978,2.54,21.8,0,13.3,48.4,0.752,0
BIN-0079,3195,0.31,31.8,1,13.0,53.1,1.0,1
BIN-0075,4384,16.45,23.4,0,11.0,14.1,0.75,0
BIN-0026,3234,9.39,15.9,1,26.3,90.6,1.0,1
BIN-0095,4340,5.61,18.5,1,15.4,47.0,1.0,1
BIN-0047,1275,0.31,33.9,1,24.9,23.0,0.765,0
BIN-0054,3573,2.69,33.3,0,45.7,96.2,1.0,1
BIN-0134,1163,1.61,23.6,0,21.9,4.4,0.376,0
BIN-0006,3944,2.95,28.6,0,46.2,19.7,1.0,1
BIN-0099,1370,3.45,29.4,0,12.1,45.9,0.63,0
BIN-0018,974,4.5,26.5,1,10.7,79.3,0.931,1
BIN-0059,2000,2.19,18.3,1,46.5,39.3,1.0,1
BIN-0106,4691,3.24,17.3,0,32.7,16.3,1.0,1
BIN-0088,2954,7.21,27.4,0,38.1,37.7,1.0,1
BIN-0104,3290,9.42,21.2,0,3.3,48.1,0.625,0
BIN-0141,2353,0.0,53.0,0,31.2,9.1,0.752,0
BIN-0094,3190,12.53,25.8,0,38.2,25.1,1.0,1
BIN-0091,3231,2.69,18.6,1,8.8,68.0,1.0,1
BIN-0068,837,4.36,40.8,0,36.9,28.2,0.54,0
BIN-0047,1275,11.7,22.5,0,39.9,88.9,1.0,1
BIN-0116,2097,1.14,18.1,0,3.5,63.6,0.66,0
BIN-0068,837,1.75,24.1,0,40.0,4.8,0.446,0
BIN-0024,2306,2.17,25.5,0,4.1,29.0,0.454,0
BIN-0109,3742,0.19,27.8,0,21.2,52.3,1.0,1
BIN-0101,706,6.42,20.3,0,22.1,88.3,1.0,1
BIN-0086,700,6.53,34.7,0,21.4,30.3,0.514,0
BIN-0101,706,6.23,21.3,0,43.5,80.7,1.0,1
BIN-0039,2561,1.25,27.0,0,19.5,41.4,1.0,1
BIN-0032,4056,0.92,28.3,1,4.0,26.5,0.58,0
BIN-0068,837,14.9,17.6,0,37.9,70.8,1.0,1
BIN-0051,2455,2.3,33.7,0,44.4,69.5,1.0,1
BIN-0126,2737,2.11,22.1,0,9.2,11.9,0.359,0
BIN-0049,534,6.49,30.1,0,19.5,16.3,0.285,0
BIN-0032,4056,2.45,21.8,0,30.3,84.3,1.0,1
BIN-0132,4913,4.09,40.1,0,26.9,43.0,1.0,1
BIN-0027,3505,3.29,28.4,0,33.1,62.5,1.0,1
BIN-0002,4272,10.26,33.5,0,30.7,57.2,1.0,1
BIN-0016,4617,20.06,14.2,0,10.6,2.0,0.74,0
BIN-0053,4443,1.83,35.0,0,35.7,40.5,1.0,1
BIN-0118,3193,1.42,19.6,0,33.2,7.2,1.0,1
BIN-0047,1275,2.4,20.5,0,38.1,60.1,1.0,1
BIN-0148,3652,1.63,20.9,1,5.1,51.9,0.724,0
BIN-0017,3404,0.54,28.1,0,10.7,58.2,0.953,1
BIN-0071,4493,1.53,24.3,0,15.2,65.7,1.0,1
BIN-0022,3247,0.78,15.5,1,5.1,43.0,0.702,0
BIN-0148,3652,4.57,37.0,0,2.7,96.5,1.0,1
BIN-0027,3505,5.64,31.6,0,14.5,59.8,1.0,1
BIN-0065,4298,0.62,42.2,0,45.2,0.7,1.0,1
BIN-0022,3247,4.91,21.0,0,19.7,93.6,1.0,1
BIN-0137,4243,2.99,24.1,0,10.7,67.2,1.0,1
BIN-0145,2136,3.45,18.3,0,5.9,80.7,1.0,1
BIN-0111,2222,1.5,38.4,0,29.1,61.3,1.0,1
BIN-0121,2481,5.55,17.3,0,39.6,5.0,1.0,1
BIN-0047,1275,0.15,17.2,0,29.5,59.5,0.878,0
BIN-0094,3190,15.13,28.3,0,44.9,54.4,1.0,1
BIN-0131,1209,4.8,32.0,0,5.1,37.1,0.484,0
BIN-0073,992,1.15,20.2,0,44.1,86.0,1.0,1
BIN-0082,4974,7.74,42.1,0,34.5,42.8,1.0,1
BIN-0114,3125,5.24,20.6,0,3.0,30.1,0.448,0
BIN-0135,2498,0.29,31.3,0,37.2,41.0,1.0,1
BIN-0121,2481,1.51,22.8,0,10.5,66.4,0.92,1
BIN-0109,3742,8.76,35.9,0,44.5,44.3,1.0,1
BIN-0023,1475,1.47,22.8,0,40.1,21.6,0.833,0
BIN-0055,1521,15.27,15.8,0,45.3,87.6,1.0,1
BIN-0061,4797,2.49,26.4,0,41.5,67.7,1.0,1
BIN-0076,564,9.79,21.9,0,9.4,67.4,0.816,0
BIN-0141,2353,6.4,23.2,0,36.1,86.3,1.0,1
BIN-0134,1163,7.79,28.0,0,21.1,73.2,0.923,1
BIN-0122,2163,2.19,23.3,0,30.0,24.5,0.906,1
BIN-0047,1275,2.48,19.1,1,30.3,55.7,1.0,1
BIN-0033,4390,2.8,40.0,0,9.9,50.0,0.978,1
BIN-0141,2353,10.22,29.4,0,29.9,11.7,1.0,1
BIN-0039,2561,0.77,17.0,0,43.2,20.4,1.0,1
BIN-0049,534,15.12,29.3,0,33.0,40.8,0.704,0
BIN-0029,1767,4.95,16.2,0,35.3,53.6,1.0,1
BIN-0065,4298,3.13,22.9,0,15.1,53.2,1.0,1
BIN-0083,4061,8.59,21.7,0,20.8,64.8,1.0,1
BIN-0146,4196,11.6,22.8,0,46.5,6.7,1.0,1
BIN-0057,3113,20.01,31.3,1,12.7,94.3,1.0,1
BIN-0067,1516,1.24,15.0,0,19.0,46.4,0.686,0
BIN-0116,2097,0.23,29.7,0,40.2,84.2,1.0,1
BIN-0137,4243,0.03,29.8,0,5.1,76.7,1.0,1
BIN-0058,4343,7.62,31.0,0,8.5,67.1,1.0,1
BIN-0044,1863,6.78,21.5,0,36.5,90.8,1.0,1
BIN-0131,1209,2.84,29.2,0,36.9,30.7,0.799,0
BIN-0013,2933,6.24,36.0,0,29.6,86.2,1.0,1
BIN-0138,1995,3.54,17.7,0,32.3,79.6,1.0,1
BIN-0128,4529,3.99,42.5,0,12.4,52.9,1.0,1
BIN-0149,1198,5.93,28.7,0,32.5,81.5,1.0,1
BIN-0132,4913,3.1,30.9,0,12.0,46.4,1.0,1
BIN-0022,3247,0.17,22.3,0,3.8,66.7,0.815,0
BIN-0134,1163,2.8,25.5,0,22.1,66.7,0.866,0
BIN-0146,4196,9.32,28.8,0,6.4,99.9,1.0,1
BIN-0043,3112,13.56,29.8,0,23.4,57.1,1.0,1
BIN-0144,3957,2.65,34.7,0,16.4,65.4,1.0,1
BIN-0035,3388,0.08,16.7,0,25.5,0.5,0.928,1
BIN-0003,3592,4.9,27.0,0,47.6,75.7,1.0,1
BIN-0074,2562,0.75,38.2,0,19.4,37.1,0.971,1
BIN-0028,2399,3.75,30.0,0,4.5,45.5,0.614,0
BIN-0146,4196,2.25,26.6,0,31.6,97.4,1.0,1
BIN-0150,2660,0.85,34.8,0,34.4,45.5,1.0,1
BIN-0093,2070,14.85,26.4,0,9.9,45.4,0.699,0
BIN-0040,741,8.12,25.3,0,20.5,15.4,0.358,0
BIN-0037,1100,8.97,19.8,0,6.4,59.4,0.688,0
BIN-0148,3652,0.16,18.5,0,42.5,88.3,1.0,1
BIN-0062,2481,4.54,28.5,0,19.3,80.0,1.0,1
BIN-0073,992,29.46,27.3,0,41.0,6.2,0.712,0
BIN-0020,3058,2.13,8.9,0,43.0,30.6,1.0,1
BIN-0011,1269,7.79,15.5,0,4.5,94.2,0.994,1
BIN-0052,2085,2.89,27.7,0,7.3,0.9,0.17,0
BIN-0104,3290,1.16,14.9,0,40.0,36.6,1.0,1
BIN-0125,3802,1.8,26.6,0,47.4,27.1,1.0,1
BIN-0022,3247,3.31,29.6,0,8.3,58.1,0.779,0
BIN-0128,4529,0.78,13.6,0,5.8,46.0,0.765,0
BIN-0057,3113,6.28,18.1,0,18.0,54.7,1.0,1
BIN-0145,2136,9.91,28.2,0,47.5,89.0,1.0,1
BIN-0148,3652,0.08,4.7,0,27.7,68.7,1.0,1
BIN-0071,4493,0.62,22.6,0,21.1,51.4,1.0,1
BIN-0141,2353,11.03,25.3,0,25.6,87.0,1.0,1
BIN-0054,3573,1.31,8.2,0,8.5,57.1,0.926,1
BIN-0053,4443,1.63,20.1,0,15.1,92.7,1.0,1
BIN-0072,879,2.32,19.5,1,43.1,33.7,0.972,1
BIN-0059,2000,9.33,20.8,0,12.1,21.8,0.531,0
BIN-0084,2778,1.44,27.4,0,36.5,15.2,1.0,1
BIN-0129,3175,2.16,24.8,1,3.8,29.1,0.437,0
BIN-0008,3419,12.92,28.4,0,37.5,70.2,1.0,1
BIN-0119,4127,3.34,40.5,1,37.4,39.8,1.0,1
BIN-0094,3190,3.23,34.0,0,31.7,22.7,1.0,1
BIN-0143,4081,12.07,29.1,0,3.6,55.1,0.93,1
BIN-0052,2085,13.18,18.8,0,23.4,77.3,1.0,1
BIN-0136,3945,1.65,21.7,0,20.0,75.1,1.0,1
BIN-0095,4340,7.41,31.0,0,44.7,38.7,1.0,1
BIN-0102,1984,0.1,25.8,0,12.8,34.5,0.664,0
BIN-0049,534,2.02,34.7,0,10.8,29.6,0.441,0
BIN-0038,2863,14.7,27.7,0,15.0,96.3,1.0,1
BIN-0052,2085,5.67,8.5,0,38.5,27.8,1.0,1
BIN-0104,3290,1.88,25.2,1,45.2,45.3,1.0,1
BIN-0137,4243,1.37,16.9,0,22.6,91.3,1.0,1
BIN-0067,1516,1.42,41.6,0,36.7,57.8,1.0,1
BIN-0067,1516,1.74,23.4,0,13.5,71.7,1.0,1
BIN-0095,4340,2.21,18.6,0,6.9,44.0,0.804,0
BIN-0066,1775,1.02,18.3,0,7.5,73.5,0.777,0
BIN-0116,2097,1.7,9.7,0,22.0,16.4,0.637,0
BIN-0121,2481,2.47,21.7,0,2.7,58.1,0.645,0
BIN-0149,1198,8.6,40.3,0,20.4,32.7,0.653,0
BIN-0061,4797,7.57,19.1,0,12.4,89.6,1.0,1
BIN-0002,4272,6.71,25.6,0,6.8,17.3,0.489,0
BIN-0123,2029,6.89,12.5,0,38.5,3.2,0.94,1
BIN-0031,3702,0.27,21.7,0,30.2,25.3,1.0,1
BIN-0149,1198,6.84,21.1,0,27.6,15.6,0.553,0
BIN-0081,891,2.22,26.1,0,8.4,57.6,0.697,0
BIN-0027,3505,7.6,18.0,0,33.2,7.7,1.0,1
BIN-0026,3234,13.83,16.3,0,30.5,33.2,1.0,1
BIN-0014,1684,9.32,19.2,0,37.6,4.4,0.757,0
BIN-0081,891,5.22,30.9,1,4.2,32.0,0.326,0
BIN-0125,3802,2.34,21.3,0,21.0,67.6,1.0,1
BIN-0142,1791,1.63,19.4,0,3.3,90.7,0.922,1
BIN-0132,4913,2.72,12.9,0,35.6,95.8,1.0,1
BIN-0045,1978,9.05,24.6,0,16.6,28.6,0.641,0
BIN-0030,2028,6.98,40.9,0,35.6,82.4,1.0,1
BIN-0094,3190,3.89,23.1,0,44.1,25.1,1.0,1
BIN-0146,4196,1.44,11.2,1,11.9,88.4,1.0,1
BIN-0067,1516,8.82,33.0,0,12.8,21.1,0.493,0
BIN-0035,3388,14.66,35.8,0,47.6,2.6,1.0,1
BIN-0060,661,1.06,6.3,0,11.1,6.6,0.072,0
BIN-0125,3802,1.26,28.6,0,9.4,17.1,0.443,0
BIN-0112,3814,2.92,30.2,0,17.7,80.5,1.0,1
BIN-0025,689,5.42,15.9,0,3.1,83.5,0.876,0
BIN-0135,2498,0.73,28.9,1,21.3,5.1,0.843,0
BIN-0075,4384,2.72,19.5,0,34.1,36.4,1.0,1
BIN-0132,4913,18.21,11.1,0,14.5,90.4,1.0,1
BIN-0111,2222,3.6,15.7,0,16.6,25.9,0.64,0
BIN-0008,3419,13.32,24.1,0,42.1,8.4,1.0,1
BIN-0144,3957,2.02,31.7,0,35.5,48.4,1.0,1
BIN-0019,1582,1.22,19.6,1,27.2,73.4,1.0,1
BIN-0063,1495,2.24,38.6,0,3.6,39.2,0.405,0
BIN-0034,1146,1.07,14.5,0,43.2,29.7,0.842,0
BIN-0147,3499,5.22,27.2,0,27.1,10.6,1.0,1
BIN-0005,4926,0.85,18.8,0,14.4,8.1,0.872,0
BIN-0042,3324,2.94,16.7,0,18.2,76.2,1.0,1
BIN-0085,3599,10.05,22.8,0,20.9,42.7,1.0,1
BIN-0060,661,5.47,42.8,0,21.8,27.9,0.439,0
BIN-0139,3804,4.06,17.4,0,13.6,86.6,1.0,1
BIN-0108,2178,0.31,20.8,1,8.2,15.2,0.408,0
BIN-0027,3505,4.51,38.0,0,21.7,27.6,1.0,1
BIN-0025,689,0.09,30.5,0,32.4,65.2,0.873,0
BIN-0047,1275,0.31,27.3,0,4.1,73.4,0.737,0
BIN-0089,4145,13.22,21.7,0,5.8,25.9,0.459,0
BIN-0020,3058,3.3,30.5,0,24.7,63.3,1.0,1
BIN-0057,3113,16.81,38.0,0,5.2,9.0,0.403,0
BIN-0146,4196,0.68,28.0,0,41.2,99.1,1.0,1
BIN-0022,3247,3.73,29.8,0,33.1,68.0,1.0,1
BIN-0018,974,4.35,31.7,0,44.5,32.6,0.757,0
BIN-0140,4263,1.95,30.3,0,8.2,9.4,0.554,0
BIN-0054,3573,12.53,18.9,0,35.5,78.0,1.0,1
BIN-0079,3195,11.09,15.8,0,39.5,89.4,1.0,1
BIN-0035,3388,11.45,35.7,0,32.6,98.9,1.0,1
BIN-0089,4145,2.47,15.9,0,40.2,97.7,1.0,1
BIN-0054,3573,10.34,20.5,0,20.5,67.3,1.0,1
BIN-0070,1576,4.49,17.1,0,32.7,12.0,0.751,0
BIN-0109,3742,1.48,22.4,1,6.3,78.0,1.0,1
BIN-0141,2353,0.13,21.3,0,41.1,19.6,1.0,1
BIN-0042,3324,3.71,17.1,0,37.5,65.2,1.0,1
BIN-0039,2561,18.54,19.0,0,15.6,93.3,1.0,1
BIN-0098,4993,3.45,16.3,0,30.2,89.8,1.0,1
BIN-0072,879,4.37,18.6,0,23.4,19.0,0.482,0
BIN-0102,1984,4.06,30.6,0,16.5,5.7,0.399,0
BIN-0089,4145,8.95,30.0,0,16.1,37.0,1.0,1
BIN-0023,1475,1.91,10.4,0,23.5,7.7,0.483,0
BIN-0014,1684,0.88,8.5,0,7.3,88.3,0.974,1
BIN-0102,1984,2.45,19.3,0,4.8,81.4,1.0,1
BIN-0007,3671,5.23,44.6,0,20.5,33.8,1.0,1
BIN-0001,1360,0.89,23.4,0,34.1,21.5,0.691,0
BIN-0071,4493,4.52,26.7,0,38.9,54.0,1.0,1
BIN-0123,2029,5.67,16.3,0,42.4,55.8,1.0,1
BIN-0031,3702,4.53,29.0,0,5.7,47.7,0.781,0
BIN-0108,2178,12.37,13.9,0,33.2,32.3,1.0,1
BIN-0090,1304,17.69,29.5,0,20.6,51.6,0.84,0
BIN-0095,4340,27.17,28.2,0,17.7,87.4,1.0,1
BIN-0076,564,8.42,19.6,0,31.6,38.1,0.569,0
BIN-0018,974,4.57,23.1,0,22.4,4.8,0.326,0
BIN-0122,2163,2.91,19.9,0,5.1,21.8,0.295,0
BIN-0127,1806,4.99,28.7,0,46.1,54.1,1.0,1
BIN-0119,4127,3.25,29.0,0,40.5,54.3,1.0,1
BIN-0122,2163,0.42,15.3,0,11.3,38.7,0.623,0
BIN-0006,3944,2.43,22.2,0,23.8,0.7,1.0,1
BIN-0045,1978,4.03,26.6,0,13.9,11.4,0.41,0
BIN-0071,4493,0.52,41.8,0,45.5,84.2,1.0,1
BIN-0113,3657,0.4,24.3,0,25.9,24.6,1.0,1
BIN-0121,2481,0.3,33.8,0,44.7,9.1,1.0,1
BIN-0028,2399,0.4,16.1,0,21.1,2.4,0.623,0
BIN-0068,837,0.97,37.2,0,20.1,23.7,0.442,0
BIN-0025,689,0.26,14.9,0,7.2,33.2,0.407,0
BIN-0076,564,0.38,17.8,0,47.7,24.1,0.446,0
BIN-0014,1684,8.88,21.0,0,47.0,18.1,1.0,1
BIN-0019,1582,2.03,20.6,0,40.3,80.4,1.0,1
BIN-0126,2737,0.31,18.6,0,27.2,40.3,1.0,1
BIN-0087,3604,4.2,26.3,0,47.7,1.1,1.0,1
BIN-0085,3599,2.85,23.0,0,15.9,73.1,1.0,1
BIN-0107,2257,2.71,34.1,0,9.4,47.2,0.609,0
BIN-0091,3231,4.22,30.4,0,18.3,78.0,1.0,1
BIN-0084,2778,6.01,34.5,0,11.0,51.3,0.815,0
BIN-0045,1978,3.35,21.8,0,29.6,51.4,1.0,1
BIN-0025,689,1.92,31.7,0,6.2,31.9,0.354,0
BIN-0066,1775,14.19,24.1,0,30.8,55.1,1.0,1
BIN-0125,3802,0.67,31.0,0,24.7,12.2,1.0,1
BIN-0089,4145,1.9,34.4,0,15.6,25.6,0.951,1
BIN-0042,3324,1.0,18.3,0,16.1,55.5,1.0,1
BIN-0134,1163,4.45,29.5,0,34.9,57.9,0.98,1
BIN-0088,2954,2.56,35.7,0,44.9,2.0,1.0,1
BIN-0099,1370,4.08,32.9,0,42.8,81.6,1.0,1
BIN-0004,966,28.96,17.2,0,4.3,23.1,0.346,0
BIN-0009,630,0.74,10.5,1,3.9,51.2,0.496,0
BIN-0056,3961,13.42,34.7,0,19.8,37.4,1.0,1
BIN-0089,4145,0.82,21.8,0,46.4,42.8,1.0,1
BIN-0106,4691,6.48,17.0,0,16.4,63.6,1.0,1
BIN-0059,2000,0.03,31.6,0,40.0,79.5,1.0,1
BIN-0035,3388,9.36,12.9,0,24.4,10.9,1.0,1
BIN-0072,879,0.43,22.1,0,44.6,87.1,1.0,1
BIN-0010,2185,7.23,28.6,1,33.4,33.2,1.0,1
BIN-0081,891,5.53,19.0,0,4.9,17.7,0.186,0
BIN-0078,2527,2.95,27.0,0,45.4,87.1,1.0,1
BIN-0112,3814,1.88,33.2,0,13.6,87.3,1.0,1
BIN-0104,3290,9.82,29.3,0,20.5,57.8,1.0,1
BIN-0127,1806,3.24,18.9,0,44.4,14.2,0.876,0
BIN-0124,2538,6.46,23.2,0,4.2,96.1,1.0,1
BIN-0015,3885,9.92,31.1,0,41.7,13.2,1.0,1
BIN-0096,1528,4.37,26.5,0,9.7,46.3,0.54,0
BIN-0038,2863,0.33,20.1,0,42.0,53.0,1.0,1
BIN-0084,2778,2.74,20.0,0,31.8,41.9,1.0,1
BIN-0017,3404,1.62,34.8,0,40.9,26.0,1.0,1
BIN-0016,4617,2.36,18.6,0,6.8,55.4,1.0,1
BIN-0086,700,9.29,19.3,0,5.1,72.4,0.793,0
BIN-0127,1806,2.82,25.3,0,19.2,62.1,0.936,1
BIN-0028,2399,1.34,27.3,0,12.7,75.0,1.0,1
BIN-0056,3961,4.9,24.3,0,33.6,81.5,1.0,1
BIN-0079,3195,7.42,24.2,0,3.7,80.8,0.947,1
BIN-0146,4196,21.67,18.5,0,47.6,85.8,1.0,1
BIN-0107,2257,1.55,34.1,0,45.9,12.2,1.0,1
BIN-0128,4529,11.72,14.3,0,4.8,22.4,0.502,0
BIN-0062,2481,2.36,8.4,0,45.9,6.0,1.0,1
BIN-0122,2163,1.77,17.6,0,7.6,63.5,0.781,0
BIN-0147,3499,1.97,38.7,0,22.2,48.3,1.0,1
BIN-0026,3234,3.58,23.7,0,15.3,37.7,0.918,1
BIN-0078,2527,2.95,38.1,0,22.6,83.0,1.0,1
BIN-0150,2660,6.73,17.0,0,6.0,37.7,0.58,0
BIN-0045,1978,1.03,32.2,0,7.3,70.6,0.907,1
BIN-0130,1782,7.21,35.5,0,30.9,19.2,0.793,0
BIN-0034,1146,2.99,38.3,0,34.0,92.4,1.0,1
BIN-0105,1063,2.04,33.3,0,8.8,59.6,0.623,0
BIN-0149,1198,2.41,22.8,0,15.8,64.3,0.824,0
BIN-0056,3961,4.42,37.9,0,10.9,47.1,0.949,1
BIN-0130,1782,2.38,4.4,0,21.0,7.2,0.489,0
BIN-0074,2562,6.46,19.4,0,27.1,20.7,0.979,1
BIN-0097,1002,0.47,16.5,0,44.6,16.2,0.611,0
BIN-0112,3814,4.36,17.3,0,15.0,8.1,0.742,0
BIN-0145,2136,1.09,16.2,0,17.6,95.2,1.0,1
BIN-0148,3652,4.37,20.0,0,25.0,21.7,1.0,1
BIN-0019,1582,0.46,40.6,0,30.7,82.9,1.0,1
BIN-0131,1209,2.17,26.1,0,39.3,34.2,0.881,0
BIN-0107,2257,7.96,28.7,0,27.1,4.1,0.814,0
BIN-0054,3573,2.51,24.0,0,22.7,74.9,1.0,1
BIN-0092,3273,4.83,41.8,0,7.2,59.6,0.842,0
BIN-0026,3234,0.14,18.2,0,20.2,61.3,1.0,1
BIN-0108,2178,3.22,25.5,0,13.6,44.7,0.81,0
BIN-0026,3234,3.58,20.0,0,18.5,33.4,0.969,1
BIN-0081,891,9.13,15.6,0,29.6,73.1,1.0,1
BIN-0066,1775,9.67,11.2,1,25.7,49.7,1.0,1
BIN-0100,4988,0.64,33.1,0,20.1,47.3,1.0,1
BIN-0048,4514,4.38,28.7,0,18.4,68.0,1.0,1
BIN-0143,4081,2.81,29.1,0,31.2,19.6,1.0,1
BIN-0017,3404,3.65,30.4,0,44.7,73.9,1.0,1
BIN-0119,4127,15.3,27.7,0,13.9,5.3,0.811,0
BIN-0122,2163,0.53,29.6,0,4.6,17.5,0.303,0
BIN-0098,4993,2.39,27.8,0,44.4,76.2,1.0,1
BIN-0098,4993,1.02,23.8,0,13.4,40.8,0.99,1
BIN-0139,3804,0.73,31.5,0,37.6,38.6,1.0,1
BIN-0014,1684,9.69,31.0,0,5.2,89.3,1.0,1
BIN-0087,3604,3.49,34.5,0,23.8,33.6,1.0,1
BIN-0119,4127,0.21,26.1,0,16.9,67.3,1.0,1
BIN-0149,1198,3.65,14.1,0,21.7,7.5,0.384,0
BIN-0057,3113,3.05,30.7,0,47.1,46.6,1.0,1
BIN-0023,1475,0.19,34.4,0,21.4,4.0,0.346,0
BIN-0035,3388,9.86,35.3,0,30.4,88.5,1.0,1
BIN-0053,4443,0.52,37.8,0,31.0,45.6,1.0,1
BIN-0019,1582,1.12,19.0,0,21.3,11.3,0.431,0
BIN-0018,974,12.2,32.4,0,17.8,85.2,1.0,1
BIN-0123,2029,0.54,27.9,0,26.5,86.1,1.0,1
BIN-0002,4272,0.05,33.5,0,3.6,74.6,0.885,0
BIN-0073,992,2.61,27.6,0,30.7,13.1,0.494,0
BIN-0143,4081,1.13,26.5,0,15.8,18.4,0.86,0
BIN-0085,3599,2.33,30.3,1,47.8,45.0,1.0,1
BIN-0123,2029,1.14,21.7,0,3.0,3.4,0.17,0
BIN-0140,4263,2.41,4.5,0,30.6,12.1,1.0,1
BIN-0110,1559,1.03,20.0,0,6.6,42.9,0.389,0
BIN-0033,4390,1.21,30.4,1,3.5,23.6,0.481,0
BIN-0143,4081,0.33,13.0,0,47.2,64.3,1.0,1
BIN-0036,2935,18.78,34.7,0,42.0,18.1,1.0,1
BIN-0063,1495,5.3,30.2,0,8.1,24.3,0.299,0
BIN-0028,2399,1.3,23.8,0,9.7,35.5,0.578,0
BIN-0112,3814,15.39,26.8,0,2.8,33.9,0.53,0
BIN-0150,2660,0.4,30.1,0,45.0,13.1,1.0,1
BIN-0126,2737,0.2,26.2,0,25.1,91.0,1.0,1
BIN-0124,2538,2.23,39.3,0,45.2,29.5,1.0,1
BIN-0113,3657,0.43,24.5,0,27.3,41.7,1.0,1
BIN-0095,4340,10.36,20.6,0,39.8,31.1,1.0,1
BIN-0149,1198,1.72,34.2,0,10.9,12.9,0.259,0
BIN-0100,4988,6.28,34.1,0,23.0,32.9,1.0,1
BIN-0122,2163,3.08,17.2,0,3.8,2.2,0.158,0
BIN-0069,1378,0.1,22.2,1,23.0,29.0,0.703,0
BIN-0050,3652,0.05,28.2,0,26.6,47.7,1.0,1
BIN-0010,2185,3.56,25.5,0,45.5,5.7,1.0,1
BIN-0116,2097,3.01,26.9,0,14.8,40.5,0.68,0
BIN-0131,1209,8.59,16.6,0,18.5,6.4,0.218,0
BIN-0109,3742,10.19,39.6,0,13.9,34.7,0.961,1
BIN-0081,891,4.91,26.4,0,30.1,94.2,1.0,1
BIN-0073,992,0.07,22.3,0,35.7,99.5,1.0,1
BIN-0117,3560,15.6,28.6,0,4.6,12.9,0.327,0
BIN-0029,1767,1.29,40.0,0,47.6,61.1,1.0,1
BIN-0017,3404,9.55,26.4,0,17.5,70.5,1.0,1
BIN-0109,3742,3.51,26.3,0,46.5,57.1,1.0,1
BIN-0018,974,5.31,22.1,0,44.6,66.0,1.0,1
BIN-0146,4196,0.7,29.3,0,7.7,60.0,0.85,0
BIN-0082,4974,1.42,31.1,1,22.4,32.1,1.0,1
BIN-0150,2660,1.55,22.6,0,39.8,13.9,1.0,1
BIN-0135,2498,1.9,8.8,0,16.2,97.5,1.0,1
BIN-0146,4196,7.56,42.7,0,20.6,0.3,1.0,1
BIN-0119,4127,0.04,27.6,0,20.2,68.7,1.0,1
BIN-0070,1576,9.28,13.1,0,45.9,7.3,0.919,1
BIN-0076,564,3.3,19.3,0,6.1,71.5,0.711,0
BIN-0052,2085,1.2,38.2,0,18.9,39.1,0.758,0
BIN-0004,966,10.26,13.5,0,35.0,35.9,0.66,0
BIN-0056,3961,3.53,29.0,0,18.5,68.7,1.0,1
BIN-0099,1370,5.05,20.1,0,22.4,13.7,0.449,0
BIN-0067,1516,1.74,38.6,0,47.4,22.5,0.949,1
BIN-0012,2891,3.79,6.8,0,28.2,0.2,0.833,0
BIN-0120,1863,2.03,32.5,0,31.1,51.9,1.0,1
BIN-0031,3702,1.33,9.3,0,25.2,32.3,1.0,1
BIN-0140,4263,0.72,20.2,0,39.2,76.8,1.0,1
BIN-0089,4145,2.89,25.0,0,14.2,80.7,1.0,1
BIN-0133,4248,0.17,19.6,0,15.5,54.5,1.0,1
BIN-0123,2029,5.88,21.0,0,8.7,87.7,1.0,1
BIN-0094,3190,5.5,28.3,0,7.9,74.2,1.0,1
BIN-0091,3231,1.9,14.7,0,43.4,13.4,1.0,1
BIN-0053,4443,9.01,20.0,0,14.7,63.9,1.0,1
BIN-0039,2561,30.31,17.8,1,3.1,69.7,0.842,0
BIN-0021,2547,2.62,27.2,0,25.7,53.9,1.0,1
BIN-0103,1363,7.3,29.2,0,6.5,6.4,0.24,0
BIN-0069,1378,9.77,36.8,1,14.7,39.8,0.751,0
BIN-0085,3599,0.34,24.5,0,18.3,68.3,1.0,1
BIN-0090,1304,6.28,17.8,0,32.2,4.0,0.455,0
BIN-0003,3592,10.19,24.0,0,5.5,67.1,0.959,1
BIN-0090,1304,1.4,34.4,0,13.2,55.1,0.714,0
BIN-0064,3842,2.03,30.8,0,35.2,51.4,1.0,1
BIN-0046,3056,2.88,29.8,0,36.8,58.2,1.0,1
BIN-0080,1995,10.19,21.8,1,20.2,12.5,0.792,0
BIN-0102,1984,0.25,35.1,0,18.1,59.6,0.971,1
BIN-0090,1304,2.91,30.7,0,33.6,89.3,1.0,1
BIN-0042,3324,2.17,31.8,1,30.9,18.4,1.0,1
BIN-0125,3802,8.38,39.9,0,34.4,83.4,1.0,1
BIN-0150,2660,6.88,21.3,0,16.5,95.8,1.0,1
BIN-0116,2097,15.39,30.0,0,12.0,62.1,0.919,1
BIN-0045,1978,12.32,21.3,0,25.0,91.2,1.0,1
BIN-0016,4617,7.01,28.6,0,18.1,83.3,1.0,1
BIN-0115,3229,12.13,23.7,0,42.4,19.7,1.0,1
BIN-0079,3195,1.15,14.4,0,33.5,19.0,1.0,1
BIN-0077,3068,1.79,20.3,0,8.6,10.5,0.332,0
BIN-0058,4343,3.6,23.6,0,35.7,84.0,1.0,1
BIN-0100,4988,0.91,35.8,0,33.1,68.3,1.0,1
BIN-0103,1363,0.09,28.4,0,21.5,34.2,0.497,0
BIN-0002,4272,5.88,30.9,0,37.9,91.0,1.0,1
BIN-0144,3957,2.97,12.9,0,28.4,9.8,1.0,1
BIN-0032,4056,14.13,26.1,0,13.6,6.7,0.771,0
BIN-0009,630,1.58,14.3,0,33.3,30.0,0.462,0
BIN-0075,4384,5.28,38.0,0,2.8,91.0,0.964,1
BIN-0020,3058,8.57,31.8,1,44.1,50.3,1.0,1
BIN-0133,4248,0.73,20.9,0,14.5,81.6,1.0,1
BIN-0030,2028,0.49,13.3,0,34.6,90.6,1.0,1
BIN-0055,1521,0.28,35.1,0,13.2,30.6,0.552,0
BIN-0069,1378,2.95,33.2,0,18.6,63.7,0.955,1
BIN-0071,4493,0.68,11.5,0,31.2,85.9,1.0,1
BIN-0043,3112,2.47,17.2,1,9.1,62.7,1.0,1
BIN-0046,3056,5.16,21.9,0,9.9,62.2,0.871,0
BIN-0098,4993,0.89,22.9,0,8.6,0.9,0.498,0
BIN-0040,741,5.0,33.1,0,36.5,74.6,0.913,1
BIN-0033,4390,2.92,17.9,0,29.1,21.1,1.0,1
BIN-0133,4248,2.9,26.0,0,36.0,2.9,1.0,1
BIN-0107,2257,2.97,13.4,0,18.5,99.6,1.0,1
BIN-0130,1782,12.43,23.2,0,29.0,49.2,1.0,1
BIN-0074,2562,0.43,19.4,0,23.3,48.7,1.0,1
BIN-0140,4263,4.99,16.4,0,6.6,62.3,0.937,1
BIN-0138,1995,7.53,20.5,0,44.6,71.0,1.0,1
BIN-0034,1146,0.67,22.4,0,18.5,63.1,0.842,0
BIN-0147,3499,0.58,14.9,0,37.7,67.3,1.0,1
BIN-0063,1495,2.66,25.2,0,20.7,22.1,0.5,0
BIN-0150,2660,6.6,16.7,0,14.9,41.1,0.894,0
BIN-0042,3324,12.96,18.6,0,15.8,26.9,0.916,1
BIN-0066,1775,5.7,22.6,0,38.3,61.6,1.0,1
BIN-0065,4298,0.65,31.3,0,8.2,11.6,0.484,0
BIN-0027,3505,14.7,36.3,0,43.3,90.8,1.0,1
BIN-0131,1209,8.73,20.1,0,41.1,28.9,0.903,1
BIN-0011,1269,1.01,9.2,1,14.6,40.0,0.737,0
BIN-0115,3229,16.14,25.3,1,32.6,82.3,1.0,1
BIN-0133,4248,15.32,27.3,0,32.7,12.6,1.0,1
BIN-0121,2481,7.24,15.5,0,9.9,87.2,1.0,1
BIN-0140,4263,4.68,26.9,0,28.9,26.6,1.0,1
BIN-0131,1209,4.87,30.0,0,32.8,81.5,1.0,1
BIN-0116,2097,2.71,29.7,0,35.1,10.1,0.859,0
BIN-0077,3068,16.2,27.3,0,14.6,32.0,0.943,1
BIN-0074,2562,10.34,17.0,0,9.4,70.0,1.0,1
BIN-0014,1684,4.35,7.3,0,26.3,58.4,1.0,1
BIN-0103,1363,2.08,20.5,0,27.5,58.8,1.0,1
BIN-0017,3404,12.49,26.6,0,27.6,97.8,1.0,1
BIN-0088,2954,14.91,17.9,0,16.1,3.5,0.628,0
BIN-0016,4617,10.49,21.3,0,32.9,32.9,1.0,1
BIN-0017,3404,1.02,10.7,0,5.5,66.4,0.855,0
BIN-0003,3592,3.36,33.0,1,44.2,58.3,1.0,1
BIN-0026,3234,8.53,17.3,0,21.7,18.9,1.0,1
BIN-0029,1767,0.68,24.8,0,11.0,94.4,1.0,1
BIN-0091,3231,2.36,25.7,0,34.3,65.9,1.0,1
BIN-0064,3842,0.19,26.7,0,7.1,38.3,0.743,0
BIN-0011,1269,8.1,25.4,0,9.0,28.5,0.491,0
BIN-0101,706,1.12,23.4,0,30.5,63.8,0.871,0
BIN-0050,3652,0.59,25.9,0,47.1,74.0,1.0,1
BIN-0139,3804,7.64,25.4,0,30.8,94.6,1.0,1
BIN-0108,2178,3.89,32.0,0,40.5,15.5,1.0,1
BIN-0050,3652,6.55,13.7,0,31.9,30.3,1.0,1
BIN-0081,891,9.05,49.6,0,9.9,19.8,0.369,0
BIN-0002,4272,6.42,21.3,0,19.9,24.1,1.0,1
BIN-0070,1576,1.76,33.0,0,45.1,69.2,1.0,1
BIN-0024,2306,1.39,21.6,0,34.4,40.3,1.0,1
BIN-0139,3804,5.25,18.4,0,4.4,49.7,0.619,0
BIN-0053,4443,2.56,34.7,0,9.1,36.7,0.756,0
BIN-0026,3234,0.82,30.2,0,18.9,10.6,0.772,0
BIN-0053,4443,0.65,35.7,1,27.5,17.4,1.0,1
BIN-0148,3652,0.87,16.9,0,32.6,21.6,1.0,1
BIN-0034,1146,3.93,31.9,0,9.7,79.7,0.957,1
BIN-0116,2097,0.48,32.6,0,17.1,11.6,0.484,0
BIN-0068,837,3.99,37.3,0,11.9,12.0,0.284,0
BIN-0030,2028,3.67,23.7,1,4.3,86.4,0.937,1
BIN-0123,2029,2.15,42.6,0,13.8,36.5,0.716,0
BIN-0111,2222,9.47,36.1,0,4.9,38.4,0.522,0
BIN-0040,741,0.76,25.7,0,15.9,74.5,0.817,0
BIN-0054,3573,10.13,22.4,0,35.3,31.2,1.0,1
BIN-0139,3804,6.07,25.4,0,28.0,50.4,1.0,1
BIN-0092,3273,2.29,36.0,0,26.1,67.1,1.0,1
BIN-0009,630,2.09,27.2,0,5.9,68.5,0.656,0
BIN-0115,3229,3.56,8.2,0,10.9,95.1,1.0,1
BIN-0139,3804,3.14,27.5,0,13.2,74.5,1.0,1
BIN-0104,3290,2.68,27.8,0,6.8,67.2,0.921,1
BIN-0102,1984,8.7,19.1,0,47.1,59.6,1.0,1
BIN-0093,2070,36.59,28.3,0,22.6,95.5,1.0,1
BIN-0098,4993,14.5,21.2,0,13.1,47.0,1.0,1
BIN-0093,2070,1.48,29.2,0,4.8,91.6,1.0,1
BIN-0101,706,2.07,30.8,1,42.9,60.1,1.0,1
BIN-0043,3112,0.14,22.9,0,27.6,74.3,1.0,1
BIN-0037,1100,8.95,40.1,0,31.2,14.1,0.498,0
BIN-0112,3814,4.12,23.5,1,22.3,54.9,1.0,1
BIN-0114,3125,10.33,15.3,0,45.3,4.8,1.0,1
BIN-0044,1863,1.15,23.0,0,42.8,77.5,1.0,1
BIN-0103,1363,7.18,27.5,0,4.7,26.2,0.335,0
BIN-0062,2481,6.55,35.4,0,10.3,73.5,0.999,1
BIN-0138,1995,10.67,37.3,0,27.4,11.5,0.783,0
BIN-0046,3056,6.25,31.3,0,8.6,99.9,1.0,1
BIN-0118,3193,3.31,25.7,0,47.9,43.0,1.0,1
BIN-0062,2481,3.46,19.9,0,12.6,68.5,1.0,1
BIN-0113,3657,1.54,27.5,0,39.3,5.5,1.0,1
BIN-0108,2178,2.21,17.9,0,38.6,54.7,1.0,1
BIN-0034,1146,7.01,30.8,0,35.5,63.0,1.0,1
BIN-0064,3842,0.05,24.7,1,19.6,42.4,1.0,1
BIN-0113,3657,4.63,19.1,0,46.4,13.1,1.0,1
BIN-0024,2306,2.65,25.6,1,30.0,98.3,1.0,1
BIN-0024,2306,0.05,26.2,0,33.4,5.2,0.829,0
BIN-0080,1995,10.36,27.9,0,11.6,53.7,0.867,0
BIN-0034,1146,1.28,30.1,0,5.1,99.9,1.0,1
BIN-0124,2538,9.02,33.3,0,43.5,92.6,1.0,1
BIN-0061,4797,1.25,19.2,0,30.7,97.1,1.0,1
BIN-0057,3113,17.11,24.7,0,27.7,50.3,1.0,1
BIN-0018,974,6.81,18.5,0,15.6,25.9,0.487,0
BIN-0031,3702,2.28,17.1,0,9.1,35.6,0.682,0
BIN-0149,1198,4.11,14.6,0,2.3,7.9,0.015,0
BIN-0081,891,0.41,28.7,0,19.0,56.9,0.751,0
BIN-0019,1582,14.23,22.0,0,20.9,47.1,0.906,1
BIN-0033,4390,1.69,19.1,0,34.0,61.6,1.0,1
BIN-0113,3657,6.91,20.3,0,44.4,58.2,1.0,1
BIN-0085,3599,4.54,34.3,0,7.4,12.9,0.393,0
BIN-0100,4988,13.79,31.1,0,13.4,3.6,0.869,0
BIN-0134,1163,3.78,32.7,0,11.2,30.6,0.533,0
BIN-0102,1984,2.61,48.5,0,9.9,80.8,0.961,1
BIN-0011,1269,2.12,21.7,0,27.3,93.0,1.0,1
BIN-0058,4343,0.36,42.9,0,20.7,67.8,1.0,1
BIN-0015,3885,7.9,32.8,0,20.9,89.9,1.0,1
BIN-0138,1995,1.05,23.7,0,22.1,40.9,0.907,1
BIN-0002,4272,1.37,12.8,0,8.2,29.6,0.631,0
BIN-0034,1146,2.22,21.5,0,16.1,7.3,0.326,0
BIN-0140,4263,6.82,33.7,0,4.9,13.2,0.342,0
BIN-0024,2306,3.7,29.6,0,2.8,51.7,0.568,0
BIN-0081,891,0.08,13.2,0,5.3,79.0,0.775,0
BIN-0142,1791,2.68,17.1,0,35.1,35.9,0.972,1
BIN-0122,2163,2.41,33.7,0,14.3,24.5,0.554,0
BIN-0124,2538,11.68,23.3,0,39.9,85.7,1.0,1
BIN-0134,1163,0.47,13.0,0,37.5,7.6,0.499,0
BIN-0125,3802,4.53,22.9,0,46.2,80.7,1.0,1
BIN-0020,3058,0.02,24.8,0,32.6,70.9,1.0,1
BIN-0146,4196,10.97,16.0,0,38.3,63.9,1.0,1
BIN-0125,3802,6.69,23.6,0,48.0,72.5,1.0,1
BIN-0150,2660,3.65,15.3,1,10.1,17.8,0.625,0
BIN-0009,630,1.69,18.8,0,15.1,79.3,0.866,0
BIN-0093,2070,4.1,44.2,0,15.2,51.1,0.874,0
BIN-0051,2455,1.69,22.4,1,4.5,35.5,0.611,0
BIN-0039,2561,4.02,12.7,0,37.8,94.1,1.0,1
BIN-0110,1559,9.5,35.2,0,20.3,31.7,0.704,0
BIN-0080,1995,1.5,22.0,0,28.7,62.8,1.0,1
BIN-0099,1370,3.83,29.6,1,39.9,56.5,1.0,1
BIN-0030,2028,0.28,33.4,0,4.5,53.5,0.656,0
BIN-0122,2163,9.81,23.7,0,46.9,96.6,1.0,1
BIN-0070,1576,1.33,25.2,0,46.3,29.0,1.0,1
BIN-0050,3652,0.47,31.7,1,9.2,36.7,0.876,0
BIN-0123,2029,5.55,30.3,0,35.1,74.5,1.0,1
BIN-0110,1559,1.08,14.4,0,5.3,22.7,0.202,0
BIN-0112,3814,2.44,32.0,0,25.4,73.5,1.0,1
BIN-0104,3290,4.96,14.8,0,39.5,23.4,1.0,1
BIN-0023,1475,6.28,15.9,0,14.1,42.8,0.608,0
BIN-0031,3702,4.84,32.3,0,10.9,19.1,0.612,0
BIN-0122,2163,1.54,19.3,0,23.4,94.3,1.0,1
BIN-0075,4384,13.8,42.0,0,23.9,83.5,1.0,1
BIN-0014,1684,3.38,13.3,0,3.7,64.3,0.689,0
BIN-0086,700,1.31,28.3,0,21.1,97.8,1.0,1
BIN-0139,3804,13.09,15.1,0,32.9,53.1,1.0,1
BIN-0102,1984,2.65,27.6,0,3.8,40.3,0.412,0
BIN-0076,564,1.65,30.5,0,25.5,15.9,0.329,0
BIN-0088,2954,14.75,9.2,0,24.9,31.0,1.0,1
BIN-0058,4343,4.49,23.7,0,15.4,88.2,1.0,1
BIN-0141,2353,6.2,27.6,0,23.5,88.8,1.0,1
BIN-0078,2527,3.89,34.5,1,26.4,40.0,1.0,1
BIN-0076,564,5.14,19.3,0,18.7,66.0,0.757,0
BIN-0015,3885,1.11,20.0,0,27.1,43.6,1.0,1
BIN-0052,2085,7.38,30.9,0,40.8,30.3,1.0,1
BIN-0055,1521,0.21,21.0,0,38.9,34.9,1.0,1
BIN-0131,1209,0.44,26.1,0,43.9,34.6,0.918,1
BIN-0111,2222,1.35,16.3,0,33.7,38.7,1.0,1
BIN-0015,3885,3.81,19.7,0,14.9,19.2,0.774,0
BIN-0023,1475,0.11,31.0,0,41.5,70.0,1.0,1
BIN-0055,1521,3.4,16.6,0,15.1,58.6,0.813,0
BIN-0109,3742,2.95,20.9,0,26.7,66.4,1.0,1
BIN-0012,2891,4.47,21.9,1,5.6,68.8,0.953,1
BIN-0096,1528,0.1,24.5,0,26.3,93.0,1.0,1
BIN-0023,1475,1.59,33.0,0,27.6,40.4,0.819,0
BIN-0089,4145,14.35,41.1,0,8.0,60.1,1.0,1
BIN-0083,4061,2.46,26.1,0,2.6,1.9,0.127,0
BIN-0142,1791,0.39,14.2,0,31.3,55.7,1.0,1
BIN-0081,891,0.05,20.3,0,15.7,3.3,0.097,0
BIN-0088,2954,3.71,24.9,0,22.8,4.3,0.777,0
BIN-0138,1995,4.49,28.3,0,11.3,95.9,1.0,1
BIN-0074,2562,1.06,23.8,0,26.3,96.9,1.0,1
BIN-0037,1100,12.52,14.8,0,43.8,80.4,1.0,1
BIN-0137,4243,0.05,19.7,0,24.6,78.4,1.0,1
BIN-0016,4617,0.36,14.6,0,43.9,55.4,1.0,1
BIN-0030,2028,0.88,38.7,0,30.8,66.9,1.0,1
BIN-0013,2933,7.44,21.9,0,4.1,62.4,0.869,0
BIN-0015,3885,7.01,22.6,0,37.4,10.4,1.0,1
BIN-0118,3193,8.59,27.1,0,35.6,28.8,1.0,1
BIN-0098,4993,0.36,25.0,0,30.1,62.4,1.0,1
BIN-0078,2527,1.52,24.1,0,19.4,75.0,1.0,1
BIN-0024,2306,3.23,25.1,0,20.8,78.0,1.0,1
BIN-0093,2070,3.32,4.4,0,8.7,25.5,0.347,0
BIN-0099,1370,0.6,31.4,0,42.8,26.3,0.896,0
BIN-0051,2455,3.13,32.2,0,42.2,8.3,1.0,1
BIN-0083,4061,1.01,20.5,0,38.6,45.6,1.0,1
BIN-0023,1475,1.55,15.5,0,28.0,71.5,1.0,1
BIN-0071,4493,12.17,21.8,0,46.7,85.9,1.0,1
BIN-0004,966,4.21,31.1,0,37.2,28.5,0.577,0
BIN-0031,3702,2.29,28.5,0,36.7,96.8,1.0,1
BIN-0064,3842,0.11,37.9,0,4.6,48.0,0.698,0
BIN-0026,3234,0.93,19.9,0,44.8,62.8,1.0,1
BIN-0062,2481,1.47,33.0,0,17.0,74.5,1.0,1
BIN-0037,1100,1.06,22.4,0,16.8,96.4,1.0,1
BIN-0064,3842,0.12,33.2,0,6.3,75.8,0.993,1
BIN-0033,4390,4.22,15.0,0,27.1,28.4,1.0,1
BIN-0056,3961,9.24,21.9,0,24.7,16.1,1.0,1
BIN-0131,1209,0.86,6.8,0,7.9,43.0,0.517,0
BIN-0061,4797,10.94,20.9,0,3.4,96.7,1.0,1
BIN-0015,3885,7.36,17.5,0,41.9,23.3,1.0,1
BIN-0126,2737,3.29,21.9,0,11.9,73.8,1.0,1
BIN-0012,2891,4.26,28.6,1,25.9,35.2,1.0,1
BIN-0080,1995,0.26,31.8,0,45.4,39.6,1.0,1
BIN-0054,3573,2.15,16.8,0,30.5,67.6,1.0,1
BIN-0112,3814,14.12,22.7,0,27.0,16.8,1.0,1
BIN-0147,3499,20.97,28.0,0,26.9,85.0,1.0,1
BIN-0145,2136,6.58,26.0,0,6.9,69.4,0.854,0
BIN-0106,4691,5.02,26.8,0,5.6,52.7,0.775,0
BIN-0141,2353,4.44,23.9,0,47.4,56.1,1.0,1
BIN-0031,3702,0.5,39.9,0,39.3,53.7,1.0,1
BIN-0107,2257,8.37,16.0,0,8.9,46.9,0.758,0
BIN-0059,2000,5.54,13.3,0,13.7,82.5,1.0,1
BIN-0021,2547,5.82,21.7,0,7.3,61.6,0.863,0
BIN-0069,1378,1.04,17.4,0,26.2,73.4,1.0,1
BIN-0074,2562,5.45,15.1,0,10.9,21.0,0.568,0
BIN-0001,1360,11.35,19.7,0,7.9,63.9,0.736,0
BIN-0132,4913,3.0,29.6,0,9.7,83.4,1.0,1
BIN-0026,3234,2.87,30.4,0,47.9,60.8,1.0,1
BIN-0061,4797,1.93,21.3,1,27.6,86.8,1.0,1
BIN-0140,4263,5.26,12.4,0,3.8,87.1,1.0,1
BIN-0112,3814,2.54,41.7,0,42.1,44.7,1.0,1
BIN-0114,3125,0.28,21.9,0,13.5,87.8,1.0,1
BIN-0069,1378,15.83,28.4,0,14.5,21.3,0.516,0
BIN-0053,4443,0.38,21.8,0,27.0,83.3,1.0,1
BIN-0121,2481,0.7,30.2,0,17.0,60.7,1.0,1
BIN-0033,4390,1.03,24.7,1,37.4,48.8,1.0,1
BIN-0031,3702,1.68,31.0,0,19.0,50.6,1.0,1
BIN-0016,4617,6.52,34.8,0,27.2,64.0,1.0,1
BIN-0112,3814,0.44,22.7,0,40.7,70.1,1.0,1
BIN-0128,4529,2.16,11.7,0,4.8,59.1,0.744,0
BIN-0070,1576,3.07,18.0,0,25.0,85.6,1.0,1
BIN-0121,2481,1.05,50.9,0,35.8,66.4,1.0,1
BIN-0071,4493,6.38,32.8,1,4.5,82.1,1.0,1
BIN-0086,700,0.49,26.1,0,15.7,41.2,0.548,0
BIN-0068,837,4.35,28.6,0,32.9,39.4,0.705,0
BIN-0009,630,5.63,24.2,0,12.2,82.5,1.0,1
BIN-0033,4390,0.39,28.5,0,43.2,11.8,1.0,1
BIN-0083,4061,8.32,14.5,0,16.0,17.6,0.904,1
BIN-0117,3560,1.87,28.5,0,39.1,60.3,1.0,1
BIN-0063,1495,10.96,24.2,0,31.4,5.1,0.684,0
BIN-0064,3842,16.3,29.6,0,35.6,34.7,1.0,1
BIN-0050,3652,2.33,22.7,0,28.5,4.1,1.0,1
BIN-0056,3961,1.97,24.1,0,4.6,2.4,0.198,0
BIN-0077,3068,2.02,11.9,0,33.7,51.5,1.0,1
BIN-0100,4988,3.3,33.4,0,43.0,56.9,1.0,1
BIN-0136,3945,6.98,31.6,0,23.9,64.2,1.0,1
BIN-0007,3671,6.48,21.1,0,32.9,3.1,1.0,1
BIN-0066,1775,9.03,36.7,0,16.8,97.4,1.0,1
BIN-0120,1863,3.59,25.3,0,14.3,93.0,1.0,1
BIN-0067,1516,3.77,22.1,0,37.3,74.7,1.0,1
BIN-0060,661,1.83,22.3,0,45.1,67.8,1.0,1
BIN-0115,3229,9.31,22.7,0,6.6,3.4,0.311,0
BIN-0087,3604,2.19,37.4,0,40.7,3.3,1.0,1
BIN-0060,661,1.64,20.0,0,34.0,14.2,0.38,0
BIN-0077,3068,0.28,15.3,0,28.1,92.8,1.0,1
BIN-0038,2863,0.51,30.6,0,26.3,14.1,0.895,0
BIN-0137,4243,8.31,26.9,1,11.6,66.5,1.0,1
BIN-0014,1684,0.89,18.4,0,47.5,37.7,1.0,1
BIN-0025,689,0.24,23.8,0,42.9,51.9,0.763,0
BIN-0061,4797,5.54,25.8,0,2.7,8.1,0.246,0
BIN-0013,2933,2.48,32.6,0,15.0,37.8,0.903,1
BIN-0013,2933,6.35,39.9,0,16.9,33.4,0.895,0
BIN-0101,706,8.13,25.4,0,3.4,87.9,0.955,1
BIN-0060,661,1.69,18.8,0,25.0,67.9,0.77,0
BIN-0123,2029,3.98,22.1,0,35.4,0.1,0.706,0
BIN-0070,1576,9.68,17.1,0,38.8,45.4,1.0,1
BIN-0077,3068,1.92,25.3,0,13.0,41.5,0.747,0
BIN-0115,3229,0.55,13.1,0,13.7,94.1,1.0,1
BIN-0107,2257,4.99,25.4,0,27.6,85.5,1.0,1
BIN-0076,564,14.42,30.7,0,11.2,41.3,0.399,0
BIN-0132,4913,0.18,41.6,0,43.7,83.9,1.0,1
BIN-0126,2737,10.17,11.2,0,23.4,82.1,1.0,1
BIN-0128,4529,1.3,14.8,0,25.6,13.5,1.0,1
BIN-0112,3814,2.62,31.4,0,15.3,1.5,0.647,0
BIN-0134,1163,2.35,22.7,1,15.7,60.0,0.822,0
BIN-0064,3842,0.16,43.3,0,19.8,64.7,1.0,1
BIN-0134,1163,0.28,42.3,0,6.8,82.3,0.809,0
BIN-0144,3957,2.42,24.8,0,40.0,27.5,1.0,1
BIN-0116,2097,6.15,32.7,1,20.4,41.5,1.0,1
BIN-0097,1002,1.25,31.6,0,47.6,13.0,0.588,0
BIN-0092,3273,3.39,23.2,0,4.3,0.2,0.2,0
BIN-0096,1528,7.33,14.4,0,7.0,43.6,0.429,0
BIN-0095,4340,0.98,30.3,0,37.5,16.9,1.0,1
BIN-0142,1791,6.51,24.5,0,18.2,99.8,1.0,1
BIN-0024,2306,2.26,31.1,0,19.5,14.1,0.625,0
BIN-0055,1521,5.45,16.8,0,33.9,78.5,1.0,1
BIN-0102,1984,3.77,32.7,0,3.8,87.9,0.984,1
BIN-0024,2306,0.69,44.1,0,14.6,3.3,0.337,0
BIN-0037,1100,20.27,16.7,1,25.7,15.4,0.772,0
BIN-0121,2481,2.65,28.7,0,22.6,31.0,0.961,1
BIN-0064,3842,7.62,23.1,0,40.6,65.5,1.0,1
BIN-0149,1198,1.6,19.2,0,11.6,45.5,0.582,0
BIN-0106,4691,2.12,19.8,0,6.2,67.4,0.972,1
BIN-0130,1782,9.14,41.6,0,33.1,77.2,1.0,1
BIN-0134,1163,4.81,32.7,0,40.7,80.1,1.0,1
BIN-0029,1767,3.03,18.5,0,37.7,82.2,1.0,1
BIN-0139,3804,2.18,14.7,0,38.5,9.9,1.0,1
BIN-0082,4974,1.57,26.2,0,23.0,94.2,1.0,1
BIN-0026,3234,6.1,17.6,0,3.4,87.0,0.989,1
BIN-0123,2029,2.89,27.7,1,32.0,77.4,1.0,1
BIN-0070,1576,1.01,14.0,0,7.6,43.3,0.614,0
BIN-0021,2547,16.86,24.9,0,22.7,57.1,1.0,1
BIN-0098,4993,0.7,22.2,0,15.0,55.5,1.0,1
BIN-0124,2538,4.4,23.0,0,8.5,21.4,0.334,0
BIN-0036,2935,11.17,36.8,0,41.1,23.0,1.0,1
BIN-0150,2660,2.33,27.7,0,16.7,91.3,1.0,1
BIN-0074,2562,1.06,41.5,0,47.5,38.9,1.0,1
BIN-0072,879,15.44,14.3,0,33.5,12.5,0.495,0
BIN-0042,3324,5.44,12.3,0,13.1,17.2,0.623,0
BIN-0112,3814,1.71,18.0,0,15.0,0.0,0.608,0
BIN-0123,2029,13.56,22.1,0,30.0,97.1,1.0,1
BIN-0086,700,0.33,28.5,0,15.2,12.0,0.223,0
BIN-0061,4797,5.18,28.9,0,16.0,92.1,1.0,1
BIN-0063,1495,2.28,31.1,0,43.2,10.6,0.723,0
BIN-0099,1370,6.22,13.7,0,46.3,12.7,0.756,0
BIN-0095,4340,6.4,37.3,0,13.1,65.9,1.0,1
BIN-0134,1163,20.2,22.2,0,41.9,29.5,0.965,1
BIN-0083,4061,1.27,13.5,0,17.2,2.0,0.741,0
BIN-0070,1576,2.51,16.2,0,16.6,67.7,0.921,1
BIN-0080,1995,0.34,22.0,1,19.4,66.4,1.0,1
BIN-0110,1559,2.86,24.6,0,39.3,98.1,1.0,1
BIN-0080,1995,0.08,8.4,0,27.9,31.3,0.92,1
BIN-0012,2891,6.48,21.0,0,9.7,58.2,0.866,0
BIN-0059,2000,0.67,30.6,0,22.8,79.7,1.0,1
BIN-0093,2070,0.59,12.1,1,6.7,4.9,0.24,0
BIN-0081,891,1.99,35.0,0,33.5,36.0,0.713,0
BIN-0037,1100,4.47,33.5,0,47.1,61.4,1.0,1
BIN-0128,4529,1.18,-2.7,1,3.6,32.0,0.553,0
BIN-0074,2562,5.35,35.4,0,17.8,10.8,0.533,0
BIN-0029,1767,4.45,38.5,0,21.4,39.8,0.818,0
BIN-0097,1002,0.99,31.7,0,7.9,90.3,1.0,1
BIN-0042,3324,0.39,29.0,0,5.3,18.9,0.366,0
BIN-0140,4263,8.87,25.5,0,2.9,47.9,0.633,0
BIN-0128,4529,1.37,26.8,0,47.7,75.8,1.0,1
BIN-0115,3229,3.55,11.0,0,29.8,39.6,1.0,1
BIN-0087,3604,2.4,20.8,0,34.7,21.1,1.0,1
BIN-0080,1995,6.09,32.1,0,10.1,42.9,0.662,0
BIN-0109,3742,4.18,12.5,0,17.4,60.8,1.0,1
BIN-0107,2257,0.89,29.2,0,24.5,76.3,1.0,1
BIN-0128,4529,1.91,27.0,0,9.3,81.3,1.0,1
BIN-0144,3957,1.33,33.4,0,22.6,79.0,1.0,1
BIN-0142,1791,2.98,24.7,0,30.0,53.8,1.0,1
BIN-0098,4993,0.94,28.2,0,25.7,17.1,1.0,1
BIN-0115,3229,0.35,26.9,0,34.3,29.1,1.0,1
BIN-0108,2178,0.47,18.7,1,34.9,78.8,1.0,1
BIN-0102,1984,2.21,31.8,0,16.6,85.0,1.0,1
BIN-0125,3802,3.87,13.5,0,13.1,51.0,1.0,1
BIN-0038,2863,3.7,30.9,1,42.8,31.8,1.0,1
BIN-0107,2257,7.15,26.9,0,12.5,1.2,0.277,0
BIN-0123,2029,7.65,32.3,0,42.1,3.0,0.961,1
BIN-0011,1269,0.24,24.8,0,10.8,33.4,0.385,0
BIN-0062,2481,6.88,25.5,0,29.0,26.1,1.0,1
BIN-0142,1791,9.78,27.1,0,7.3,69.5,0.834,0
BIN-0055,1521,12.51,26.8,0,40.8,20.4,0.999,1
BIN-0040,741,1.58,21.8,0,15.6,1.5,0.055,0
BIN-0044,1863,1.66,15.0,0,34.4,8.5,0.737,0
BIN-0097,1002,7.62,22.3,0,7.1,42.0,0.447,0
BIN-0013,2933,0.18,28.1,0,45.0,8.6,1.0,1
BIN-0061,4797,0.73,30.7,0,47.0,99.4,1.0,1
BIN-0021,2547,0.75,42.0,1,32.6,69.1,1.0,1
BIN-0006,3944,0.0,31.2,0,10.5,65.2,1.0,1
BIN-0071,4493,5.82,16.0,1,44.5,45.7,1.0,1
BIN-0069,1378,0.89,36.6,0,7.0,48.8,0.582,0
BIN-0008,3419,2.94,30.5,0,43.8,1.8,1.0,1
BIN-0043,3112,7.74,9.3,0,42.8,47.1,1.0,1
BIN-0076,564,5.42,23.2,0,29.4,33.5,0.529,0
BIN-0052,2085,8.11,20.4,0,47.7,56.3,1.0,1
BIN-0063,1495,1.7,31.5,0,46.4,68.4,1.0,1
BIN-0052,2085,3.32,31.6,0,22.6,27.4,0.781,0
BIN-0080,1995,2.93,21.2,0,48.0,26.8,1.0,1
BIN-0082,4974,5.38,17.3,0,16.4,10.6,0.974,1
BIN-0049,534,8.16,28.0,0,26.7,31.0,0.451,0
BIN-0003,3592,6.67,38.3,0,44.7,6.6,1.0,1
BIN-0145,2136,3.68,17.4,0,41.6,15.5,1.0,1
BIN-0064,3842,4.98,24.8,0,19.0,32.9,1.0,1
BIN-0129,3175,4.24,23.3,1,36.9,51.1,1.0,1
BIN-0129,3175,9.31,26.9,0,40.4,80.0,1.0,1
BIN-0089,4145,9.91,32.8,0,12.2,3.5,0.584,0
BIN-0128,4529,19.19,26.9,1,25.2,88.7,1.0,1
BIN-0090,1304,8.78,11.9,0,26.7,44.9,0.831,0
BIN-0037,1100,13.1,11.5,0,37.3,96.1,1.0,1
BIN-0044,1863,4.38,18.3,0,11.4,15.6,0.281,0
BIN-0109,3742,3.32,28.8,0,4.9,22.1,0.366,0
BIN-0004,966,3.95,45.7,0,20.3,90.4,1.0,1
BIN-0013,2933,8.26,28.1,0,28.9,31.6,1.0,1
BIN-0119,4127,1.26,22.6,0,14.1,1.2,0.545,0
BIN-0074,2562,0.03,20.2,1,21.1,45.9,1.0,1
BIN-0010,2185,4.94,29.9,0,43.7,86.4,1.0,1
BIN-0086,700,0.35,31.8,0,32.5,42.7,0.687,0
BIN-0106,4691,9.37,28.5,0,33.4,70.1,1.0,1
BIN-0108,2178,2.46,28.3,0,11.9,35.6,0.661,0
BIN-0139,3804,0.97,18.1,0,19.7,98.2,1.0,1
BIN-0028,2399,2.97,23.4,0,9.4,28.2,0.471,0
BIN-0015,3885,0.28,33.1,0,6.8,12.4,0.565,0
BIN-0083,4061,4.7,20.0,0,46.1,85.5,1.0,1
BIN-0102,1984,1.98,24.7,0,32.9,52.3,1.0,1
BIN-0121,2481,1.43,19.4,0,14.0,53.8,0.903,1
BIN-0047,1275,1.47,28.1,0,45.6,12.6,0.642,0
BIN-0090,1304,0.59,32.4,0,39.4,32.0,0.801,0
BIN-0053,4443,5.38,16.3,0,35.7,8.8,1.0,1
BIN-0096,1528,2.09,25.1,0,18.4,32.3,0.643,0
BIN-0120,1863,0.74,16.4,0,37.1,25.8,0.961,1
BIN-0108,2178,0.79,37.7,0,12.1,52.2,0.805,0
BIN-0034,1146,0.66,21.6,0,17.9,65.5,0.798,0
BIN-0044,1863,0.45,18.8,0,12.9,62.7,0.924,1
BIN-0070,1576,0.68,33.1,0,20.0,26.2,0.515,0
BIN-0128,4529,0.32,30.4,0,15.5,79.8,1.0,1
BIN-0049,534,2.17,29.3,0,5.8,12.6,0.069,0
BIN-0005,4926,13.52,19.0,0,44.3,47.0,1.0,1
BIN-0145,2136,5.85,16.5,0,5.0,57.4,0.69,0
BIN-0094,3190,3.52,27.4,0,2.6,69.5,0.797,0
BIN-0063,1495,1.12,39.9,0,35.0,22.4,0.735,0
BIN-0114,3125,0.02,22.8,0,11.9,58.5,0.922,1
BIN-0106,4691,13.93,25.8,0,2.3,6.1,0.243,0
BIN-0143,4081,2.55,21.8,0,41.0,29.8,1.0,1
BIN-0116,2097,0.75,31.3,0,45.4,36.5,1.0,1
BIN-0141,2353,2.07,24.8,0,42.1,68.7,1.0,1
BIN-0140,4263,4.03,28.5,0,5.9,48.3,0.769,0
BIN-0061,4797,8.84,41.4,0,3.8,61.5,0.746,0
BIN-0016,4617,3.49,33.9,0,7.0,42.1,0.78,0
BIN-0103,1363,0.94,33.4,0,6.0,89.4,1.0,1
BIN-0104,3290,2.28,22.3,0,14.2,21.5,0.67,0
BIN-0133,4248,13.35,28.7,0,39.9,0.5,1.0,1
BIN-0007,3671,7.42,13.5,0,38.1,19.2,1.0,1
BIN-0123,2029,2.99,25.2,0,29.2,73.6,1.0,1
BIN-0150,2660,0.35,26.9,0,5.7,43.0,0.534,0
BIN-0100,4988,5.18,17.0,0,36.9,77.4,1.0,1
BIN-0074,2562,4.03,29.5,0,29.0,25.2,1.0,1
BIN-0064,3842,2.08,10.0,0,9.6,97.8,1.0,1
BIN-0141,2353,4.14,31.6,0,27.7,53.2,1.0,1
BIN-0020,3058,0.88,27.5,1,23.1,65.9,1.0,1
BIN-0129,3175,1.46,14.9,0,24.3,30.6,1.0,1
BIN-0042,3324,10.3,36.1,0,7.8,4.1,0.354,0
BIN-0026,3234,1.4,22.0,0,20.0,57.7,1.0,1
BIN-0150,2660,6.65,21.3,0,46.9,25.7,1.0,1
BIN-0009,630,0.15,35.7,1,25.8,81.9,0.967,1
BIN-0107,2257,0.21,30.8,1,41.5,22.8,1.0,1
BIN-0062,2481,1.75,30.0,0,36.1,73.7,1.0,1
BIN-0104,3290,3.12,25.3,0,8.1,88.7,1.0,1
BIN-0086,700,5.4,29.1,0,4.1,93.3,1.0,1
BIN-0141,2353,2.06,8.7,0,17.2,13.8,0.54,0
BIN-0118,3193,19.54,29.4,0,5.3,48.8,0.655,0
BIN-0104,3290,3.6,21.9,0,45.1,37.8,1.0,1
BIN-0120,1863,3.7,20.8,1,38.8,43.3,1.0,1
BIN-0121,2481,6.32,25.3,0,23.2,32.6,1.0,1
BIN-0048,4514,4.13,38.6,0,13.5,39.8,1.0,1
BIN-0113,3657,10.61,30.0,0,45.2,25.0,1.0,1
BIN-0068,837,6.85,11.1,0,27.4,66.1,0.93,1
BIN-0048,4514,3.28,14.0,0,46.2,51.1,1.0,1
BIN-0102,1984,2.65,16.1,0,27.0,54.3,1.0,1
BIN-0042,3324,8.53,13.9,0,11.7,31.8,0.824,0
BIN-0124,2538,2.57,27.0,0,19.0,96.0,1.0,1
BIN-0093,2070,1.62,8.1,0,14.2,43.8,0.767,0
BIN-0024,2306,0.16,23.5,0,12.7,79.8,1.0,1
BIN-0136,3945,0.04,21.8,0,23.1,99.2,1.0,1
BIN-0013,2933,0.0,30.8,1,22.4,59.9,1.0,1
BIN-0112,3814,3.59,15.9,0,44.6,37.5,1.0,1
BIN-0069,1378,4.05,35.0,0,22.8,24.7,0.671,0
BIN-0109,3742,5.03,6.3,0,39.8,45.1,1.0,1
BIN-0012,2891,3.68,11.9,0,6.5,75.7,0.943,1
BIN-0107,2257,0.84,13.0,0,21.1,1.5,0.556,0
BIN-0086,700,6.0,24.4,1,24.5,45.0,0.833,0
BIN-0021,2547,3.82,22.3,0,42.3,21.6,1.0,1
BIN-0030,2028,1.98,19.7,0,8.0,45.4,0.596,0
BIN-0015,3885,2.85,17.0,0,38.2,56.7,1.0,1
BIN-0069,1378,0.79,16.9,0,32.5,38.1,0.781,0
BIN-0101,706,8.32,25.3,0,47.8,89.3,1.0,1
BIN-0038,2863,8.72,28.4,0,23.5,62.6,1.0,1
BIN-0114,3125,3.59,39.3,0,45.6,90.2,1.0,1
BIN-0070,1576,8.08,24.7,0,25.2,74.8,1.0,1
BIN-0096,1528,7.25,33.4,0,14.4,34.8,0.598,0
BIN-0096,1528,6.16,31.9,0,39.0,37.0,0.937,1
BIN-0027,3505,1.44,24.8,1,23.3,7.4,1.0,1
BIN-0070,1576,9.28,15.7,1,26.4,13.8,0.802,0
BIN-0133,4248,6.4,27.7,0,17.8,69.4,1.0,1
BIN-0089,4145,3.19,13.8,0,42.5,32.5,1.0,1
BIN-0144,3957,2.61,13.0,0,15.6,70.5,1.0,1
BIN-0073,992,9.02,26.7,0,25.9,83.0,1.0,1
BIN-0038,2863,6.18,29.4,0,30.3,44.3,1.0,1
BIN-0039,2561,1.06,24.1,0,20.8,87.6,1.0,1
BIN-0100,4988,0.15,31.4,0,42.4,81.3,1.0,1
BIN-0138,1995,2.07,26.1,0,6.3,63.4,0.729,0
BIN-0103,1363,0.04,24.8,0,3.0,68.7,0.716,0
BIN-0091,3231,9.21,22.9,0,6.0,70.2,0.925,1
BIN-0020,3058,7.01,24.3,0,29.5,26.4,1.0,1
BIN-0102,1984,8.98,12.8,1,3.4,99.9,1.0,1
BIN-0058,4343,0.31,27.8,0,32.4,99.9,1.0,1
BIN-0112,3814,1.76,17.7,0,34.9,17.1,1.0,1
BIN-0078,2527,0.36,35.1,0,8.9,79.3,1.0,1
BIN-0008,3419,4.92,22.4,0,13.8,38.0,0.88,0
BIN-0021,2547,1.82,19.9,0,23.1,25.9,0.966,1
BIN-0030,2028,13.0,25.2,0,23.4,69.0,1.0,1
BIN-0107,2257,8.44,20.5,0,15.4,61.4,1.0,1
BIN-0048,4514,11.48,25.2,0,18.0,17.9,1.0,1
BIN-0039,2561,1.18,24.5,0,6.4,95.1,1.0,1
BIN-0110,1559,13.23,19.7,0,30.0,28.8,0.768,0
BIN-0101,706,0.32,32.3,0,13.2,64.2,0.708,0
BIN-0116,2097,1.95,29.9,0,5.4,46.1,0.587,0
BIN-0044,1863,0.5,33.1,0,22.3,63.4,1.0,1
BIN-0009,630,0.17,15.0,0,18.0,46.9,0.601,0
BIN-0133,4248,0.79,24.7,1,7.3,94.6,1.0,1
BIN-0146,4196,1.86,14.3,0,38.2,88.2,1.0,1
BIN-0008,3419,4.36,31.2,0,2.5,43.9,0.471,0
BIN-0100,4988,3.43,22.1,0,4.8,5.1,0.368,0
BIN-0016,4617,2.17,18.7,0,9.2,95.3,1.0,1
BIN-0134,1163,2.06,19.3,0,22.9,76.7,1.0,1
BIN-0109,3742,3.57,28.0,0,14.1,37.5,0.911,1
BIN-0122,2163,0.33,25.3,0,12.5,49.0,0.806,0
BIN-0133,4248,8.8,25.3,0,20.6,44.9,1.0,1
BIN-0027,3505,20.28,28.4,1,35.2,19.0,1.0,1
BIN-0021,2547,1.63,31.7,0,27.9,80.3,1.0,1
BIN-0081,891,0.24,16.3,0,6.9,66.5,0.708,0
BIN-0087,3604,1.61,35.1,0,10.9,66.8,1.0,1
BIN-0006,3944,0.89,34.5,1,16.6,53.2,1.0,1
BIN-0097,1002,0.88,18.6,0,27.9,94.5,1.0,1
BIN-0039,2561,5.13,27.0,0,14.1,3.9,0.502,0
BIN-0044,1863,1.24,32.7,0,34.1,38.8,1.0,1
BIN-0026,3234,2.76,16.3,0,29.0,47.6,1.0,1
BIN-0095,4340,3.55,26.8,0,15.1,29.8,1.0,1
BIN-0131,1209,0.05,20.5,0,16.7,76.7,0.953,1
BIN-0003,3592,11.52,16.9,0,11.5,20.0,0.711,0
BIN-0116,2097,6.29,20.4,0,2.1,45.1,0.557,0
BIN-0010,2185,3.47,22.0,0,21.4,14.7,0.623,0
BIN-0101,706,0.09,22.7,0,38.5,13.3,0.413,0
BIN-0074,2562,6.26,19.9,1,39.8,20.4,1.0,1
BIN-0006,3944,0.7,11.3,0,16.4,83.9,1.0,1
BIN-0019,1582,4.64,33.3,0,3.5,85.2,0.842,0
BIN-0080,1995,5.38,35.6,0,44.8,84.1,1.0,1
BIN-0132,4913,2.09,28.1,1,13.4,8.0,1.0,1
BIN-0017,3404,1.1,31.0,0,46.7,94.7,1.0,1
BIN-0066,1775,2.2,18.5,0,39.8,27.1,1.0,1
BIN-0117,3560,2.74,23.6,0,47.8,39.9,1.0,1
BIN-0123,2029,0.56,20.0,0,32.3,64.7,1.0,1
BIN-0032,4056,0.01,25.7,0,3.8,48.8,0.633,0
BIN-0084,2778,4.26,26.7,0,44.8,78.5,1.0,1
BIN-0132,4913,3.14,19.9,0,13.8,59.4,1.0,1
BIN-0043,3112,1.5,23.5,0,15.5,87.8,1.0,1
BIN-0071,4493,4.53,7.7,0,31.3,75.1,1.0,1
BIN-0126,2737,3.23,26.5,0,18.8,1.2,0.608,0
BIN-0079,3195,11.29,22.7,0,39.3,85.9,1.0,1
BIN-0106,4691,6.19,23.2,0,18.9,59.1,1.0,1
BIN-0071,4493,11.72,38.7,0,45.7,86.9,1.0,1
BIN-0130,1782,4.11,17.6,0,26.0,93.3,1.0,1
BIN-0126,2737,6.52,14.0,0,15.3,76.8,1.0,1
BIN-0018,974,6.23,15.3,0,24.8,41.8,0.705,0
BIN-0033,4390,6.63,35.0,0,46.4,21.7,1.0,1
BIN-0080,1995,2.31,18.4,0,11.9,20.0,0.42,0
BIN-0018,974,8.09,31.3,1,28.4,22.0,0.735,0
BIN-0105,1063,0.21,24.5,0,27.7,91.7,1.0,1
BIN-0057,3113,0.0,30.1,0,29.9,45.1,1.0,1
BIN-0078,2527,0.65,11.6,0,29.8,61.4,1.0,1
BIN-0091,3231,0.48,19.8,0,33.1,87.5,1.0,1
BIN-0045,1978,5.65,23.8,0,44.0,47.0,1.0,1
BIN-0111,2222,13.16,7.8,0,22.4,31.8,0.969,1
BIN-0041,2541,1.33,37.2,0,27.3,49.2,1.0,1
BIN-0117,3560,6.29,27.4,0,5.1,97.6,1.0,1
BIN-0130,1782,13.48,30.2,0,19.9,39.3,0.867,0
BIN-0127,1806,5.03,34.4,0,43.9,87.0,1.0,1
BIN-0047,1275,0.17,23.3,0,23.7,81.9,1.0,1
BIN-0124,2538,9.01,28.6,0,13.5,68.7,1.0,1
BIN-0096,1528,2.02,28.1,0,41.8,3.2,0.638,0
BIN-0081,891,2.3,31.2,0,3.5,62.5,0.737,0
BIN-0120,1863,0.03,22.0,0,10.1,2.9,0.206,0
BIN-0008,3419,4.48,16.6,0,11.3,27.0,0.74,0
BIN-0064,3842,4.79,19.8,0,41.9,51.9,1.0,1
BIN-0081,891,0.76,27.5,0,30.5,23.2,0.434,0
BIN-0039,2561,7.08,32.3,0,26.1,47.7,1.0,1
BIN-0109,3742,1.04,38.9,0,30.0,70.3,1.0,1
BIN-0141,2353,1.39,27.8,0,39.6,99.0,1.0,1
BIN-0122,2163,5.05,18.1,0,4.6,97.8,1.0,1
BIN-0080,1995,4.07,24.7,0,30.2,71.6,1.0,1
BIN-0018,974,0.33,27.4,0,18.0,48.7,0.624,0
BIN-0027,3505,8.8,35.7,0,13.1,16.8,0.62,0
BIN-0116,2097,4.67,4.4,0,24.2,34.1,0.88,0
BIN-0023,1475,3.59,17.6,0,3.6,70.4,0.737,0
BIN-0123,2029,4.9,31.5,0,44.1,95.8,1.0,1
BIN-0027,3505,23.22,33.6,0,41.6,14.5,1.0,1
BIN-0056,3961,4.59,29.9,0,3.8,1.4,0.114,0
BIN-0088,2954,5.24,38.2,0,23.6,92.5,1.0,1
BIN-0141,2353,4.9,30.4,0,41.5,39.1,1.0,1
BIN-0018,974,0.98,18.5,0,26.8,25.8,0.353,0
BIN-0118,3193,1.32,42.0,0,20.0,91.5,1.0,1
BIN-0127,1806,5.61,15.2,0,23.2,2.1,0.381,0
BIN-0094,3190,1.02,40.4,0,33.2,47.1,1.0,1
BIN-0108,2178,1.44,22.5,0,6.4,1.3,0.195,0
BIN-0105,1063,1.04,25.1,0,5.9,46.1,0.505,0
BIN-0085,3599,5.5,31.6,0,11.7,85.1,1.0,1
BIN-0112,3814,0.87,29.9,0,3.3,62.9,0.726,0
BIN-0049,534,2.01,26.5,1,38.1,62.3,0.89,0
BIN-0084,2778,3.9,27.2,0,46.4,26.0,1.0,1
BIN-0086,700,4.98,41.2,0,21.1,38.0,0.526,0
BIN-0037,1100,4.45,19.6,1,5.9,34.7,0.555,0
BIN-0120,1863,8.9,27.8,0,23.9,31.8,0.756,0
BIN-0006,3944,3.57,28.0,0,40.6,93.1,1.0,1
BIN-0085,3599,1.46,24.2,1,2.5,58.8,0.705,0
BIN-0022,3247,1.02,19.5,0,25.7,71.3,1.0,1
BIN-0139,3804,8.66,24.7,0,16.3,45.1,1.0,1
BIN-0042,3324,7.55,24.8,0,28.9,4.9,1.0,1
BIN-0149,1198,2.24,9.6,0,44.6,82.9,1.0,1
BIN-0077,3068,23.8,18.5,1,32.7,5.9,1.0,1
BIN-0134,1163,10.73,10.1,0,38.0,54.4,1.0,1
BIN-0150,2660,1.44,31.4,0,18.9,7.8,0.627,0
BIN-0061,4797,6.44,23.5,1,16.2,97.6,1.0,1
BIN-0009,630,12.19,21.5,1,21.6,55.5,0.748,0
BIN-0033,4390,1.06,12.1,1,3.3,20.0,0.44,0
BIN-0103,1363,0.31,20.3,0,15.3,61.3,0.87,0
BIN-0141,2353,0.47,18.0,0,13.5,41.7,0.763,0
BIN-0084,2778,1.69,37.0,1,23.0,83.0,1.0,1
BIN-0098,4993,10.34,50.7,0,15.1,76.5,1.0,1
BIN-0025,689,0.38,20.7,0,31.2,88.0,1.0,1
BIN-0120,1863,0.3,20.6,0,22.6,34.6,0.836,0
BIN-0100,4988,4.6,12.0,1,25.1,46.5,1.0,1
BIN-0131,1209,4.48,21.0,0,38.6,5.0,0.565,0
BIN-0035,3388,6.16,29.8,0,10.9,13.0,0.526,0
BIN-0085,3599,1.85,12.6,0,39.2,47.1,1.0,1
BIN-0074,2562,2.03,13.6,0,15.2,96.9,1.0,1
BIN-0075,4384,0.83,29.9,0,9.1,79.4,1.0,1
BIN-0020,3058,15.01,23.4,0,27.5,38.3,1.0,1
BIN-0023,1475,2.71,14.4,0,29.6,32.7,0.801,0
BIN-0038,2863,2.12,30.2,0,15.6,88.9,1.0,1
BIN-0080,1995,5.13,32.2,0,15.2,50.1,0.832,0
BIN-0036,2935,2.11,33.4,0,46.8,26.7,1.0,1
BIN-0027,3505,1.47,29.5,0,2.0,60.0,0.681,0
BIN-0109,3742,10.62,15.4,0,8.7,58.2,0.925,1
BIN-0137,4243,2.76,21.9,0,25.9,69.6,1.0,1
BIN-0111,2222,0.99,41.1,0,33.4,20.8,0.913,1
BIN-0054,3573,2.86,23.5,0,18.4,25.2,0.94,1
BIN-0007,3671,7.34,26.4,0,13.3,0.9,0.6,0
BIN-0144,3957,0.74,16.0,0,29.1,29.8,1.0,1
BIN-0059,2000,7.8,19.2,0,35.1,88.2,1.0,1
BIN-0117,3560,6.24,20.1,0,17.0,44.2,1.0,1
BIN-0065,4298,1.95,33.8,0,45.3,59.9,1.0,1
BIN-0027,3505,10.34,9.5,0,28.8,7.1,1.0,1
BIN-0030,2028,0.16,31.7,1,4.5,59.7,0.774,0
BIN-0021,2547,2.01,26.0,0,6.8,61.2,0.75,0
BIN-0113,3657,7.29,23.5,1,41.8,29.7,1.0,1
BIN-0055,1521,2.86,36.5,0,36.5,51.0,1.0,1
BIN-0027,3505,6.19,25.4,0,2.4,19.0,0.268,0
BIN-0038,2863,3.68,25.1,0,20.0,31.0,0.932,1
BIN-0032,4056,4.97,21.2,0,43.7,90.1,1.0,1
BIN-0120,1863,5.29,21.5,0,19.4,89.4,1.0,1
BIN-0130,1782,4.04,9.1,0,43.2,80.3,1.0,1
BIN-0006,3944,4.14,38.9,0,2.8,33.5,0.513,0
BIN-0030,2028,4.7,24.5,0,11.6,66.1,0.874,0
BIN-0077,3068,1.97,23.8,1,3.1,30.6,0.493,0
BIN-0055,1521,3.85,20.3,0,19.9,51.1,0.858,0
BIN-0028,2399,10.37,23.5,0,15.4,61.5,1.0,1
BIN-0015,3885,2.53,33.7,0,24.5,57.9,1.0,1
BIN-0101,706,1.81,32.0,0,44.9,71.7,1.0,1
BIN-0047,1275,0.92,21.1,0,26.3,29.1,0.5,0
BIN-0022,3247,11.1,28.5,0,40.8,56.9,1.0,1
BIN-0101,706,4.58,26.4,0,35.6,83.3,1.0,1
BIN-0122,2163,0.25,23.8,0,8.4,0.3,0.236,0
BIN-0118,3193,6.1,19.9,0,2.6,77.2,0.836,0
BIN-0083,4061,6.11,29.8,0,2.7,35.3,0.48,0
BIN-0086,700,12.93,23.1,0,40.9,30.9,0.627,0
BIN-0060,661,6.46,26.7,0,46.5,47.8,0.817,0
BIN-0110,1559,2.32,23.1,0,47.2,9.6,0.8,0
BIN-0069,1378,8.94,34.5,0,32.3,31.7,0.797,0
BIN-0114,3125,7.18,17.9,0,13.1,67.9,1.0,1
BIN-0106,4691,3.56,27.7,0,19.1,45.6,1.0,1
BIN-0127,1806,19.79,21.6,0,8.7,79.9,1.0,1
BIN-0013,2933,7.48,12.7,0,9.6,77.7,1.0,1
BIN-0106,4691,6.97,26.8,0,40.3,17.5,1.0,1
BIN-0149,1198,0.08,40.3,0,32.0,15.4,0.471,0
BIN-0030,2028,0.16,24.9,0,10.6,93.5,1.0,1
BIN-0105,1063,6.1,30.5,0,29.0,35.4,0.668,0
BIN-0130,1782,4.55,40.2,0,11.3,21.4,0.421,0
BIN-0006,3944,5.51,21.4,0,24.7,31.2,1.0,1
BIN-0131,1209,1.91,36.2,0,12.7,89.7,0.999,1
BIN-0150,2660,3.56,9.1,0,32.9,19.6,1.0,1
BIN-0122,2163,2.63,34.8,0,18.2,83.7,1.0,1
BIN-0011,1269,14.27,17.9,0,29.4,64.4,1.0,1
BIN-0025,689,0.63,29.2,0,42.9,70.0,1.0,1
BIN-0020,3058,5.49,22.9,0,39.6,65.5,1.0,1
BIN-0025,689,0.13,12.6,0,18.7,25.5,0.392,0
BIN-0016,4617,16.97,32.5,0,23.9,85.5,1.0,1
BIN-0129,3175,8.02,46.7,0,8.1,67.7,1.0,1
BIN-0130,1782,19.34,24.5,0,6.8,44.9,0.71,0
BIN-0005,4926,6.17,27.0,0,45.7,34.0,1.0,1
BIN-0017,3404,2.83,21.0,0,31.7,84.6,1.0,1
BIN-0050,3652,0.34,35.1,0,43.9,30.4,1.0,1
BIN-0083,4061,8.96,28.8,0,22.0,55.6,1.0,1
BIN-0038,2863,4.58,40.5,0,15.1,81.9,1.0,1
BIN-0098,4993,8.99,35.2,0,5.0,21.6,0.434,0
BIN-0019,1582,15.6,29.8,0,38.4,49.5,1.0,1
BIN-0004,966,2.65,4.9,0,12.6,0.6,0.095,0
BIN-0142,1791,8.22,16.8,0,26.6,6.0,0.573,0
BIN-0050,3652,5.15,28.8,0,2.5,48.1,0.578,0
BIN-0148,3652,1.21,22.7,0,42.2,86.4,1.0,1
BIN-0055,1521,1.76,11.8,1,4.6,59.1,0.788,0
BIN-0106,4691,3.28,25.9,1,45.7,82.6,1.0,1
BIN-0122,2163,1.26,19.2,0,42.2,85.9,1.0,1
BIN-0042,3324,4.07,21.5,0,24.3,35.4,1.0,1
BIN-0062,2481,2.38,27.1,0,19.9,41.2,0.905,1
BIN-0096,1528,0.01,34.2,0,36.9,56.1,1.0,1
BIN-0076,564,2.21,17.1,0,4.0,87.0,0.859,0
BIN-0069,1378,8.08,26.6,0,29.4,83.6,1.0,1
BIN-0072,879,13.07,16.5,0,26.5,13.8,0.475,0
BIN-0147,3499,1.89,32.0,0,18.4,51.3,1.0,1
BIN-0093,2070,10.48,19.0,0,26.0,19.3,0.727,0
BIN-0010,2185,0.16,20.7,0,3.6,84.2,0.931,1
BIN-0079,3195,3.17,37.7,0,45.5,60.9,1.0,1
BIN-0052,2085,1.5,9.7,0,37.5,16.8,0.955,1
BIN-0097,1002,0.12,28.0,0,47.5,34.6,0.779,0
BIN-0005,4926,2.33,22.7,0,35.2,4.9,1.0,1
BIN-0015,3885,0.48,23.9,0,26.5,26.8,1.0,1
BIN-0083,4061,16.56,36.2,0,27.2,74.3,1.0,1
BIN-0077,3068,8.55,36.8,0,20.0,90.5,1.0,1
BIN-0019,1582,2.99,28.4,0,3.8,33.2,0.404,0
BIN-0015,3885,1.89,32.0,0,47.5,27.3,1.0,1
BIN-0006,3944,2.18,39.1,0,43.3,51.9,1.0,1
BIN-0123,2029,1.18,24.5,0,42.3,92.8,1.0,1
BIN-0096,1528,13.71,24.0,0,3.6,88.9,0.981,1
BIN-0134,1163,5.16,25.2,0,41.8,74.2,1.0,1
BIN-0006,3944,4.14,21.0,0,33.7,98.6,1.0,1
BIN-0070,1576,14.23,30.4,0,32.9,46.9,1.0,1
BIN-0022,3247,7.62,21.6,0,21.9,24.0,1.0,1
BIN-0139,3804,7.07,26.1,1,2.5,49.9,0.628,0
BIN-0102,1984,3.82,18.1,0,35.0,94.4,1.0,1
BIN-0010,2185,4.12,11.1,0,14.6,17.5,0.583,0
BIN-0078,2527,6.43,39.1,1,6.2,66.7,0.974,1
BIN-0086,700,5.79,30.6,0,4.9,62.3,0.686,0
BIN-0047,1275,9.02,23.9,1,12.4,39.0,0.568,0
BIN-0030,2028,7.16,12.2,0,43.9,99.8,1.0,1
BIN-0140,4263,6.2,22.2,0,13.4,43.2,1.0,1
BIN-0149,1198,2.79,23.6,0,6.7,49.4,0.595,0
BIN-0055,1521,2.75,27.4,0,22.2,79.6,1.0,1
BIN-0029,1767,4.94,25.4,0,42.3,46.2,1.0,1
BIN-0006,3944,1.31,24.4,0,10.6,77.3,1.0,1
BIN-0043,3112,16.45,14.6,0,46.7,98.3,1.0,1
BIN-0039,2561,1.99,31.6,0,14.6,30.3,0.678,0
BIN-0059,2000,2.88,29.2,0,11.4,93.3,1.0,1
BIN-0030,2028,3.81,31.3,0,13.3,86.7,1.0,1
BIN-0119,4127,0.23,31.4,0,8.8,69.4,1.0,1
BIN-0096,1528,0.04,23.2,1,17.7,44.0,0.862,0
BIN-0086,700,1.28,24.5,0,41.2,25.4,0.596,0
BIN-0137,4243,0.71,16.1,0,11.1,54.8,1.0,1
BIN-0142,1791,0.26,22.1,0,25.4,46.5,0.931,1
BIN-0106,4691,0.77,29.0,0,8.0,64.0,1.0,1
BIN-0104,3290,4.62,13.3,0,45.5,31.4,1.0,1
BIN-0059,2000,0.61,23.4,0,35.6,16.5,0.894,0
BIN-0090,1304,1.87,27.3,0,20.3,17.0,0.432,0
BIN-0150,2660,6.35,24.8,0,22.1,84.2,1.0,1
BIN-0054,3573,6.45,38.7,0,7.9,78.2,1.0,1
BIN-0103,1363,6.95,36.4,0,36.9,37.2,0.968,1
BIN-0079,3195,13.83,25.9,0,8.4,21.9,0.519,0
BIN-0038,2863,0.34,16.4,0,10.8,88.3,1.0,1
BIN-0012,2891,1.29,22.3,0,29.8,68.9,1.0,1
BIN-0053,4443,2.15,31.9,0,47.1,35.6,1.0,1
BIN-0053,4443,0.93,34.3,0,13.7,76.4,1.0,1
BIN-0131,1209,1.57,33.0,1,21.5,83.5,1.0,1
BIN-0143,4081,4.46,27.7,0,20.3,12.0,0.959,1
BIN-0068,837,0.52,29.2,0,33.4,58.1,0.912,1
BIN-0099,1370,7.09,39.9,0,45.3,53.0,1.0,1
BIN-0130,1782,0.41,37.8,0,19.0,44.9,0.875,0
BIN-0124,2538,4.94,24.8,0,25.4,49.6,1.0,1
BIN-0148,3652,11.55,31.7,0,21.2,75.8,1.0,1
BIN-0079,3195,9.89,28.4,0,20.4,98.6,1.0,1
BIN-0068,837,2.27,23.6,0,8.6,55.7,0.554,0
BIN-0089,4145,2.49,27.5,0,14.1,64.5,1.0,1
BIN-0134,1163,9.75,17.8,0,35.4,31.4,0.835,0
BIN-0015,3885,2.7,23.0,0,42.9,67.6,1.0,1
BIN-0138,1995,4.26,25.6,0,46.5,79.9,1.0,1
BIN-0138,1995,2.14,24.9,0,23.1,69.7,1.0,1
BIN-0107,2257,1.96,33.4,0,7.0,94.9,1.0,1
BIN-0023,1475,0.21,33.5,0,36.0,62.8,1.0,1
BIN-0071,4493,0.76,31.1,0,2.8,21.6,0.367,0
BIN-0050,3652,4.22,21.5,0,27.6,69.0,1.0,1
BIN-0010,2185,0.44,33.5,1,25.3,59.4,1.0,1
BIN-0055,1521,8.94,26.5,0,22.7,42.4,0.82,0
BIN-0133,4248,14.51,29.8,0,35.3,81.2,1.0,1
BIN-0014,1684,7.16,12.8,0,24.6,31.7,0.796,0
BIN-0149,1198,2.67,29.6,0,39.2,26.3,0.739,0
BIN-0003,3592,4.51,25.8,0,25.9,72.4,1.0,1
BIN-0039,2561,0.19,25.8,0,24.8,50.2,1.0,1
BIN-0090,1304,11.25,32.1,0,21.1,4.5,0.449,0
BIN-0036,2935,3.73,29.5,0,24.1,81.2,1.0,1
BIN-0004,966,1.54,28.7,0,44.4,12.9,0.531,0
BIN-0107,2257,0.28,30.0,0,45.1,12.9,1.0,1
BIN-0030,2028,2.44,23.3,0,46.6,2.5,1.0,1
BIN-0064,3842,1.83,37.8,0,39.7,7.0,1.0,1
BIN-0095,4340,4.6,14.4,0,23.3,45.0,1.0,1
BIN-0016,4617,13.22,27.0,0,16.7,38.1,1.0,1
BIN-0038,2863,7.31,25.2,0,42.8,2.4,1.0,1
BIN-0103,1363,2.17,23.2,0,18.5,58.0,0.842,0
BIN-0079,3195,15.09,21.7,0,9.8,45.6,0.937,1
BIN-0143,4081,2.4,32.8,1,11.9,4.4,0.813,0
BIN-0102,1984,4.27,29.1,0,17.5,14.4,0.566,0
BIN-0001,1360,24.3,13.4,0,7.3,57.9,0.638,0
BIN-0040,741,1.23,21.1,0,14.5,94.8,1.0,1
BIN-0025,689,0.63,22.0,0,35.8,17.3,0.435,0
BIN-0037,1100,7.4,23.9,0,23.4,92.7,1.0,1
BIN-0027,3505,0.47,24.9,0,17.9,14.8,0.726,0
BIN-0098,4993,2.41,19.4,0,11.1,1.6,0.602,0
BIN-0014,1684,4.12,13.4,0,8.2,51.9,0.632,0
BIN-0037,1100,1.87,47.1,0,20.9,19.3,0.418,0
BIN-0031,3702,4.13,20.1,0,20.7,69.9,1.0,1
BIN-0018,974,2.98,31.9,0,34.8,29.3,0.726,0
BIN-0049,534,1.84,25.7,0,35.9,21.6,0.364,0
BIN-0080,1995,8.31,40.5,0,28.0,24.9,0.905,1
BIN-0103,1363,2.97,35.1,0,46.0,51.4,1.0,1
BIN-0080,1995,0.58,18.9,1,16.1,12.7,0.579,0
BIN-0117,3560,9.76,15.6,0,34.9,72.8,1.0,1
BIN-0108,2178,10.21,11.7,0,39.6,0.6,1.0,1
BIN-0014,1684,6.6,14.9,0,5.1,67.3,0.88,0
BIN-0125,3802,2.51,21.3,0,47.7,99.5,1.0,1
BIN-0063,1495,3.75,29.0,0,46.5,30.0,1.0,1
BIN-0046,3056,1.08,21.1,0,28.2,22.2,1.0,1
BIN-0100,4988,0.48,40.3,1,10.7,80.6,1.0,1
BIN-0047,1275,2.08,24.5,0,37.5,92.0,1.0,1
BIN-0094,3190,0.53,36.2,0,9.9,1.2,0.355,0
BIN-0145,2136,10.89,20.4,1,15.2,88.9,1.0,1
BIN-0032,4056,15.41,25.8,0,28.0,79.3,1.0,1
BIN-0062,2481,7.1,21.8,0,3.0,62.9,0.728,0
BIN-0030,2028,6.3,13.2,0,3.5,24.1,0.191,0
BIN-0129,3175,10.88,19.6,0,34.2,0.6,1.0,1
BIN-0135,2498,0.63,24.4,0,29.6,35.0,1.0,1
BIN-0055,1521,7.94,23.1,0,27.8,81.8,1.0,1
BIN-0024,2306,5.44,17.7,0,46.0,99.6,1.0,1
BIN-0052,2085,3.25,23.3,1,29.8,20.3,1.0,1
BIN-0048,4514,4.78,25.7,0,35.8,68.6,1.0,1
BIN-0025,689,0.97,27.3,0,16.9,85.7,0.951,1
BIN-0055,1521,1.36,30.0,0,9.5,38.8,0.626,0
BIN-0112,3814,7.38,40.0,0,44.1,27.8,1.0,1
BIN-0091,3231,1.37,20.9,0,27.3,72.2,1.0,1
BIN-0048,4514,0.71,25.9,0,40.9,67.8,1.0,1
BIN-0052,2085,6.1,21.6,0,8.3,58.9,0.777,0
BIN-0088,2954,3.95,40.0,0,13.3,67.9,1.0,1
BIN-0095,4340,2.45,16.5,0,22.6,91.7,1.0,1
BIN-0085,3599,1.61,17.2,0,29.1,27.6,1.0,1
BIN-0007,3671,0.1,29.0,0,3.4,96.7,1.0,1
BIN-0064,3842,1.84,23.6,0,5.7,24.2,0.489,0
BIN-0143,4081,0.44,25.5,0,7.3,92.8,1.0,1
BIN-0062,2481,10.85,21.8,0,5.3,83.7,1.0,1
BIN-0130,1782,0.37,36.5,0,46.8,43.9,1.0,1
BIN-0003,3592,5.51,24.4,0,13.6,95.8,1.0,1
BIN-0129,3175,15.86,32.6,0,11.6,19.7,0.648,0
BIN-0032,4056,2.21,23.7,0,6.4,39.6,0.727,0
BIN-0003,3592,8.26,21.0,0,31.9,75.7,1.0,1
BIN-0046,3056,3.57,22.9,0,28.0,95.2,1.0,1
BIN-0073,992,1.05,25.2,0,27.8,63.7,0.916,1
BIN-0134,1163,3.12,16.1,1,20.6,87.5,1.0,1
BIN-0088,2954,5.42,40.3,0,29.0,55.4,1.0,1
BIN-0126,2737,1.19,23.4,0,28.0,61.2,1.0,1
BIN-0046,3056,6.84,35.1,0,36.1,86.2,1.0,1
BIN-0025,689,2.08,18.4,0,7.2,43.1,0.467,0
BIN-0079,3195,9.41,18.6,0,10.6,11.1,0.563,0
BIN-0100,4988,1.56,24.6,0,38.3,76.0,1.0,1
BIN-0118,3193,1.78,22.3,0,25.8,22.6,1.0,1
BIN-0107,2257,22.58,21.6,0,14.5,27.4,0.851,0
BIN-0008,3419,10.55,21.1,0,39.0,61.6,1.0,1
BIN-0137,4243,4.6,25.7,0,23.8,64.8,1.0,1
BIN-0064,3842,0.08,22.0,0,24.4,13.8,1.0,1
BIN-0027,3505,1.21,26.8,0,40.6,58.4,1.0,1
BIN-0114,3125,4.95,12.7,0,30.2,86.1,1.0,1
BIN-0133,4248,2.96,20.7,0,18.0,61.5,1.0,1
BIN-0105,1063,5.46,23.7,0,24.3,10.6,0.395,0
BIN-0132,4913,9.38,44.6,0,39.9,92.4,1.0,1
BIN-0087,3604,4.76,2.6,0,12.7,94.1,1.0,1
BIN-0077,3068,1.86,35.9,0,15.5,68.0,1.0,1
BIN-0136,3945,3.49,29.0,1,42.1,86.2,1.0,1
BIN-0137,4243,4.35,15.2,0,25.4,99.2,1.0,1
BIN-0056,3961,5.04,21.4,0,6.7,32.8,0.474,0
BIN-0079,3195,0.38,24.5,0,24.3,33.5,1.0,1
BIN-0040,741,4.0,30.9,1,7.1,21.2,0.224,0
BIN-0093,2070,0.17,37.8,0,37.1,3.9,0.88,0
BIN-0007,3671,0.27,34.0,0,26.6,79.7,1.0,1
BIN-0022,3247,1.89,35.8,0,47.2,41.1,1.0,1
BIN-0074,2562,2.87,22.1,0,9.8,79.1,1.0,1
BIN-0049,534,0.63,26.5,0,20.0,74.1,0.868,0
BIN-0075,4384,14.5,15.5,0,31.7,98.6,1.0,1
BIN-0004,966,4.56,19.7,0,42.8,40.4,0.913,1
BIN-0117,3560,11.0,24.7,0,45.9,20.6,1.0,1
BIN-0091,3231,4.45,34.6,1,14.6,50.5,1.0,1
BIN-0041,2541,2.75,26.0,0,19.3,46.2,0.983,1
BIN-0133,4248,2.72,24.5,1,8.5,58.7,1.0,1
BIN-0072,879,7.81,22.4,1,11.0,61.3,0.792,0
BIN-0052,2085,0.69,32.3,0,33.9,20.0,0.942,1
BIN-0077,3068,5.39,15.8,0,23.5,81.2,1.0,1
BIN-0101,706,0.33,29.5,0,13.6,32.7,0.369,0
BIN-0031,3702,1.19,29.6,0,23.3,77.5,1.0,1
BIN-0105,1063,1.45,20.5,0,8.8,81.2,0.896,0
BIN-0063,1495,9.19,24.0,0,15.1,91.2,1.0,1
BIN-0116,2097,6.27,32.5,0,28.4,50.1,1.0,1
BIN-0006,3944,4.01,22.4,0,42.4,68.2,1.0,1
BIN-0065,4298,5.74,26.4,0,40.1,36.0,1.0,1
BIN-0104,3290,0.85,12.6,0,26.3,41.1,1.0,1
BIN-0036,2935,1.05,27.5,0,7.5,12.3,0.284,0
BIN-0083,4061,10.61,26.4,0,18.9,97.8,1.0,1
BIN-0109,3742,13.72,15.3,0,22.3,55.6,1.0,1
BIN-0126,2737,5.19,26.3,0,45.9,48.3,1.0,1
BIN-0134,1163,1.54,25.3,0,30.3,15.5,0.464,0
BIN-0001,1360,8.75,24.2,0,38.4,46.8,1.0,1
BIN-0108,2178,8.49,18.5,0,23.6,42.5,1.0,1
BIN-0131,1209,17.54,34.7,0,29.4,34.9,0.859,0
BIN-0007,3671,4.01,37.5,0,15.4,33.0,0.983,1
BIN-0147,3499,3.95,14.1,0,22.9,79.5,1.0,1
BIN-0022,3247,2.42,24.8,0,28.2,50.7,1.0,1
BIN-0026,3234,1.28,29.7,0,17.5,13.4,0.742,0
BIN-0055,1521,12.42,32.4,0,25.5,71.8,1.0,1
BIN-0112,3814,5.51,27.7,0,23.5,25.1,1.0,1
BIN-0126,2737,9.97,25.5,0,21.9,46.8,1.0,1
BIN-0050,3652,10.29,31.6,0,23.4,89.6,1.0,1
BIN-0100,4988,0.08,23.6,0,30.3,18.9,1.0,1
BIN-0041,2541,2.03,9.0,0,10.9,53.7,0.893,0
BIN-0079,3195,0.25,27.6,0,30.8,29.6,1.0,1
BIN-0026,3234,0.53,37.9,0,41.6,48.6,1.0,1
BIN-0149,1198,1.71,33.8,0,33.4,63.7,1.0,1
BIN-0011,1269,1.74,19.9,0,32.9,78.4,1.0,1
BIN-0142,1791,7.55,23.5,0,8.0,96.7,1.0,1
BIN-0008,3419,0.58,26.9,0,3.6,54.2,0.618,0
BIN-0019,1582,0.5,33.6,1,5.3,63.5,0.743,0
BIN-0014,1684,7.24,25.5,0,31.4,38.8,0.999,1
BIN-0146,4196,0.39,39.0,0,14.8,47.6,0.997,1
BIN-0004,966,2.46,23.4,0,43.2,86.6,1.0,1
BIN-0027,3505,1.57,28.8,0,5.8,13.5,0.331,0
BIN-0009,630,14.12,19.9,0,18.5,91.5,1.0,1
BIN-0037,1100,6.7,21.1,0,26.7,71.9,1.0,1
BIN-0025,689,8.32,37.1,0,33.2,76.4,1.0,1
BIN-0061,4797,0.27,31.2,0,13.3,85.5,1.0,1
BIN-0057,3113,0.24,26.5,1,25.2,24.7,1.0,1
BIN-0034,1146,1.55,38.1,0,22.5,34.7,0.663,0
BIN-0043,3112,7.1,19.6,0,6.3,58.3,0.793,0
BIN-0101,706,9.95,35.1,0,42.6,16.7,0.573,0
BIN-0110,1559,6.52,20.2,0,26.0,92.1,1.0,1
BIN-0032,4056,4.81,18.7,0,12.5,98.7,1.0,1
BIN-0009,630,6.4,16.6,0,45.1,13.7,0.474,0
BIN-0016,4617,1.5,31.6,0,42.3,18.1,1.0,1
BIN-0059,2000,4.71,11.6,0,22.1,9.2,0.533,0
BIN-0081,891,7.54,25.3,0,40.5,61.3,0.994,1
BIN-0069,1378,11.7,27.2,1,39.3,82.9,1.0,1
BIN-0066,1775,1.23,34.1,0,46.3,93.1,1.0,1
BIN-0115,3229,1.33,31.0,0,32.7,58.3,1.0,1
BIN-0125,3802,7.19,30.8,0,6.4,32.2,0.491,0
BIN-0129,3175,0.59,28.6,0,35.4,79.3,1.0,1
BIN-0052,2085,5.54,26.4,0,35.6,29.9,1.0,1
BIN-0069,1378,4.75,27.2,0,45.0,29.9,1.0,1
BIN-0071,4493,4.42,34.4,0,10.9,19.8,0.752,0
BIN-0069,1378,4.76,21.5,0,30.9,0.0,0.448,0
BIN-0149,1198,3.91,24.8,0,15.5,17.4,0.391,0
BIN-0117,3560,4.59,13.8,0,14.7,38.2,0.95,1
BIN-0116,2097,2.85,19.6,0,4.4,81.7,0.92,1
BIN-0029,1767,1.96,45.0,0,29.3,29.8,0.811,0
BIN-0037,1100,27.42,15.3,0,30.2,21.3,0.703,0
BIN-0110,1559,4.72,18.2,0,10.0,37.3,0.53,0
BIN-0095,4340,2.76,13.5,0,46.1,45.8,1.0,1
BIN-0074,2562,1.37,26.7,1,9.1,47.8,0.91,1
BIN-0012,2891,3.64,21.3,0,26.3,33.4,1.0,1
BIN-0102,1984,8.06,20.4,0,17.4,96.0,1.0,1
BIN-0053,4443,7.6,37.2,0,40.1,42.6,1.0,1
BIN-0027,3505,10.68,19.7,1,22.0,62.3,1.0,1
BIN-0076,564,4.9,16.3,0,41.9,79.5,1.0,1
BIN-0130,1782,0.37,22.1,0,8.5,10.0,0.242,0
BIN-0055,1521,6.28,3.3,0,42.1,39.5,1.0,1
BIN-0138,1995,2.07,28.0,0,43.8,28.3,1.0,1
BIN-0025,689,4.27,29.4,0,27.4,96.8,1.0,1
BIN-0138,1995,2.57,18.8,0,19.3,53.2,0.977,1
BIN-0134,1163,3.53,22.5,0,45.2,42.9,1.0,1
BIN-0052,2085,2.56,30.5,0,38.4,55.3,1.0,1
BIN-0064,3842,1.68,35.9,0,26.4,90.1,1.0,1
BIN-0047,1275,7.97,16.7,0,40.2,69.6,1.0,1
BIN-0077,3068,1.05,21.8,0,16.3,44.4,0.96,1
BIN-0135,2498,6.13,21.2,0,12.9,42.6,0.814,0
BIN-0003,3592,17.7,27.6,0,9.4,63.3,1.0,1
BIN-0004,966,0.92,18.5,0,6.3,92.1,1.0,1
BIN-0015,3885,11.94,21.5,1,25.8,7.5,1.0,1
BIN-0099,1370,12.66,46.5,0,38.3,81.2,1.0,1
BIN-0120,1863,0.05,27.1,0,36.0,18.1,0.788,0
BIN-0021,2547,1.94,17.5,0,39.3,74.7,1.0,1
BIN-0103,1363,5.63,24.3,0,11.2,18.6,0.357,0
BIN-0065,4298,5.69,23.6,0,16.9,26.0,0.983,1
BIN-0099,1370,3.85,41.4,0,21.7,64.1,0.918,1
BIN-0064,3842,2.29,28.0,0,32.3,15.1,1.0,1
BIN-0061,4797,2.62,25.8,0,3.5,82.1,0.971,1
BIN-0118,3193,7.96,17.8,1,18.6,60.1,1.0,1
BIN-0079,3195,0.46,26.1,0,26.4,88.3,1.0,1
BIN-0031,3702,19.35,32.4,0,18.4,19.1,1.0,1
BIN-0090,1304,3.31,17.0,0,17.8,96.9,1.0,1
BIN-0054,3573,4.54,17.5,1,41.7,81.0,1.0,1
BIN-0056,3961,7.04,23.8,0,39.9,76.6,1.0,1
BIN-0049,534,6.23,14.5,1,46.6,17.4,0.672,0
BIN-0065,4298,0.23,19.7,0,35.5,56.7,1.0,1
BIN-0142,1791,3.91,22.1,0,27.4,10.5,0.64,0
BIN-0052,2085,0.94,39.1,0,32.7,18.2,0.906,1
BIN-0130,1782,1.53,33.0,0,39.2,23.6,1.0,1
BIN-0072,879,15.29,18.6,0,7.2,72.7,0.735,0
BIN-0121,2481,2.33,29.4,0,15.8,43.4,0.856,0
BIN-0038,2863,1.38,25.9,0,27.0,9.9,0.837,0
BIN-0109,3742,3.85,36.4,0,40.3,72.6,1.0,1
BIN-0057,3113,1.24,32.1,0,15.7,47.1,1.0,1
BIN-0038,2863,2.16,33.4,1,17.5,6.7,0.86,0
BIN-0003,3592,2.51,24.7,0,18.8,39.7,1.0,1
BIN-0125,3802,4.09,7.7,0,2.2,50.9,0.606,0
BIN-0001,1360,3.47,26.9,0,31.9,90.4,1.0,1
BIN-0084,2778,5.62,21.5,1,3.5,46.3,0.601,0
BIN-0041,2541,5.47,21.6,0,47.2,78.4,1.0,1
BIN-0138,1995,0.03,13.1,0,13.5,31.1,0.544,0
BIN-0084,2778,0.24,34.9,0,33.1,93.2,1.0,1
BIN-0145,2136,5.91,22.3,0,34.3,72.6,1.0,1
BIN-0123,2029,2.87,17.9,0,25.4,31.6,0.875,0
BIN-0096,1528,2.82,24.3,0,10.5,28.8,0.434,0
BIN-0102,1984,15.93,21.0,0,29.7,71.2,1.0,1
BIN-0023,1475,13.46,16.6,1,10.0,35.3,0.649,0
BIN-0121,2481,4.85,27.7,1,42.4,40.5,1.0,1
BIN-0051,2455,0.61,16.3,1,35.5,35.0,1.0,1
BIN-0021,2547,4.22,35.8,0,12.8,26.2,0.672,0
BIN-0004,966,0.98,21.9,0,33.2,74.7,1.0,1
BIN-0085,3599,5.06,17.3,0,24.1,88.8,1.0,1
BIN-0112,3814,5.75,32.6,1,18.0,32.9,1.0,1
BIN-0067,1516,1.41,33.2,0,33.3,65.2,1.0,1
BIN-0106,4691,9.94,37.3,0,16.3,39.3,1.0,1
BIN-0098,4993,8.94,24.3,0,28.0,43.6,1.0,1
BIN-0019,1582,1.75,20.8,0,22.6,93.4,1.0,1
BIN-0053,4443,5.17,21.9,0,19.5,35.6,1.0,1
BIN-0002,4272,0.16,27.3,0,2.1,62.8,0.757,0
BIN-0119,4127,9.58,18.8,0,43.4,97.0,1.0,1
BIN-0093,2070,14.11,28.0,0,5.7,49.4,0.541,0
BIN-0017,3404,1.85,15.3,0,10.0,6.4,0.437,0
BIN-0087,3604,2.59,30.6,0,27.3,77.0,1.0,1
BIN-0039,2561,6.56,12.2,0,33.6,45.9,1.0,1
BIN-0098,4993,5.24,24.1,0,7.6,21.5,0.64,0
BIN-0097,1002,0.76,24.4,0,46.1,87.9,1.0,1
BIN-0013,2933,1.24,29.0,0,38.7,34.6,1.0,1
BIN-0130,1782,1.15,29.8,0,43.5,27.6,1.0,1
BIN-0150,2660,1.13,23.5,0,37.4,39.4,1.0,1
BIN-0042,3324,1.16,30.2,0,23.0,80.0,1.0,1
BIN-0044,1863,7.67,32.1,0,21.4,83.3,1.0,1
BIN-0119,4127,3.92,10.2,0,3.3,6.5,0.221,0
BIN-0078,2527,1.94,15.8,0,4.4,30.0,0.386,0
BIN-0075,4384,4.53,18.7,0,3.2,9.2,0.187,0
BIN-0082,4974,2.8,28.3,0,30.4,9.4,1.0,1
BIN-0065,4298,23.84,40.7,0,22.1,85.6,1.0,1
BIN-0063,1495,5.83,35.8,0,44.7,70.3,1.0,1
BIN-0105,1063,0.9,25.7,0,17.3,59.3,0.818,0
BIN-0036,2935,14.57,31.8,0,27.3,46.7,1.0,1
BIN-0019,1582,16.94,26.3,0,7.6,87.4,1.0,1
BIN-0064,3842,3.97,11.7,0,23.2,25.2,1.0,1
BIN-0146,4196,2.47,13.6,0,14.3,5.4,0.649,0
BIN-0115,3229,11.0,30.5,0,27.4,85.9,1.0,1
BIN-0130,1782,2.13,35.8,0,38.9,40.0,1.0,1
BIN-0060,661,7.11,25.3,0,18.4,60.1,0.695,0
BIN-0108,2178,2.59,13.3,0,45.8,85.0,1.0,1
BIN-0058,4343,6.34,12.9,0,32.2,59.2,1.0,1
BIN-0040,741,3.29,25.2,0,8.1,20.4,0.272,0
BIN-0082,4974,17.85,15.7,1,9.3,2.9,0.888,0
BIN-0038,2863,1.34,31.2,0,23.0,41.1,1.0,1
BIN-0075,4384,4.66,20.9,0,28.2,11.3,1.0,1
BIN-0102,1984,3.38,37.1,0,21.5,55.7,0.962,1
BIN-0045,1978,6.86,35.3,1,19.2,25.2,0.908,1
BIN-0123,2029,9.61,33.0,0,33.0,60.9,1.0,1
BIN-0040,741,11.16,35.0,0,36.6,45.0,0.844,0
BIN-0093,2070,5.83,0.9,0,27.6,64.4,1.0,1
BIN-0002,4272,2.06,41.4,1,8.6,87.3,1.0,1
BIN-0109,3742,4.47,42.1,0,19.6,31.9,1.0,1
BIN-0007,3671,1.44,37.6,0,42.3,44.4,1.0,1
BIN-0073,992,11.32,23.8,0,6.1,28.7,0.37,0
BIN-0086,700,4.09,31.8,0,16.5,94.1,1.0,1
BIN-0128,4529,0.27,10.0,0,19.9,0.1,0.924,1
BIN-0112,3814,1.72,24.6,0,37.1,16.9,1.0,1
BIN-0106,4691,3.2,36.1,0,19.9,75.6,1.0,1
BIN-0139,3804,3.46,17.1,0,13.4,97.7,1.0,1
BIN-0104,3290,13.82,16.0,0,16.6,21.3,0.854,0
BIN-0146,4196,11.46,22.7,0,25.5,41.7,1.0,1
BIN-0144,3957,6.38,18.7,1,27.7,25.0,1.0,1
BIN-0081,891,6.44,22.1,0,14.5,8.1,0.244,0
BIN-0013,2933,5.3,22.7,1,33.2,73.0,1.0,1
BIN-0096,1528,1.97,39.3,0,16.6,14.6,0.449,0
BIN-0129,3175,0.5,35.7,0,45.1,14.2,1.0,1
BIN-0089,4145,7.82,18.0,0,36.9,19.1,1.0,1
BIN-0013,2933,3.79,22.7,0,14.1,33.8,0.807,0
BIN-0032,4056,5.97,19.4,0,37.4,42.8,1.0,1
BIN-0089,4145,0.44,31.9,0,13.6,62.9,1.0,1
BIN-0066,1775,0.67,15.0,0,36.3,97.8,1.0,1
BIN-0034,1146,11.25,36.4,0,20.2,27.1,0.549,0
BIN-0043,3112,3.75,28.6,0,21.5,85.0,1.0,1
BIN-0031,3702,1.47,24.3,0,7.6,17.6,0.379,0
BIN-0009,630,5.09,25.5,0,10.6,89.2,0.93,1
BIN-0100,4988,2.54,28.3,1,20.2,62.5,1.0,1
BIN-0112,3814,0.54,18.7,0,47.1,98.0,1.0,1
BIN-0032,4056,0.13,31.2,0,8.2,82.2,1.0,1
BIN-0111,2222,0.75,27.0,0,15.1,86.9,1.0,1
BIN-0033,4390,1.66,47.6,0,36.6,91.4,1.0,1
BIN-0010,2185,10.81,32.3,0,13.8,61.8,1.0,1
BIN-0086,700,4.21,42.2,0,12.5,20.1,0.309,0
BIN-0011,1269,2.12,27.8,0,23.4,65.5,0.971,1
BIN-0008,3419,1.46,26.9,0,11.4,68.3,1.0,1
BIN-0113,3657,5.75,29.3,0,4.2,37.2,0.559,0
BIN-0146,4196,0.66,31.0,0,40.6,51.6,1.0,1
BIN-0067,1516,12.75,29.5,0,28.7,88.8,1.0,1
BIN-0069,1378,7.1,16.1,1,11.8,10.4,0.306,0
BIN-0113,3657,6.85,15.3,1,35.8,6.2,1.0,1
BIN-0070,1576,0.12,15.7,0,16.2,87.3,1.0,1
BIN-0040,741,5.68,21.8,0,8.9,27.9,0.428,0
BIN-0139,3804,2.21,35.1,0,46.1,34.4,1.0,1
BIN-0116,2097,11.45,23.6,0,18.1,27.3,0.703,0
BIN-0033,4390,7.65,25.5,0,12.2,65.3,1.0,1
BIN-0006,3944,7.18,13.5,0,37.2,89.6,1.0,1
BIN-0115,3229,1.09,11.7,0,11.2,11.3,0.533,0
BIN-0048,4514,9.07,39.9,0,40.7,13.3,1.0,1
BIN-0129,3175,0.54,26.3,0,18.6,86.2,1.0,1
BIN-0068,837,12.37,4.8,0,5.4,8.9,0.143,0
BIN-0050,3652,3.34,36.6,0,47.2,83.1,1.0,1
BIN-0111,2222,6.68,16.5,0,28.4,57.6,1.0,1
BIN-0026,3234,0.81,20.4,0,12.0,58.6,1.0,1
BIN-0061,4797,3.6,23.9,0,24.5,48.9,1.0,1
BIN-0083,4061,10.95,28.6,0,15.3,40.9,1.0,1
BIN-0106,4691,0.08,7.9,0,40.3,80.2,1.0,1
BIN-0143,4081,13.59,27.3,0,33.3,26.5,1.0,1
BIN-0045,1978,3.98,14.1,0,8.7,84.1,1.0,1
BIN-0122,2163,16.9,1.4,0,42.5,96.4,1.0,1
BIN-0105,1063,2.95,26.4,0,41.8,60.7,0.996,1
BIN-0050,3652,8.19,15.2,0,31.0,44.2,1.0,1
BIN-0065,4298,8.06,23.5,0,15.0,2.0,0.699,0
BIN-0097,1002,0.21,26.8,0,7.8,48.4,0.63,0
BIN-0011,1269,4.14,27.5,0,15.4,30.3,0.546,0
BIN-0131,1209,6.45,16.1,0,24.4,42.2,0.78,0
BIN-0024,2306,3.9,17.3,0,4.9,98.6,1.0,1
BIN-0066,1775,0.76,23.9,0,8.1,97.9,1.0,1
BIN-0089,4145,0.6,14.8,0,21.1,43.4,1.0,1
BIN-0072,879,7.11,22.6,0,13.9,15.3,0.248,0
BIN-0134,1163,6.58,13.2,0,26.0,59.0,0.948,1
BIN-0143,4081,0.76,28.3,0,20.8,17.0,0.982,1
BIN-0132,4913,1.93,27.5,0,32.6,70.0,1.0,1
BIN-0116,2097,0.49,22.1,0,23.7,31.1,0.822,0
BIN-0138,1995,2.15,21.3,0,40.1,4.0,0.857,0
BIN-0055,1521,0.49,31.1,0,27.8,43.3,0.842,0
BIN-0109,3742,10.1,-0.4,0,6.1,64.5,0.905,1
BIN-0100,4988,7.23,28.9,0,42.9,76.7,1.0,1
BIN-0090,1304,2.2,18.1,0,34.3,3.9,0.46,0
BIN-0082,4974,15.94,30.1,0,7.5,8.0,0.552,0
BIN-0148,3652,1.44,40.2,1,22.3,51.8,1.0,1
BIN-0039,2561,3.88,22.9,0,6.5,10.2,0.281,0
BIN-0031,3702,1.15,25.6,0,39.1,88.8,1.0,1
BIN-0006,3944,2.84,22.2,0,36.6,42.5,1.0,1
BIN-0025,689,2.77,23.6,0,45.9,30.0,0.681,0
BIN-0076,564,1.77,23.9,0,23.8,82.9,0.928,1
BIN-0048,4514,1.28,27.7,0,22.9,2.8,1.0,1
BIN-0124,2538,2.74,21.3,0,11.4,18.7,0.439,0
BIN-0064,3842,6.79,18.6,1,3.3,13.9,0.316,0
BIN-0088,2954,2.98,21.4,0,37.8,24.5,1.0,1
BIN-0099,1370,0.21,20.0,0,5.4,22.5,0.233,0
BIN-0065,4298,0.02,40.1,0,31.9,8.4,1.0,1
BIN-0016,4617,2.85,32.9,0,31.3,88.5,1.0,1
BIN-0137,4243,2.51,18.7,0,35.1,12.7,1.0,1
BIN-0100,4988,6.26,24.2,0,46.1,37.0,1.0,1
BIN-0071,4493,21.68,23.3,0,15.7,15.2,1.0,1
BIN-0091,3231,5.44,21.8,0,39.2,78.5,1.0,1
BIN-0038,2863,21.95,19.2,0,10.4,14.3,0.463,0
BIN-0088,2954,4.42,20.3,0,34.0,77.1,1.0,1
BIN-0086,700,0.48,29.2,0,3.0,4.0,0.0,0
BIN-0112,3814,3.71,31.9,0,20.6,95.1,1.0,1
BIN-0096,1528,0.06,28.3,0,6.4,78.5,0.862,0
BIN-0148,3652,3.39,29.3,0,11.5,34.0,0.736,0
BIN-0135,2498,8.42,14.5,0,2.4,83.4,0.974,1
BIN-0071,4493,0.05,21.8,0,29.9,98.4,1.0,1
BIN-0039,2561,0.27,24.4,0,38.3,53.0,1.0,1
BIN-0040,741,4.74,22.8,0,38.8,61.1,0.992,1
BIN-0023,1475,2.93,25.6,0,40.1,63.2,1.0,1
BIN-0135,2498,15.09,40.9,0,19.5,76.9,1.0,1
BIN-0061,4797,0.2,18.1,1,43.3,2.1,1.0,1
BIN-0115,3229,4.95,9.5,0,39.0,88.6,1.0,1
BIN-0128,4529,8.89,16.1,0,24.8,54.4,1.0,1
BIN-0143,4081,10.89,24.2,1,19.1,37.2,1.0,1
BIN-0066,1775,4.61,21.6,1,18.7,6.2,0.613,0
BIN-0030,2028,0.2,29.8,0,11.9,88.9,1.0,1
BIN-0060,661,9.91,29.2,1,46.8,26.2,0.698,0
BIN-0096,1528,10.66,8.6,0,32.9,98.7,1.0,1
BIN-0041,2541,0.2,21.4,0,42.0,74.6,1.0,1
BIN-0098,4993,0.37,18.8,0,22.5,34.6,1.0,1
BIN-0144,3957,6.96,24.3,0,43.7,95.9,1.0,1
BIN-0136,3945,13.47,29.8,0,6.8,23.1,0.579,0
BIN-0092,3273,3.42,29.8,0,38.1,94.2,1.0,1
BIN-0011,1269,2.35,5.0,0,28.8,46.6,0.795,0
BIN-0011,1269,3.01,28.0,0,24.4,77.4,1.0,1
BIN-0137,4243,1.37,21.9,0,29.5,18.4,1.0,1
BIN-0048,4514,9.37,27.6,0,36.7,17.4,1.0,1
BIN-0067,1516,1.84,27.8,0,13.8,40.7,0.599,0
BIN-0118,3193,4.01,23.1,0,41.0,75.9,1.0,1
BIN-0105,1063,2.13,20.8,0,14.1,42.7,0.529,0
BIN-0110,1559,7.25,27.8,0,21.9,14.3,0.569,0
BIN-0063,1495,3.69,22.0,0,4.0,46.3,0.502,0
BIN-0117,3560,7.56,27.8,0,35.8,99.5,1.0,1
BIN-0119,4127,4.06,35.1,1,47.5,39.7,1.0,1
BIN-0104,3290,0.85,22.2,0,37.3,85.3,1.0,1
BIN-0048,4514,1.0,25.7,0,2.4,48.6,0.621,0
BIN-0012,2891,5.98,33.1,0,19.5,77.8,1.0,1
BIN-0125,3802,11.0,15.1,0,23.4,51.6,1.0,1
BIN-0121,2481,0.23,14.5,0,32.7,57.5,1.0,1
BIN-0085,3599,4.61,20.3,0,34.2,63.9,1.0,1
BIN-0024,2306,0.09,18.9,0,45.7,71.6,1.0,1
BIN-0007,3671,4.77,26.5,0,27.0,37.1,1.0,1
BIN-0040,741,6.42,5.6,0,15.9,98.7,1.0,1
BIN-0020,3058,3.84,25.9,0,27.4,64.9,1.0,1
BIN-0031,3702,1.11,22.8,0,5.7,88.0,1.0,1
BIN-0058,4343,4.05,22.0,0,3.9,68.3,0.881,0
BIN-0075,4384,0.58,20.7,0,37.0,95.4,1.0,1
BIN-0130,1782,15.83,22.2,0,39.1,62.5,1.0,1
BIN-0078,2527,0.71,15.0,0,47.7,1.2,1.0,1
BIN-0142,1791,2.31,35.8,0,13.7,39.9,0.597,0
BIN-0044,1863,0.29,20.3,0,16.1,53.4,0.83,0
BIN-0046,3056,2.88,21.4,1,17.9,37.2,1.0,1
BIN-0072,879,9.57,30.3,1,44.9,96.9,1.0,1
BIN-0117,3560,0.88,28.7,0,4.9,88.8,1.0,1
BIN-0018,974,0.54,10.0,0,44.6,24.8,0.647,0
BIN-0123,2029,2.84,42.4,0,47.6,24.4,1.0,1
BIN-0056,3961,3.74,6.0,0,25.8,61.0,1.0,1
BIN-0121,2481,3.44,32.4,0,28.1,39.8,1.0,1
BIN-0083,4061,2.18,27.9,0,5.0,85.9,1.0,1
BIN-0142,1791,14.44,38.7,1,40.2,65.9,1.0,1
BIN-0017,3404,3.27,13.4,0,36.0,53.8,1.0,1
BIN-0062,2481,3.85,21.4,0,20.5,18.8,0.642,0
BIN-0021,2547,1.71,22.0,0,46.4,80.9,1.0,1
BIN-0059,2000,0.76,25.8,0,40.1,67.2,1.0,1
BIN-0016,4617,5.63,31.4,0,36.6,21.9,1.0,1
BIN-0068,837,2.04,19.2,0,25.4,69.2,0.837,0
BIN-0120,1863,1.76,24.3,0,14.4,41.0,0.725,0
BIN-0148,3652,2.85,36.9,0,17.6,22.4,0.879,0
BIN-0017,3404,5.21,20.3,0,43.0,31.6,1.0,1
BIN-0047,1275,0.35,33.0,0,43.1,50.2,1.0,1
BIN-0005,4926,3.51,31.6,0,15.1,57.5,1.0,1
BIN-0053,4443,5.86,18.2,0,21.3,19.4,1.0,1
BIN-0021,2547,1.44,29.2,0,2.7,73.3,0.778,0
BIN-0097,1002,8.54,27.8,0,21.3,89.0,1.0,1
BIN-0071,4493,0.39,22.3,0,38.4,7.5,1.0,1
BIN-0144,3957,2.01,36.7,1,20.1,6.9,1.0,1
BIN-0100,4988,1.05,23.4,0,27.1,27.7,1.0,1
BIN-0110,1559,1.49,38.3,0,20.0,11.8,0.455,0
BIN-0053,4443,5.54,25.8,0,29.1,57.6,1.0,1
BIN-0135,2498,3.83,11.1,1,23.1,12.8,1.0,1
BIN-0075,4384,0.68,48.2,0,5.3,94.4,1.0,1
BIN-0054,3573,8.96,16.6,0,12.2,95.2,1.0,1
BIN-0112,3814,2.12,24.4,0,15.8,57.1,1.0,1
BIN-0068,837,7.66,32.5,0,42.9,83.6,1.0,1
BIN-0078,2527,1.38,6.2,1,29.9,15.8,1.0,1
BIN-0006,3944,2.83,17.6,0,48.0,49.3,1.0,1
BIN-0136,3945,0.89,25.6,0,11.4,69.5,1.0,1
BIN-0086,700,2.11,22.7,0,37.4,66.8,1.0,1
BIN-0129,3175,3.25,13.9,0,47.9,56.6,1.0,1
BIN-0054,3573,2.52,38.0,0,13.8,67.1,1.0,1
BIN-0033,4390,4.63,31.7,0,43.6,69.8,1.0,1
BIN-0056,3961,8.92,25.6,0,42.5,30.4,1.0,1
BIN-0032,4056,1.31,23.6,0,35.5,68.3,1.0,1
BIN-0123,2029,1.31,33.6,0,10.7,68.9,0.857,0
BIN-0103,1363,3.16,34.4,0,31.0,54.0,1.0,1
BIN-0051,2455,11.05,38.4,0,32.9,23.6,1.0,1
BIN-0001,1360,0.06,22.7,0,10.9,80.2,0.909,1
BIN-0033,4390,4.81,22.3,1,26.1,4.3,1.0,1
BIN-0088,2954,11.59,33.4,0,44.7,21.1,1.0,1
BIN-0068,837,8.24,27.2,0,12.4,63.9,0.709,0
BIN-0118,3193,5.33,16.0,1,46.0,85.7,1.0,1
BIN-0086,700,3.14,33.6,0,5.2,41.9,0.467,0
BIN-0113,3657,0.8,31.2,1,2.4,21.7,0.392,0
BIN-0060,661,2.7,17.4,0,7.1,44.1,0.464,0
BIN-0113,3657,5.14,33.0,0,43.3,96.6,1.0,1
BIN-0106,4691,5.26,16.9,0,45.0,79.0,1.0,1
BIN-0108,2178,0.64,16.6,0,4.7,37.4,0.514,0
BIN-0037,1100,6.1,25.2,0,13.4,60.0,0.692,0
BIN-0053,4443,2.03,35.2,0,24.7,29.9,1.0,1
BIN-0147,3499,0.24,27.8,0,9.8,10.9,0.387,0
BIN-0056,3961,8.18,23.2,0,27.9,56.0,1.0,1
BIN-0025,689,0.97,25.6,0,33.0,42.4,0.733,0
BIN-0125,3802,7.32,27.3,0,39.9,78.5,1.0,1
BIN-0131,1209,8.52,42.1,0,22.0,19.2,0.536,0
BIN-0105,1063,7.94,20.8,0,43.8,53.6,1.0,1
BIN-0139,3804,10.53,32.0,0,15.5,19.2,0.874,0
BIN-0010,2185,2.61,21.8,0,43.1,18.7,1.0,1
BIN-0096,1528,4.03,36.1,1,34.8,42.3,1.0,1
BIN-0005,4926,8.25,31.5,0,3.5,51.7,0.687,0
BIN-0077,3068,7.09,30.1,0,10.3,80.0,1.0,1
BIN-0003,3592,0.69,42.4,0,45.1,31.7,1.0,1
BIN-0014,1684,4.79,24.0,0,30.0,36.2,0.912,1
BIN-0098,4993,2.35,4.5,0,18.4,96.4,1.0,1
BIN-0058,4343,4.78,14.1,0,6.0,73.9,0.944,1
BIN-0149,1198,11.07,33.1,0,33.8,32.6,0.797,0
BIN-0036,2935,11.53,29.5,0,47.5,47.9,1.0,1
BIN-0041,2541,2.41,20.2,0,44.8,85.0,1.0,1
BIN-0130,1782,2.05,14.1,0,14.8,28.9,0.574,0
BIN-0068,837,0.11,31.1,0,38.0,74.6,1.0,1
BIN-0113,3657,1.2,25.3,0,14.7,33.6,0.869,0
BIN-0025,689,13.84,38.4,0,40.4,3.3,0.425,0
BIN-0093,2070,0.4,18.6,0,2.2,72.0,0.843,0
BIN-0103,1363,0.91,25.6,0,5.6,67.0,0.761,0
BIN-0106,4691,12.52,35.8,0,44.6,39.8,1.0,1
BIN-0110,1559,3.81,41.3,0,47.4,82.6,1.0,1
BIN-0034,1146,6.47,30.3,0,23.8,79.1,1.0,1
BIN-0094,3190,3.34,25.9,0,35.1,83.0,1.0,1
BIN-0132,4913,5.91,28.5,0,28.9,90.3,1.0,1
BIN-0049,534,1.32,23.2,0,8.9,82.6,0.792,0
BIN-0053,4443,0.78,10.9,0,20.4,78.5,1.0,1
BIN-0131,1209,5.77,16.7,0,11.0,93.2,1.0,1
BIN-0135,2498,9.66,26.0,0,7.7,5.0,0.214,0
BIN-0079,3195,1.84,33.6,0,20.4,48.3,1.0,1
BIN-0050,3652,2.15,29.3,0,6.2,61.9,0.918,1
BIN-0059,2000,4.73,31.4,1,29.4,72.5,1.0,1
BIN-0105,1063,2.49,30.5,1,43.3,47.0,1.0,1
BIN-0084,2778,8.84,24.6,1,45.7,1.1,1.0,1
BIN-0010,2185,3.39,15.3,0,12.6,19.0,0.498,0
BIN-0042,3324,12.61,33.0,0,43.8,78.9,1.0,1
BIN-0013,2933,5.09,27.1,0,40.5,5.5,1.0,1
BIN-0010,2185,0.4,28.0,0,42.6,34.3,1.0,1
BIN-0059,2000,5.58,17.9,0,6.3,19.1,0.331,0
BIN-0008,3419,8.44,35.4,0,10.8,55.3,0.929,1
BIN-0062,2481,2.47,22.0,0,4.7,85.6,1.0,1
BIN-0081,891,1.34,26.2,0,18.8,64.8,0.783,0
BIN-0140,4263,2.38,14.1,0,37.8,89.4,1.0,1
BIN-0009,630,0.18,27.3,0,39.5,29.0,0.636,0
BIN-0107,2257,0.03,26.0,0,38.7,71.0,1.0,1
BIN-0019,1582,20.81,23.2,0,11.6,15.2,0.483,0
BIN-0133,4248,5.31,43.9,0,15.8,4.9,0.834,0
BIN-0028,2399,5.48,29.3,0,36.7,24.2,1.0,1
BIN-0070,1576,2.51,36.6,0,15.6,73.9,0.978,1
BIN-0135,2498,11.91,12.9,0,11.8,26.7,0.64,0
BIN-0046,3056,0.65,32.1,0,43.2,44.4,1.0,1
BIN-0013,2933,0.91,15.7,0,38.6,75.1,1.0,1
BIN-0042,3324,12.1,38.3,0,47.2,50.4,1.0,1
BIN-0098,4993,2.53,34.0,0,32.4,11.4,1.0,1
BIN-0080,1995,0.68,29.8,0,23.3,80.4,1.0,1
BIN-0019,1582,4.51,19.9,0,38.1,68.6,1.0,1
BIN-0149,1198,6.32,31.7,1,47.1,53.8,1.0,1
BIN-0091,3231,6.06,34.3,0,35.6,46.3,1.0,1
BIN-0148,3652,6.33,34.2,0,18.9,88.2,1.0,1
BIN-0054,3573,19.0,17.9,0,28.0,9.6,1.0,1
BIN-0042,3324,2.6,16.2,0,26.9,57.7,1.0,1
BIN-0006,3944,1.09,31.1,0,35.5,25.2,1.0,1
BIN-0133,4248,17.6,20.9,0,15.4,59.7,1.0,1
BIN-0056,3961,2.38,32.4,0,3.5,61.9,0.792,0
BIN-0059,2000,13.72,13.1,0,26.2,37.4,0.961,1
BIN-0039,2561,1.82,31.4,0,39.7,0.9,1.0,1
BIN-0139,3804,7.13,30.9,1,7.4,23.2,0.749,0
BIN-0035,3388,3.99,19.4,0,15.4,58.7,1.0,1
BIN-0048,4514,9.56,31.9,0,15.7,11.9,1.0,1
BIN-0058,4343,0.14,22.4,0,4.0,58.9,0.695,0
BIN-0123,2029,13.9,28.5,0,3.6,65.3,0.812,0
BIN-0020,3058,2.24,20.0,0,37.3,7.1,1.0,1
BIN-0107,2257,0.26,39.3,0,12.0,75.9,1.0,1
BIN-0008,3419,2.42,44.5,0,3.8,75.1,0.856,0
BIN-0002,4272,2.79,37.7,1,32.7,47.2,1.0,1
BIN-0027,3505,5.12,24.6,0,16.4,38.4,0.991,1
BIN-0105,1063,9.07,15.2,0,2.7,10.7,0.185,0
BIN-0024,2306,5.49,30.0,0,32.2,74.5,1.0,1
BIN-0128,4529,1.44,18.8,0,43.3,98.0,1.0,1
BIN-0131,1209,12.43,22.6,1,6.6,68.3,0.836,0
BIN-0138,1995,6.6,37.1,0,38.3,34.1,1.0,1
BIN-0081,891,10.57,10.9,1,33.8,22.1,0.788,0
BIN-0136,3945,2.28,24.9,0,28.2,45.2,1.0,1
BIN-0031,3702,0.59,27.1,0,12.8,11.3,0.578,0
BIN-0018,974,2.11,30.7,0,34.7,38.2,0.749,0
BIN-0097,1002,0.34,27.5,0,5.8,27.3,0.352,0
BIN-0054,3573,4.42,19.5,0,41.7,49.8,1.0,1
BIN-0037,1100,11.12,13.5,0,36.6,6.8,0.622,0
BIN-0013,2933,1.95,21.5,0,35.2,77.4,1.0,1
BIN-0049,534,3.78,22.5,0,13.6,40.1,0.626,0
BIN-0037,1100,1.78,23.7,0,38.7,9.4,0.566,0
BIN-0004,966,0.4,22.2,0,3.6,65.1,0.728,0
BIN-0027,3505,8.87,18.5,0,18.3,62.9,1.0,1
BIN-0084,2778,0.17,9.1,0,36.5,20.4,1.0,1
BIN-0093,2070,2.69,24.3,0,27.9,59.3,1.0,1
BIN-0133,4248,1.62,38.1,0,3.9,7.2,0.196,0
BIN-0106,4691,1.32,18.1,0,8.0,93.4,1.0,1
BIN-0071,4493,1.14,31.1,0,40.5,40.8,1.0,1
BIN-0023,1475,4.29,29.2,0,44.7,23.8,0.984,1
BIN-0102,1984,4.0,16.6,1,3.9,98.9,1.0,1
BIN-0096,1528,1.7,15.7,0,13.8,97.4,1.0,1
BIN-0084,2778,4.17,33.3,0,17.5,11.2,0.682,0
BIN-0054,3573,1.5,12.5,0,24.6,77.2,1.0,1
BIN-0103,1363,0.95,21.6,0,45.5,8.4,0.681,0
BIN-0040,741,3.31,19.4,0,38.4,57.4,0.88,0
BIN-0094,3190,1.25,37.1,0,16.3,60.0,1.0,1
BIN-0098,4993,4.39,21.8,0,44.3,29.3,1.0,1
BIN-0116,2097,0.34,33.4,0,13.1,95.7,1.0,1
BIN-0061,4797,3.73,34.1,0,30.0,39.3,1.0,1
BIN-0094,3190,4.24,38.4,0,43.6,0.4,1.0,1
BIN-0055,1521,1.28,26.9,0,11.0,8.1,0.34,0
BIN-0022,3247,1.96,27.5,0,15.4,45.7,1.0,1
BIN-0001,1360,3.93,40.4,0,22.3,80.9,1.0,1
BIN-0118,3193,5.29,21.0,0,46.2,6.8,1.0,1
BIN-0112,3814,2.7,27.5,0,39.3,58.4,1.0,1
BIN-0034,1146,0.81,15.5,0,3.7,25.9,0.313,0
BIN-0083,4061,0.82,37.1,0,26.2,62.5,1.0,1
BIN-0001,1360,0.26,33.8,0,40.6,96.5,1.0,1
BIN-0061,4797,4.1,29.8,0,30.1,32.5,1.0,1
BIN-0147,3499,0.44,32.2,0,27.4,64.2,1.0,1
BIN-0107,2257,11.68,17.9,0,43.0,98.8,1.0,1
BIN-0101,706,0.78,39.8,0,45.8,81.8,1.0,1
BIN-0011,1269,1.98,20.7,0,9.0,52.8,0.736,0
BIN-0103,1363,5.18,25.4,0,37.8,32.8,0.867,0
BIN-0104,3290,9.45,30.8,0,27.8,6.1,1.0,1
BIN-0056,3961,3.15,6.7,1,13.5,31.7,1.0,1
BIN-0064,3842,8.86,16.1,0,25.3,52.8,1.0,1
BIN-0020,3058,3.85,17.8,0,32.0,29.1,1.0,1
BIN-0013,2933,0.29,24.1,0,31.5,94.5,1.0,1
BIN-0014,1684,16.65,10.9,0,2.6,13.3,0.139,0
BIN-0064,3842,19.09,26.0,1,9.2,18.6,0.858,0
BIN-0037,1100,1.77,13.3,0,5.1,25.3,0.413,0
BIN-0056,3961,4.04,14.2,0,2.6,82.1,0.99,1
BIN-0011,1269,3.23,24.7,0,4.3,65.3,0.725,0
BIN-0129,3175,1.23,27.5,0,41.6,98.7,1.0,1
BIN-0017,3404,0.86,11.1,0,33.5,31.2,1.0,1
BIN-0008,3419,2.41,21.3,0,14.6,99.0,1.0,1
BIN-0132,4913,11.56,26.8,0,18.0,58.4,1.0,1
BIN-0135,2498,1.56,26.3,0,30.1,26.4,0.987,1
BIN-0035,3388,5.84,26.5,0,24.9,42.8,1.0,1
BIN-0063,1495,4.62,25.1,1,34.1,61.7,1.0,1
BIN-0113,3657,1.96,20.1,1,8.6,90.3,1.0,1
BIN-0003,3592,8.65,17.2,0,27.5,10.9,1.0,1
BIN-0036,2935,3.01,25.1,0,15.9,20.0,0.783,0
BIN-0104,3290,20.07,16.2,0,16.6,59.8,1.0,1
BIN-0149,1198,0.51,21.2,0,44.5,59.9,1.0,1
BIN-0103,1363,2.67,33.1,0,42.3,82.5,1.0,1
BIN-0034,1146,6.63,26.5,0,9.9,21.2,0.373,0
BIN-0011,1269,0.97,13.8,0,39.2,46.4,1.0,1
BIN-0002,4272,5.01,30.3,0,39.6,73.6,1.0,1
BIN-0096,1528,9.32,18.3,0,43.8,50.3,1.0,1
BIN-0114,3125,2.45,22.8,0,33.4,44.1,1.0,1
BIN-0057,3113,4.95,19.2,0,21.8,72.9,1.0,1
BIN-0050,3652,0.06,20.1,1,19.2,78.4,1.0,1
BIN-0110,1559,6.08,31.2,0,29.7,30.2,0.826,0
BIN-0066,1775,2.15,7.3,0,35.7,75.2,1.0,1
BIN-0068,837,1.89,24.8,0,10.2,1.3,0.118,0
BIN-0065,4298,0.42,25.2,1,4.7,58.4,0.916,1
BIN-0050,3652,0.51,29.3,0,18.5,75.0,1.0,1
BIN-0130,1782,2.37,22.8,0,2.2,33.0,0.419,0
BIN-0026,3234,14.51,21.0,0,37.1,91.5,1.0,1
BIN-0066,1775,14.87,26.3,0,25.7,87.3,1.0,1
BIN-0066,1775,4.03,19.2,0,29.1,13.7,0.632,0
BIN-0006,3944,0.95,20.8,0,46.8,4.6,1.0,1
BIN-0064,3842,4.36,22.4,0,42.4,89.6,1.0,1
BIN-0077,3068,1.11,32.5,0,32.0,70.8,1.0,1
BIN-0011,1269,2.34,42.5,1,37.2,40.5,1.0,1
BIN-0143,4081,5.54,18.1,0,26.0,68.3,1.0,1
BIN-0097,1002,4.57,41.9,0,34.9,80.6,1.0,1
BIN-0024,2306,3.82,25.8,1,12.1,31.0,0.772,0
BIN-0084,2778,3.46,22.0,0,5.1,44.8,0.64,0
BIN-0052,2085,11.86,33.9,0,3.0,78.5,0.847,0
BIN-0143,4081,0.85,26.8,0,7.7,15.0,0.501,0
BIN-0003,3592,4.43,12.7,0,42.2,58.1,1.0,1
BIN-0015,3885,6.54,19.2,0,15.1,37.8,0.982,1
BIN-0068,837,9.27,32.4,0,44.6,35.4,0.806,0
BIN-0038,2863,0.2,9.2,0,46.4,51.0,1.0,1
BIN-0012,2891,1.19,26.5,1,16.3,58.1,1.0,1
BIN-0029,1767,5.26,17.1,0,18.9,47.1,0.866,0
BIN-0102,1984,4.73,12.9,0,29.2,35.1,0.965,1
BIN-0146,4196,0.62,23.7,0,24.6,87.3,1.0,1
BIN-0038,2863,1.5,13.1,0,7.6,3.7,0.286,0
BIN-0109,3742,9.03,42.2,0,22.2,68.0,1.0,1
BIN-0115,3229,12.7,34.2,0,28.6,1.7,1.0,1
BIN-0071,4493,3.2,12.6,0,13.1,32.7,0.877,0
BIN-0124,2538,5.27,27.0,0,24.6,9.1,0.782,0
BIN-0057,3113,0.7,29.2,0,5.4,40.3,0.586,0
BIN-0011,1269,8.45,31.3,0,43.5,90.8,1.0,1
BIN-0088,2954,12.62,24.1,1,35.7,95.3,1.0,1
BIN-0134,1163,1.25,21.2,0,9.6,52.4,0.597,0
BIN-0086,700,8.84,18.4,0,22.1,85.3,1.0,1
BIN-0081,891,5.1,27.5,0,19.6,98.7,1.0,1
BIN-0122,2163,0.3,21.3,0,31.0,21.1,0.814,0
BIN-0092,3273,1.12,7.9,0,12.7,4.8,0.488,0
BIN-0070,1576,2.18,27.8,0,33.0,25.5,0.727,0
BIN-0085,3599,8.43,32.0,0,28.4,49.2,1.0,1
BIN-0081,891,9.94,21.5,0,18.6,2.2,0.131,0
BIN-0061,4797,2.52,35.4,0,18.0,82.3,1.0,1
BIN-0089,4145,11.68,24.3,0,29.4,86.1,1.0,1
BIN-0076,564,0.97,28.8,1,28.2,50.1,0.73,0
BIN-0021,2547,10.25,47.4,0,11.9,2.5,0.415,0
BIN-0082,4974,10.16,15.1,0,30.9,90.1,1.0,1
BIN-0143,4081,2.14,11.4,1,36.4,61.4,1.0,1
BIN-0032,4056,3.44,28.0,0,47.3,71.9,1.0,1
BIN-0113,3657,2.51,34.9,0,19.0,65.3,1.0,1
BIN-0106,4691,1.34,16.3,0,4.7,87.3,1.0,1
BIN-0064,3842,0.42,27.0,0,5.5,92.1,1.0,1
BIN-0138,1995,4.66,38.6,0,24.7,91.6,1.0,1
BIN-0099,1370,13.07,11.5,0,33.8,84.6,1.0,1
BIN-0036,2935,2.34,35.8,0,39.5,3.2,1.0,1
BIN-0025,689,8.04,6.1,0,43.4,32.0,0.673,0
BIN-0055,1521,1.3,29.4,0,38.5,42.9,0.999,1
BIN-0087,3604,11.77,26.0,0,7.1,79.5,1.0,1
BIN-0043,3112,3.21,33.5,0,43.4,51.9,1.0,1
BIN-0111,2222,0.32,36.2,0,26.3,24.1,0.834,0
BIN-0001,1360,4.31,15.3,0,6.2,97.1,1.0,1
BIN-0039,2561,2.43,30.6,0,16.5,38.8,0.843,0
BIN-0023,1475,6.08,21.2,0,29.7,16.3,0.598,0
BIN-0118,3193,10.53,25.8,0,46.6,70.6,1.0,1
BIN-0030,2028,0.8,23.3,0,43.5,54.1,1.0,1
BIN-0075,4384,0.34,23.7,0,40.3,34.2,1.0,1
BIN-0003,3592,6.42,26.6,0,43.7,37.3,1.0,1
BIN-0137,4243,5.21,31.4,0,34.6,41.0,1.0,1
BIN-0144,3957,3.75,22.5,0,5.6,58.7,0.815,0
BIN-0080,1995,7.42,29.3,0,42.1,21.4,1.0,1
BIN-0099,1370,4.49,23.3,0,43.7,85.0,1.0,1
BIN-0069,1378,0.37,19.4,0,8.5,88.5,0.992,1
BIN-0081,891,11.37,25.2,1,33.6,3.4,0.589,0
BIN-0123,2029,2.14,23.1,0,47.1,39.3,1.0,1
BIN-0063,1495,5.02,20.3,0,32.7,67.0,1.0,1
BIN-0112,3814,4.18,27.1,1,39.3,15.6,1.0,1
BIN-0143,4081,1.29,25.2,0,36.2,59.1,1.0,1
BIN-0131,1209,1.6,32.4,0,46.6,34.1,0.858,0
BIN-0047,1275,3.7,33.0,0,18.7,93.5,1.0,1
BIN-0028,2399,0.93,34.3,0,47.0,26.3,1.0,1
BIN-0045,1978,2.25,28.6,0,3.9,48.8,0.577,0
BIN-0082,4974,10.91,19.4,0,38.6,89.0,1.0,1
BIN-0098,4993,6.49,31.1,0,14.3,6.3,0.863,0
BIN-0131,1209,2.09,20.9,0,24.0,37.5,0.637,0
BIN-0073,992,1.42,29.5,0,35.5,3.6,0.38,0
BIN-0098,4993,14.78,28.0,0,39.7,60.1,1.0,1
BIN-0061,4797,2.15,26.7,1,23.7,16.3,1.0,1
BIN-0039,2561,4.85,25.0,0,28.9,44.9,1.0,1
BIN-0074,2562,8.78,27.9,0,36.2,47.3,1.0,1
BIN-0003,3592,8.1,28.0,0,31.9,24.4,1.0,1
BIN-0014,1684,0.52,34.1,0,45.9,85.1,1.0,1
BIN-0053,4443,0.04,16.6,0,46.5,7.0,1.0,1
BIN-0035,3388,0.55,28.4,1,17.5,21.3,1.0,1
BIN-0055,1521,3.86,11.0,0,3.6,66.4,0.775,0
BIN-0074,2562,2.4,26.3,1,38.7,60.9,1.0,1
BIN-0004,966,3.59,36.7,0,36.4,87.0,1.0,1
BIN-0017,3404,7.08,20.5,0,29.7,80.1,1.0,1
BIN-0005,4926,5.41,26.5,0,17.6,84.8,1.0,1
BIN-0049,534,8.94,25.5,0,26.1,21.5,0.396,0
BIN-0117,3560,1.16,17.6,0,13.6,28.5,0.807,0
BIN-0114,3125,4.25,25.1,0,23.6,93.3,1.0,1
BIN-0126,2737,0.18,13.7,0,44.5,1.1,1.0,1
BIN-0011,1269,16.32,18.7,0,5.1,4.5,0.088,0
BIN-0062,2481,1.94,13.0,0,19.2,73.9,1.0,1
BIN-0144,3957,0.34,26.2,0,33.1,66.8,1.0,1
BIN-0068,837,1.48,29.5,0,33.4,96.2,1.0,1
BIN-0017,3404,3.79,24.1,0,25.0,63.1,1.0,1
BIN-0124,2538,8.9,28.1,0,5.5,75.3,0.969,1
BIN-0144,3957,0.47,6.9,0,35.2,25.1,1.0,1
BIN-0094,3190,1.72,11.1,0,26.3,17.0,1.0,1
BIN-0129,3175,0.92,30.4,0,17.2,56.4,1.0,1
BIN-0080,1995,7.35,29.4,0,47.5,95.2,1.0,1
BIN-0150,2660,6.0,30.1,0,46.1,59.6,1.0,1
BIN-0070,1576,13.43,21.4,0,3.4,3.6,0.066,0
BIN-0030,2028,3.52,25.7,0,38.2,33.4,1.0,1
BIN-0027,3505,4.77,16.3,0,31.2,58.9,1.0,1
BIN-0088,2954,17.7,20.8,0,13.0,0.4,0.561,0
BIN-0134,1163,2.56,33.4,0,34.1,37.3,0.818,0
BIN-0002,4272,1.1,16.4,0,45.0,30.6,1.0,1
BIN-0057,3113,24.01,29.8,0,23.0,14.9,1.0,1
BIN-0016,4617,0.54,17.6,0,28.1,72.4,1.0,1
BIN-0086,700,3.71,1.3,0,40.3,75.1,1.0,1
BIN-0007,3671,6.96,23.7,0,14.1,24.1,0.882,0
BIN-0030,2028,4.54,35.9,0,6.2,58.3,0.735,0
BIN-0141,2353,6.52,31.1,0,11.9,40.4,0.759,0
BIN-0043,3112,4.07,11.7,0,11.5,40.0,0.796,0
BIN-0099,1370,4.66,27.9,0,17.4,56.6,0.765,0
BIN-0043,3112,1.1,29.7,0,24.2,83.6,1.0,1
BIN-0068,837,6.96,31.7,0,15.4,55.1,0.687,0
BIN-0116,2097,22.7,28.0,0,29.0,37.2,1.0,1
BIN-0046,3056,2.24,32.8,0,7.1,26.7,0.534,0
BIN-0084,2778,1.96,43.9,0,35.1,54.7,1.0,1
BIN-0002,4272,4.78,23.4,0,27.7,26.5,1.0,1
BIN-0096,1528,8.44,22.4,0,21.9,72.6,1.0,1
BIN-0042,3324,1.75,31.4,0,35.0,94.0,1.0,1
BIN-0076,564,3.53,39.3,0,30.0,89.8,1.0,1
BIN-0067,1516,0.78,27.3,0,45.5,66.4,1.0,1
BIN-0104,3290,2.17,13.9,0,35.0,21.7,1.0,1
BIN-0095,4340,22.82,32.3,0,13.8,44.4,1.0,1
BIN-0073,992,2.9,32.7,0,37.9,72.1,1.0,1
BIN-0037,1100,2.99,10.0,0,39.7,63.0,0.972,1
BIN-0011,1269,5.08,13.2,1,10.8,79.5,1.0,1
BIN-0060,661,0.23,17.8,0,39.8,11.5,0.421,0
BIN-0142,1791,1.56,21.0,0,46.4,24.2,1.0,1
BIN-0119,4127,7.03,25.0,0,37.5,62.2,1.0,1
BIN-0130,1782,1.05,17.6,0,3.8,49.5,0.625,0
BIN-0112,3814,20.03,37.1,0,47.1,70.4,1.0,1
BIN-0098,4993,7.21,30.6,0,24.5,11.0,1.0,1
BIN-0026,3234,4.76,6.6,0,27.6,14.1,1.0,1
BIN-0147,3499,3.78,31.3,0,44.4,17.9,1.0,1
BIN-0018,974,10.26,17.8,0,8.2,70.7,0.861,0
BIN-0133,4248,1.63,21.6,0,24.2,40.6,1.0,1
BIN-0147,3499,6.88,24.9,0,39.9,48.0,1.0,1
BIN-0087,3604,1.31,8.8,0,47.2,15.7,1.0,1
BIN-0119,4127,3.91,25.2,0,8.4,13.5,0.621,0
BIN-0007,3671,2.74,35.0,0,23.9,38.8,1.0,1
BIN-0035,3388,0.11,31.5,0,8.7,59.1,0.871,0
BIN-0143,4081,6.02,21.6,0,41.1,93.2,1.0,1
BIN-0052,2085,0.45,27.9,0,25.9,82.0,1.0,1
BIN-0017,3404,1.6,37.7,0,33.9,17.3,1.0,1
BIN-0041,2541,0.54,27.0,0,14.8,61.0,1.0,1
BIN-0005,4926,2.91,37.6,0,17.4,69.5,1.0,1
BIN-0060,661,4.05,29.0,0,25.4,64.3,0.838,0
BIN-0060,661,3.16,27.4,0,27.9,99.3,1.0,1
BIN-0141,2353,3.37,19.8,0,17.4,36.9,0.815,0
BIN-0018,974,3.76,17.8,0,37.4,4.1,0.325,0
BIN-0056,3961,3.89,39.9,0,45.4,54.3,1.0,1
BIN-0048,4514,10.54,30.1,0,4.4,60.9,0.867,0
BIN-0140,4263,2.97,27.2,1,28.2,23.5,1.0,1
BIN-0144,3957,6.59,15.8,0,27.7,36.2,1.0,1
BIN-0112,3814,1.58,19.9,0,38.0,70.8,1.0,1
BIN-0068,837,0.62,28.7,0,32.3,12.4,0.426,0
BIN-0018,974,7.69,31.6,0,47.4,58.0,1.0,1
BIN-0027,3505,2.3,24.7,0,30.0,83.0,1.0,1
BIN-0102,1984,4.15,25.7,1,47.5,48.4,1.0,1
BIN-0112,3814,6.03,25.4,0,9.8,46.1,0.884,0
BIN-0093,2070,3.1,19.6,0,2.8,17.4,0.34,0
BIN-0046,3056,8.65,26.5,0,6.8,95.8,1.0,1
BIN-0044,1863,0.24,32.9,0,12.9,57.3,0.766,0
BIN-0025,689,0.32,24.8,0,46.8,99.0,1.0,1
BIN-0017,3404,3.77,46.9,0,34.7,71.2,1.0,1
BIN-0065,4298,10.48,35.6,0,11.9,48.6,1.0,1
BIN-0003,3592,3.54,30.9,0,29.2,96.9,1.0,1
BIN-0116,2097,9.58,33.0,0,15.2,90.6,1.0,1
BIN-0102,1984,7.96,32.0,0,7.2,38.1,0.562,0
BIN-0135,2498,14.29,17.4,0,29.7,19.4,1.0,1
BIN-0135,2498,6.63,25.9,0,18.2,34.3,0.912,1
BIN-0025,689,10.63,21.6,0,38.5,43.6,0.745,0
BIN-0063,1495,2.08,34.5,0,10.1,15.9,0.318,0
BIN-0053,4443,4.57,24.3,0,21.9,67.9,1.0,1
BIN-0136,3945,4.21,29.1,0,34.1,19.3,1.0,1
BIN-0081,891,11.69,17.4,0,47.6,85.6,1.0,1
BIN-0135,2498,0.63,34.7,0,7.5,16.3,0.308,0
BIN-0013,2933,8.87,26.8,0,24.7,95.2,1.0,1
BIN-0103,1363,2.56,29.6,0,15.1,18.5,0.446,0
BIN-0149,1198,4.06,20.1,0,17.6,53.0,0.797,0
BIN-0123,2029,4.19,22.5,0,15.1,11.2,0.442,0
BIN-0047,1275,0.95,24.4,0,11.1,97.1,1.0,1
BIN-0104,3290,12.02,24.6,0,16.7,77.2,1.0,1
BIN-0091,3231,14.36,18.0,1,23.1,20.8,1.0,1
BIN-0033,4390,5.56,11.3,0,22.7,65.1,1.0,1
BIN-0013,2933,5.42,11.3,0,10.0,90.5,1.0,1
BIN-0103,1363,2.22,15.3,0,2.5,47.2,0.541,0
BIN-0096,1528,2.82,27.1,0,11.5,54.6,0.661,0
BIN-0029,1767,0.05,24.4,1,13.6,47.2,0.844,0
BIN-0004,966,4.92,27.4,0,23.6,80.9,1.0,1
BIN-0024,2306,28.36,39.6,0,27.2,94.3,1.0,1
BIN-0083,4061,5.92,26.5,0,20.8,67.5,1.0,1
BIN-0007,3671,15.79,29.3,0,14.1,49.1,1.0,1
BIN-0072,879,7.18,30.0,0,16.9,8.8,0.245,0
BIN-0059,2000,1.48,30.6,0,44.5,39.3,1.0,1
BIN-0042,3324,3.64,20.4,0,43.5,2.1,1.0,1
BIN-0149,1198,13.38,14.4,0,23.3,16.9,0.426,0
BIN-0071,4493,1.75,32.6,0,25.8,91.7,1.0,1
BIN-0088,2954,0.28,25.7,0,18.9,78.2,1.0,1
BIN-0050,3652,0.25,33.5,0,25.8,57.2,1.0,1
BIN-0019,1582,0.15,26.3,0,34.7,73.7,1.0,1
BIN-0145,2136,2.32,34.7,0,16.1,40.7,0.862,0
BIN-0145,2136,23.6,34.8,0,28.2,70.4,1.0,1
BIN-0023,1475,12.9,22.3,0,14.5,21.8,0.451,0
BIN-0113,3657,3.38,18.5,0,45.9,11.1,1.0,1
BIN-0051,2455,5.13,25.8,0,11.1,54.0,0.832,0
BIN-0033,4390,6.96,26.9,0,24.7,15.3,1.0,1
BIN-0032,4056,9.53,30.7,0,27.1,72.8,1.0,1
BIN-0025,689,1.35,28.4,0,25.5,0.4,0.124,0
BIN-0121,2481,13.5,26.4,0,8.4,39.8,0.661,0
BIN-0075,4384,23.42,29.4,0,42.3,52.6,1.0,1
BIN-0011,1269,0.32,11.0,0,46.0,69.1,1.0,1
BIN-0019,1582,13.42,27.2,0,30.7,66.6,1.0,1
BIN-0041,2541,2.62,21.3,0,41.5,49.2,1.0,1
BIN-0110,1559,5.43,33.1,0,4.8,84.5,0.934,1
BIN-0104,3290,0.44,28.4,0,43.9,57.3,1.0,1
BIN-0030,2028,8.66,19.3,0,42.9,42.6,1.0,1
BIN-0138,1995,0.74,19.2,0,44.4,71.6,1.0,1
BIN-0016,4617,1.13,34.5,1,40.2,93.8,1.0,1
BIN-0014,1684,11.55,21.9,1,45.5,48.4,1.0,1
BIN-0113,3657,1.99,40.7,1,40.0,45.1,1.0,1
BIN-0097,1002,1.37,18.2,1,28.4,12.8,0.552,0
BIN-0141,2353,22.29,24.7,0,16.0,31.4,0.872,0
BIN-0029,1767,0.4,16.5,0,19.5,62.3,0.981,1
BIN-0146,4196,3.52,19.0,0,41.2,13.8,1.0,1
BIN-0048,4514,12.24,36.0,0,41.5,82.5,1.0,1
BIN-0094,3190,4.37,24.5,0,11.0,61.1,1.0,1
BIN-0133,4248,6.43,2.5,0,25.2,36.7,1.0,1
BIN-0041,2541,10.37,22.7,0,17.7,30.9,0.873,0
BIN-0068,837,8.99,44.0,0,34.7,31.9,0.658,0
BIN-0147,3499,0.09,32.0,0,11.0,92.6,1.0,1
BIN-0145,2136,6.26,30.4,0,39.3,78.3,1.0,1
BIN-0082,4974,5.12,35.4,0,5.1,43.3,0.622,0
BIN-0134,1163,0.43,18.7,0,17.2,87.7,1.0,1
BIN-0054,3573,0.31,26.0,0,25.6,17.7,1.0,1
BIN-0140,4263,0.9,23.2,0,12.4,24.0,0.813,0
BIN-0104,3290,3.17,16.9,0,46.6,13.0,1.0,1
BIN-0028,2399,4.87,24.2,0,35.2,55.0,1.0,1
BIN-0076,564,1.66,39.2,0,30.2,5.2,0.263,0
BIN-0085,3599,6.05,36.6,0,41.2,17.2,1.0,1
BIN-0027,3505,5.7,17.1,0,12.3,79.6,1.0,1
BIN-0004,966,1.53,22.4,1,22.3,18.8,0.563,0
BIN-0141,2353,0.51,32.8,0,27.8,12.0,0.717,0
BIN-0030,2028,2.96,20.7,0,41.7,47.9,1.0,1
BIN-0009,630,6.35,26.3,0,10.1,47.2,0.545,0
BIN-0139,3804,4.12,24.3,0,25.6,77.3,1.0,1
BIN-0067,1516,5.78,17.9,0,4.0,71.9,0.808,0
BIN-0148,3652,1.53,24.6,0,27.4,4.7,1.0,1
BIN-0045,1978,8.82,8.0,0,40.4,65.9,1.0,1
BIN-0007,3671,5.52,35.7,0,18.2,24.3,0.997,1
BIN-0095,4340,5.31,39.2,0,15.2,36.3,1.0,1
BIN-0017,3404,1.96,23.4,0,20.2,65.0,1.0,1
BIN-0076,564,1.95,20.2,0,12.2,20.0,0.327,0
BIN-0059,2000,10.92,23.6,0,32.3,36.9,1.0,1
BIN-0099,1370,2.26,9.2,1,37.3,20.8,0.95,1
BIN-0115,3229,0.59,31.7,0,17.8,93.1,1.0,1
BIN-0105,1063,0.15,32.7,0,22.1,25.6,0.459,0
BIN-0083,4061,7.4,17.0,0,9.2,12.8,0.573,0
BIN-0040,741,4.97,18.7,0,9.8,94.2,1.0,1
BIN-0025,689,6.29,39.9,0,23.8,30.6,0.544,0
BIN-0090,1304,1.24,26.1,0,25.8,9.9,0.531,0
BIN-0106,4691,4.17,19.1,0,16.4,92.2,1.0,1
BIN-0149,1198,1.27,17.0,0,19.3,35.3,0.584,0
BIN-0098,4993,0.05,27.6,1,29.1,5.5,1.0,1
BIN-0148,3652,5.24,17.2,0,41.4,59.2,1.0,1
BIN-0091,3231,14.97,24.4,0,34.6,96.3,1.0,1
BIN-0017,3404,6.13,32.2,0,43.6,90.9,1.0,1
BIN-0145,2136,0.71,35.6,0,37.8,42.5,1.0,1
BIN-0071,4493,1.01,29.8,0,43.4,50.5,1.0,1
BIN-0045,1978,1.07,15.4,0,32.5,6.2,0.711,0
BIN-0021,2547,1.02,30.4,0,25.0,12.8,0.719,0
BIN-0116,2097,4.8,22.3,0,28.1,10.9,0.707,0
BIN-0025,689,0.73,38.4,0,9.0,97.3,1.0,1
BIN-0091,3231,4.68,10.0,1,42.6,75.0,1.0,1
BIN-0003,3592,0.14,20.2,0,7.2,68.0,0.986,1
BIN-0045,1978,0.8,42.7,0,42.9,99.0,1.0,1
BIN-0014,1684,5.49,24.4,0,39.6,74.4,1.0,1
BIN-0137,4243,1.21,27.1,0,32.9,23.7,1.0,1
BIN-0017,3404,8.06,36.2,0,48.0,43.6,1.0,1
BIN-0028,2399,2.57,30.3,0,29.3,84.5,1.0,1
BIN-0019,1582,1.3,25.7,0,4.0,22.1,0.218,0
BIN-0095,4340,2.59,27.8,1,15.0,31.5,1.0,1
BIN-0055,1521,16.51,44.3,0,33.2,46.3,1.0,1
BIN-0070,1576,0.24,22.8,0,35.6,8.9,0.637,0
BIN-0150,2660,2.25,38.6,1,37.9,64.4,1.0,1
BIN-0119,4127,7.24,35.9,0,18.6,40.0,1.0,1
BIN-0098,4993,3.54,21.5,0,35.3,16.0,1.0,1
BIN-0041,2541,4.43,36.3,0,41.0,29.5,1.0,1
BIN-0052,2085,8.83,19.5,0,32.8,74.8,1.0,1
BIN-0048,4514,3.14,27.7,0,6.1,21.6,0.593,0
BIN-0035,3388,1.64,21.6,0,34.4,38.7,1.0,1
BIN-0112,3814,5.01,22.1,1,26.4,92.3,1.0,1
BIN-0098,4993,5.55,17.4,0,35.7,9.4,1.0,1
BIN-0106,4691,3.92,33.8,0,24.3,48.6,1.0,1
BIN-0076,564,6.6,23.3,1,35.4,91.5,1.0,1
BIN-0121,2481,1.95,10.0,0,36.4,74.8,1.0,1
BIN-0040,741,0.15,23.6,0,44.0,3.0,0.325,0
BIN-0003,3592,1.27,28.0,0,34.7,73.2,1.0,1
BIN-0035,3388,7.73,33.6,0,29.5,96.1,1.0,1
BIN-0067,1516,14.36,30.6,0,26.8,61.1,1.0,1
BIN-0081,891,0.89,28.9,0,16.0,66.1,0.824,0
BIN-0126,2737,1.22,29.2,1,33.5,79.8,1.0,1
BIN-0065,4298,6.39,18.8,0,7.0,72.4,1.0,1
BIN-0065,4298,6.76,28.4,0,2.1,55.5,0.685,0
BIN-0091,3231,6.8,33.0,0,34.3,4.5,1.0,1
BIN-0075,4384,2.1,35.3,0,46.5,81.1,1.0,1
BIN-0064,3842,20.52,21.5,0,17.5,76.0,1.0,1
BIN-0104,3290,8.02,25.2,0,41.7,61.6,1.0,1
BIN-0052,2085,6.47,27.8,0,31.5,77.7,1.0,1
BIN-0098,4993,7.03,26.0,0,27.8,91.2,1.0,1
BIN-0003,3592,7.08,25.6,0,8.1,77.2,1.0,1
BIN-0038,2863,3.7,21.4,1,29.2,73.8,1.0,1
BIN-0114,3125,2.02,26.9,0,17.5,70.1,1.0,1
BIN-0059,2000,2.07,29.9,1,44.2,8.2,1.0,1
BIN-0027,3505,1.16,30.1,0,23.8,19.2,1.0,1
BIN-0105,1063,0.15,23.8,0,37.6,23.5,0.584,0
BIN-0098,4993,2.84,36.1,0,46.5,11.5,1.0,1
BIN-0136,3945,0.68,18.1,0,4.5,8.1,0.215,0
BIN-0030,2028,1.46,28.6,1,13.6,7.1,0.555,0
BIN-0043,3112,2.76,15.6,0,44.6,14.1,1.0,1
BIN-0129,3175,1.63,32.4,0,30.4,70.6,1.0,1
BIN-0026,3234,1.54,25.3,0,34.6,72.4,1.0,1
BIN-0021,2547,3.9,29.5,0,45.3,95.4,1.0,1
BIN-0045,1978,1.04,27.8,1,3.4,27.1,0.452,0
BIN-0024,2306,0.3,23.8,0,38.0,16.1,0.986,1
BIN-0034,1146,14.77,20.9,0,46.5,73.0,1.0,1
BIN-0040,741,1.03,30.8,0,22.1,2.3,0.158,0
BIN-0111,2222,6.0,39.0,0,40.5,71.7,1.0,1
BIN-0005,4926,6.63,22.1,0,26.9,30.1,1.0,1
BIN-0036,2935,5.54,37.1,0,32.9,49.1,1.0,1
BIN-0079,3195,3.41,20.4,0,32.1,15.9,1.0,1
BIN-0139,3804,5.17,24.3,0,39.4,49.5,1.0,1
BIN-0051,2455,1.84,26.3,0,28.4,19.4,0.962,1
BIN-0139,3804,6.73,21.1,0,20.9,92.2,1.0,1
BIN-0016,4617,6.17,30.6,0,43.6,3.4,1.0,1
BIN-0003,3592,5.68,23.5,1,22.1,98.5,1.0,1
BIN-0036,2935,5.11,16.9,0,23.3,18.8,0.962,1
BIN-0093,2070,5.88,28.5,0,39.5,38.9,1.0,1
BIN-0079,3195,2.1,28.5,0,16.5,22.8,0.815,0
BIN-0037,1100,0.11,26.5,0,25.1,24.8,0.451,0
BIN-0111,2222,5.4,17.7,0,44.1,50.0,1.0,1
BIN-0146,4196,1.65,7.7,0,13.4,40.9,1.0,1
BIN-0109,3742,1.26,18.1,0,44.4,81.0,1.0,1
BIN-0023,1475,10.02,29.4,0,20.0,55.3,0.963,1
BIN-0130,1782,0.34,25.9,0,35.4,68.2,1.0,1
BIN-0071,4493,0.38,36.6,0,47.3,6.4,1.0,1
BIN-0027,3505,1.31,17.1,0,43.2,58.5,1.0,1
BIN-0042,3324,21.44,25.0,0,14.1,66.3,1.0,1
BIN-0080,1995,13.08,15.1,0,34.5,56.6,1.0,1
BIN-0044,1863,1.27,27.9,1,45.5,97.3,1.0,1
BIN-0150,2660,0.04,18.0,0,47.1,3.9,1.0,1
BIN-0065,4298,5.6,26.8,0,43.3,44.8,1.0,1
BIN-0070,1576,17.48,26.7,0,32.3,36.4,1.0,1
BIN-0080,1995,2.95,21.6,0,31.6,93.7,1.0,1
BIN-0076,564,2.88,32.2,0,47.6,46.4,0.812,0
BIN-0126,2737,12.88,18.5,0,38.5,75.1,1.0,1
BIN-0107,2257,8.02,22.1,0,14.2,66.1,1.0,1
BIN-0044,1863,15.41,17.6,0,21.9,92.6,1.0,1
BIN-0075,4384,2.14,24.5,0,10.2,99.5,1.0,1
BIN-0039,2561,2.42,7.2,0,23.3,27.6,0.939,1
BIN-0031,3702,3.47,29.5,0,40.6,71.9,1.0,1
BIN-0068,837,2.95,30.5,0,30.8,30.5,0.514,0
BIN-0019,1582,3.7,12.9,0,27.4,94.2,1.0,1
BIN-0059,2000,5.74,16.7,0,15.3,89.0,1.0,1
BIN-0011,1269,4.65,17.1,0,26.2,67.2,1.0,1
BIN-0050,3652,1.55,17.5,0,12.7,64.2,1.0,1
BIN-0011,1269,4.03,26.8,0,3.0,38.4,0.41,0
BIN-0041,2541,14.95,16.5,0,35.0,45.9,1.0,1
BIN-0060,661,2.94,21.7,0,19.7,40.4,0.439,0
BIN-0084,2778,12.58,30.1,0,10.7,67.7,1.0,1
BIN-0005,4926,4.12,31.0,0,27.9,37.4,1.0,1
BIN-0099,1370,15.92,44.0,0,5.1,85.5,0.88,0
BIN-0006,3944,2.8,24.7,1,3.6,74.6,0.985,1
BIN-0029,1767,2.98,26.2,0,17.3,89.7,1.0,1
BIN-0105,1063,0.86,18.3,0,24.8,17.5,0.417,0
BIN-0031,3702,7.02,30.4,1,3.5,97.5,1.0,1
BIN-0116,2097,0.75,42.6,1,47.8,85.8,1.0,1
BIN-0076,564,6.47,33.7,0,8.6,14.0,0.12,0
BIN-0102,1984,2.83,22.3,0,31.9,68.4,1.0,1
BIN-0125,3802,0.95,31.1,0,24.7,99.1,1.0,1
BIN-0147,3499,1.34,16.5,1,27.8,4.5,1.0,1
BIN-0031,3702,1.69,27.3,0,21.4,80.7,1.0,1
BIN-0119,4127,10.36,32.3,1,38.9,82.9,1.0,1
BIN-0027,3505,0.82,46.6,0,40.6,76.2,1.0,1
BIN-0008,3419,2.67,31.5,0,40.2,96.3,1.0,1
BIN-0078,2527,0.07,38.4,1,38.0,58.1,1.0,1
BIN-0133,4248,0.03,24.9,1,20.2,2.6,1.0,1
BIN-0034,1146,5.08,30.5,0,24.8,6.4,0.356,0
BIN-0073,992,5.65,17.9,0,39.6,38.0,0.858,0
BIN-0122,2163,4.29,34.7,0,38.9,78.6,1.0,1
BIN-0085,3599,5.25,27.9,0,47.9,3.1,1.0,1
BIN-0068,837,9.02,29.5,0,15.4,92.0,1.0,1
BIN-0037,1100,1.95,28.6,0,17.6,38.0,0.616,0
BIN-0044,1863,7.43,24.2,0,17.2,72.2,1.0,1
BIN-0107,2257,3.58,14.8,0,8.9,79.9,0.989,1
BIN-0086,700,0.06,25.8,0,42.6,44.5,0.789,0
BIN-0117,3560,1.93,31.6,1,43.0,80.9,1.0,1
BIN-0008,3419,27.49,35.8,0,18.1,37.2,1.0,1
BIN-0135,2498,1.31,15.0,0,24.0,17.8,0.83,0
BIN-0072,879,1.73,7.8,0,4.5,51.0,0.555,0
BIN-0077,3068,0.8,24.9,0,8.0,13.7,0.416,0
BIN-0147,3499,0.04,8.6,0,45.2,8.6,1.0,1
BIN-0015,3885,4.56,21.7,0,42.2,17.1,1.0,1
BIN-0125,3802,10.81,46.2,0,12.1,23.5,0.82,0
BIN-0056,3961,1.26,26.1,0,18.4,80.8,1.0,1
BIN-0122,2163,2.9,34.7,0,5.6,2.4,0.053,0
BIN-0092,3273,0.31,17.8,0,30.4,50.3,1.0,1
BIN-0121,2481,6.17,22.4,0,30.6,96.6,1.0,1
BIN-0063,1495,0.75,14.7,0,9.0,4.5,0.125,0
BIN-0096,1528,7.63,32.7,0,47.9,13.9,0.914,1
BIN-0096,1528,1.64,12.1,1,47.1,81.5,1.0,1
BIN-0008,3419,4.21,20.1,0,9.1,61.3,0.894,0
BIN-0135,2498,0.9,40.9,0,18.4,0.1,0.421,0
BIN-0046,3056,2.18,17.0,0,16.3,43.4,1.0,1
BIN-0031,3702,1.22,15.4,1,20.8,2.5,1.0,1
BIN-0143,4081,6.7,30.2,0,44.6,55.2,1.0,1
BIN-0031,3702,0.29,35.8,0,5.2,16.0,0.4,0
BIN-0115,3229,0.58,41.2,0,7.3,37.5,0.524,0
BIN-0122,2163,4.71,32.7,0,29.5,1.1,0.698,0
BIN-0061,4797,9.66,22.0,0,32.4,97.9,1.0,1
BIN-0111,2222,2.52,31.9,0,24.1,26.1,0.835,0
BIN-0111,2222,2.3,21.7,0,24.2,97.8,1.0,1
BIN-0129,3175,1.71,34.0,0,12.8,10.4,0.586,0
BIN-0105,1063,1.28,24.3,0,25.7,8.6,0.457,0
BIN-0088,2954,6.29,15.9,0,13.6,89.7,1.0,1
BIN-0120,1863,3.86,30.9,0,9.2,20.6,0.364,0
BIN-0139,3804,1.14,25.6,0,47.9,35.9,1.0,1
BIN-0139,3804,2.41,31.8,0,5.6,2.1,0.326,0
BIN-0054,3573,6.85,28.0,0,38.7,79.8,1.0,1
BIN-0129,3175,3.72,32.0,0,15.3,18.4,0.677,0
BIN-0124,2538,12.74,38.2,0,47.9,45.6,1.0,1
BIN-0076,564,2.61,14.7,0,20.7,22.7,0.368,0
BIN-0002,4272,1.82,33.7,1,20.8,80.7,1.0,1
BIN-0139,3804,1.76,40.6,0,26.6,68.5,1.0,1
BIN-0010,2185,10.18,28.7,0,2.2,38.1,0.436,0
BIN-0052,2085,10.81,13.3,0,2.2,31.2,0.393,0
BIN-0070,1576,5.6,33.0,0,21.7,69.6,1.0,1
BIN-0118,3193,1.86,22.0,0,40.4,68.3,1.0,1
BIN-0112,3814,0.5,0.1,0,40.4,38.1,1.0,1
BIN-0125,3802,14.46,23.8,1,3.6,66.1,0.956,1
BIN-0055,1521,4.59,22.2,0,30.5,97.8,1.0,1
BIN-0146,4196,1.0,34.3,0,30.1,51.2,1.0,1
BIN-0076,564,3.14,26.5,0,24.7,43.7,0.513,0
BIN-0053,4443,6.03,30.7,0,23.5,49.7,1.0,1
BIN-0086,700,4.28,19.8,0,29.3,25.1,0.389,0
BIN-0113,3657,2.67,30.1,0,42.9,69.6,1.0,1
BIN-0087,3604,0.42,19.9,0,29.0,49.4,1.0,1
BIN-0052,2085,3.69,14.2,0,46.9,89.7,1.0,1
BIN-0128,4529,0.02,11.5,0,43.9,32.2,1.0,1
BIN-0087,3604,8.78,27.1,0,29.1,68.6,1.0,1
BIN-0127,1806,4.87,26.8,0,2.8,55.3,0.57,0
BIN-0081,891,5.21,24.1,0,9.7,15.6,0.298,0
BIN-0048,4514,4.54,35.8,0,30.6,18.8,1.0,1
BIN-0144,3957,0.35,25.4,0,27.6,35.4,1.0,1
BIN-0137,4243,0.09,23.5,0,47.8,89.7,1.0,1
BIN-0023,1475,7.47,23.4,0,24.9,39.7,0.849,0
BIN-0028,2399,11.23,17.2,0,45.1,18.8,1.0,1
BIN-0007,3671,8.76,27.6,1,16.7,16.0,1.0,1
BIN-0135,2498,2.45,25.2,0,41.5,70.1,1.0,1
BIN-0059,2000,0.86,18.0,0,5.0,53.0,0.552,0
BIN-0083,4061,0.77,31.6,0,29.0,11.8,1.0,1
BIN-0075,4384,13.56,31.0,0,27.1,65.4,1.0,1
BIN-0048,4514,2.78,34.4,0,10.3,21.1,0.691,0
BIN-0056,3961,0.75,24.1,0,45.5,76.5,1.0,1
BIN-0018,974,3.48,24.1,0,16.4,27.0,0.45,0
BIN-0099,1370,0.84,18.1,0,44.2,31.6,0.978,1
BIN-0118,3193,3.61,28.5,0,46.3,39.6,1.0,1
BIN-0125,3802,1.07,20.6,1,6.2,25.9,0.574,0
BIN-0051,2455,0.45,21.4,0,42.1,90.2,1.0,1
BIN-0064,3842,2.19,37.7,0,29.3,95.3,1.0,1
BIN-0080,1995,11.97,18.6,0,38.7,24.7,1.0,1
BIN-0058,4343,8.36,16.6,0,28.5,97.8,1.0,1
BIN-0076,564,1.18,22.9,0,12.6,77.0,0.8,0
BIN-0066,1775,3.69,26.0,0,7.9,99.6,1.0,1
BIN-0140,4263,3.58,29.5,0,4.0,28.1,0.416,0
BIN-0010,2185,0.45,17.9,0,34.0,32.2,1.0,1
BIN-0117,3560,7.2,22.5,0,42.9,46.8,1.0,1
BIN-0095,4340,1.75,31.1,0,45.6,42.5,1.0,1
BIN-0124,2538,5.76,20.8,0,4.7,0.6,0.165,0
BIN-0110,1559,2.93,29.3,0,17.9,66.3,0.921,1
BIN-0022,3247,3.62,30.1,0,36.8,22.7,1.0,1
BIN-0019,1582,2.49,26.5,0,10.8,2.7,0.212,0
BIN-0064,3842,5.76,18.8,0,3.2,15.0,0.272,0
BIN-0150,2660,0.6,19.0,0,39.4,58.0,1.0,1
BIN-0016,4617,11.25,31.6,0,4.9,85.8,1.0,1
BIN-0022,3247,1.51,22.4,0,36.1,78.9,1.0,1
BIN-0091,3231,2.77,20.8,1,32.8,43.8,1.0,1
BIN-0016,4617,6.84,11.3,0,21.1,59.5,1.0,1
BIN-0126,2737,5.41,33.3,0,11.4,21.9,0.508,0
BIN-0059,2000,1.68,28.5,0,17.3,47.2,0.835,0
BIN-0098,4993,1.17,25.0,0,34.5,74.5,1.0,1
BIN-0004,966,0.36,21.3,0,7.4,94.6,1.0,1
BIN-0013,2933,0.11,29.7,0,29.7,67.8,1.0,1
BIN-0026,3234,10.7,28.8,0,44.9,83.1,1.0,1
BIN-0011,1269,6.57,19.5,0,45.6,49.9,1.0,1
BIN-0047,1275,11.91,34.1,0,30.3,94.2,1.0,1
BIN-0029,1767,8.89,20.5,0,43.7,52.1,1.0,1
BIN-0068,837,0.98,19.3,0,10.0,49.3,0.633,0
BIN-0140,4263,9.33,26.8,0,7.3,89.3,1.0,1
BIN-0109,3742,0.41,14.2,0,23.1,61.4,1.0,1
BIN-0082,4974,6.24,32.1,0,26.2,55.5,1.0,1
BIN-0141,2353,8.23,34.5,1,5.3,4.5,0.256,0
BIN-0018,974,4.45,21.2,0,43.7,54.5,1.0,1
BIN-0022,3247,5.54,12.3,0,12.3,70.9,1.0,1
BIN-0101,706,0.26,37.9,0,19.1,80.6,1.0,1
BIN-0042,3324,7.98,22.7,0,41.9,28.4,1.0,1
BIN-0113,3657,1.34,25.7,0,6.1,31.0,0.592,0
BIN-0007,3671,2.67,19.2,0,28.8,61.5,1.0,1
BIN-0117,3560,1.37,27.6,0,32.0,42.4,1.0,1
BIN-0140,4263,1.03,21.6,0,12.9,83.8,1.0,1
BIN-0074,2562,7.33,20.9,0,38.5,93.8,1.0,1
BIN-0024,2306,2.62,21.1,0,7.6,0.3,0.147,0
BIN-0121,2481,8.97,34.2,0,22.2,61.5,1.0,1
BIN-0125,3802,9.89,5.9,0,34.2,59.4,1.0,1
BIN-0139,3804,13.1,11.3,0,17.1,40.5,1.0,1
BIN-0128,4529,5.42,23.2,0,41.4,10.9,1.0,1
BIN-0120,1863,4.67,10.7,0,39.1,76.2,1.0,1
BIN-0027,3505,9.92,22.7,0,40.4,77.1,1.0,1
BIN-0087,3604,4.66,14.9,0,44.0,43.7,1.0,1
BIN-0015,3885,9.64,32.8,0,30.0,71.7,1.0,1
BIN-0063,1495,1.21,35.0,0,13.6,27.9,0.494,0
BIN-0060,661,0.73,31.5,0,14.8,36.8,0.452,0
BIN-0006,3944,4.68,5.8,0,13.2,28.6,0.857,0
BIN-0100,4988,7.12,38.4,0,32.0,76.5,1.0,1
BIN-0045,1978,3.19,21.6,0,11.4,91.6,1.0,1
BIN-0105,1063,0.33,26.5,0,7.2,94.7,1.0,1
BIN-0115,3229,14.14,13.8,0,42.2,11.4,1.0,1
BIN-0006,3944,2.56,23.3,1,38.0,13.2,1.0,1
BIN-0043,3112,7.15,25.2,0,19.3,11.2,0.833,0
BIN-0065,4298,1.59,42.6,0,4.8,47.0,0.607,0
BIN-0134,1163,4.17,16.4,0,30.6,23.1,0.565,0
BIN-0140,4263,9.39,30.8,0,20.3,6.6,1.0,1
BIN-0014,1684,10.73,30.7,0,37.0,21.1,0.931,1
BIN-0111,2222,6.18,11.4,1,28.5,70.6,1.0,1
BIN-0003,3592,2.0,15.2,0,18.5,79.0,1.0,1
BIN-0040,741,7.9,17.9,0,29.4,54.8,0.716,0
BIN-0104,3290,4.01,39.4,0,23.5,86.5,1.0,1
BIN-0053,4443,5.29,16.4,0,24.1,38.2,1.0,1
BIN-0066,1775,4.82,8.7,0,37.6,80.0,1.0,1
BIN-0129,3175,1.52,28.6,0,5.4,83.3,0.995,1
BIN-0130,1782,5.63,36.5,0,27.0,38.6,0.995,1
BIN-0112,3814,5.35,22.3,0,43.6,65.9,1.0,1
BIN-0101,706,0.2,37.8,0,40.8,92.8,1.0,1
BIN-0088,2954,0.27,35.7,0,29.9,20.1,1.0,1
BIN-0074,2562,1.89,23.0,0,19.5,23.3,0.826,0
BIN-0112,3814,0.58,28.0,1,41.3,83.0,1.0,1
BIN-0046,3056,6.41,24.2,0,29.7,29.0,1.0,1
BIN-0074,2562,15.08,37.6,0,13.7,2.9,0.427,0
BIN-0009,630,5.35,13.3,0,43.9,96.9,1.0,1
BIN-0043,3112,4.73,34.9,0,32.6,91.3,1.0,1
BIN-0030,2028,1.7,21.9,0,34.7,17.9,0.87,0
BIN-0021,2547,5.45,23.3,0,36.5,64.1,1.0,1
BIN-0147,3499,16.72,25.5,0,38.2,3.4,1.0,1
BIN-0107,2257,6.51,18.1,0,45.9,24.8,1.0,1
BIN-0149,1198,7.41,38.3,0,8.1,14.0,0.208,0
BIN-0058,4343,0.81,11.9,1,22.3,29.3,1.0,1
BIN-0084,2778,4.12,26.1,0,26.0,68.4,1.0,1
BIN-0041,2541,7.64,24.8,0,39.9,22.5,1.0,1
BIN-0009,630,1.27,33.0,0,19.2,86.0,0.978,1
BIN-0101,706,6.78,29.7,0,38.8,46.9,0.746,0
BIN-0055,1521,2.59,29.3,1,41.2,31.6,1.0,1
BIN-0137,4243,5.61,21.6,0,20.0,15.9,1.0,1
BIN-0037,1100,2.21,22.9,0,16.8,25.7,0.476,0
BIN-0031,3702,3.19,33.2,0,33.9,38.9,1.0,1
BIN-0077,3068,0.42,30.9,0,34.8,10.1,1.0,1
BIN-0147,3499,9.31,16.9,0,46.7,35.1,1.0,1
BIN-0077,3068,10.44,36.7,0,3.9,33.0,0.45,0
BIN-0110,1559,4.84,14.7,0,35.1,81.1,1.0,1
BIN-0078,2527,0.94,31.9,1,10.7,12.3,0.579,0
BIN-0040,741,1.02,28.5,0,26.0,67.3,0.872,0
BIN-0058,4343,0.4,37.6,0,41.0,15.1,1.0,1
BIN-0026,3234,1.55,13.7,0,28.4,47.1,1.0,1
BIN-0012,2891,3.92,26.5,0,16.5,83.0,1.0,1
BIN-0004,966,1.89,32.3,1,30.8,90.0,1.0,1
BIN-0004,966,4.18,23.2,0,18.1,79.2,1.0,1
BIN-0120,1863,4.59,23.5,1,11.0,3.4,0.315,0
BIN-0126,2737,4.31,28.0,1,16.3,30.9,0.946,1
BIN-0083,4061,2.6,23.8,0,17.7,95.8,1.0,1
BIN-0039,2561,0.02,16.3,0,27.0,17.7,0.977,1
BIN-0119,4127,15.09,-1.6,0,17.4,53.4,1.0,1
BIN-0073,992,3.7,16.9,0,35.6,71.1,1.0,1
BIN-0015,3885,10.52,26.0,0,2.5,84.6,1.0,1
BIN-0077,3068,11.29,10.9,0,25.3,16.2,1.0,1
BIN-0054,3573,2.2,30.8,0,22.6,38.1,1.0,1
BIN-0130,1782,1.34,17.5,0,6.7,61.6,0.758,0
BIN-0090,1304,9.25,39.3,1,43.1,5.8,1.0,1
BIN-0062,2481,1.17,36.4,0,25.3,77.3,1.0,1
BIN-0055,1521,10.25,12.7,0,38.0,93.4,1.0,1
BIN-0025,689,12.18,29.2,0,8.2,70.8,0.876,0
BIN-0102,1984,3.86,22.4,0,22.7,55.9,1.0,1
BIN-0030,2028,2.33,30.7,0,5.9,74.1,0.846,0
BIN-0099,1370,1.18,25.3,0,15.9,96.7,1.0,1
BIN-0117,3560,1.69,25.8,0,17.2,68.7,1.0,1
BIN-0138,1995,2.04,34.7,0,3.8,87.7,0.919,1
BIN-0084,2778,29.17,20.5,0,12.3,26.0,0.833,0
BIN-0052,2085,0.21,27.5,0,42.6,68.9,1.0,1
BIN-0114,3125,7.15,26.1,0,6.7,47.4,0.737,0
BIN-0145,2136,1.38,30.2,0,15.0,42.8,0.81,0
BIN-0098,4993,12.23,18.9,0,33.7,42.4,1.0,1
BIN-0056,3961,4.95,25.1,0,3.9,92.2,1.0,1
BIN-0073,992,11.07,15.6,0,5.2,17.2,0.212,0
BIN-0071,4493,1.41,30.7,0,12.2,50.4,1.0,1
BIN-0110,1559,14.64,32.6,0,30.4,38.3,0.963,1
BIN-0140,4263,0.59,44.4,0,35.1,55.8,1.0,1
BIN-0146,4196,2.43,24.3,0,2.6,33.2,0.397,0
BIN-0100,4988,2.6,31.8,0,31.2,71.7,1.0,1
BIN-0054,3573,9.04,22.4,0,47.2,96.0,1.0,1
BIN-0093,2070,6.98,29.3,0,14.5,99.3,1.0,1
BIN-0005,4926,3.37,28.2,0,6.0,66.0,0.997,1
BIN-0140,4263,5.36,22.6,0,15.0,8.8,0.742,0
BIN-0026,3234,2.51,24.2,0,9.1,9.5,0.447,0
BIN-0083,4061,5.89,27.8,0,19.1,10.2,0.958,1
BIN-0042,3324,6.21,19.5,0,16.5,0.9,0.618,0
BIN-0062,2481,8.72,40.8,0,34.1,3.4,1.0,1
BIN-0098,4993,3.68,17.8,0,17.9,59.2,1.0,1
BIN-0039,2561,7.4,36.8,0,10.8,55.2,0.865,0
BIN-0101,706,0.89,33.5,1,13.8,76.4,0.83,0
BIN-0016,4617,0.37,20.0,0,33.5,12.4,1.0,1
BIN-0121,2481,6.3,33.3,0,14.3,68.1,1.0,1
BIN-0132,4913,1.23,25.3,0,37.1,24.1,1.0,1
BIN-0041,2541,4.32,27.9,0,36.7,95.7,1.0,1
BIN-0022,3247,3.86,27.4,0,28.5,55.1,1.0,1
BIN-0044,1863,2.85,22.1,1,34.5,1.2,1.0,1
BIN-0125,3802,2.59,32.0,0,42.7,14.0,1.0,1
BIN-0096,1528,1.39,21.0,0,44.0,79.1,1.0,1
BIN-0024,2306,12.94,20.7,1,42.0,46.6,1.0,1
BIN-0093,2070,5.56,20.6,0,43.9,1.0,0.992,1
BIN-0027,3505,4.64,30.4,0,25.5,89.8,1.0,1
BIN-0130,1782,4.38,27.2,0,26.6,91.3,1.0,1
BIN-0073,992,1.2,15.0,0,30.4,13.8,0.463,0
BIN-0071,4493,2.65,25.7,0,40.3,84.7,1.0,1
BIN-0141,2353,2.54,18.6,0,46.4,26.6,1.0,1
BIN-0071,4493,0.97,25.6,0,2.9,78.3,0.934,1
BIN-0018,974,0.76,40.1,0,20.1,77.4,1.0,1
BIN-0091,3231,1.58,28.3,0,33.3,22.4,1.0,1
BIN-0019,1582,4.13,26.3,0,30.6,32.5,0.835,0
BIN-0114,3125,1.96,27.9,0,9.0,34.8,0.665,0
BIN-0016,4617,1.79,25.1,0,34.3,70.8,1.0,1
BIN-0121,2481,1.71,18.1,0,2.5,30.1,0.341,0
BIN-0072,879,1.86,21.6,0,39.2,19.0,0.438,0
BIN-0079,3195,0.75,19.7,0,13.1,11.9,0.548,0
BIN-0085,3599,4.39,24.8,0,35.2,17.3,1.0,1
BIN-0032,4056,0.51,11.3,0,44.9,35.2,1.0,1
BIN-0041,2541,1.17,24.6,0,22.8,25.3,0.875,0
BIN-0120,1863,5.67,16.4,0,31.8,43.8,1.0,1
BIN-0115,3229,0.3,28.5,0,23.4,53.4,1.0,1
BIN-0002,4272,1.82,34.1,0,2.5,35.2,0.447,0
BIN-0081,891,13.03,16.1,0,10.2,88.4,0.964,1
BIN-0022,3247,4.29,28.2,0,47.6,17.3,1.0,1
BIN-0073,992,3.58,30.0,0,20.1,69.9,0.904,1
BIN-0012,2891,6.97,17.2,0,34.3,54.8,1.0,1
BIN-0021,2547,5.28,25.4,0,11.5,20.8,0.512,0
BIN-0083,4061,6.22,33.7,0,44.0,74.4,1.0,1
BIN-0012,2891,10.72,17.2,0,29.0,52.0,1.0,1
BIN-0147,3499,2.68,9.3,0,39.5,81.9,1.0,1
BIN-0032,4056,0.53,22.7,0,45.6,81.9,1.0,1
BIN-0032,4056,12.19,36.2,0,38.6,76.7,1.0,1
BIN-0082,4974,7.13,17.9,0,18.5,96.5,1.0,1
BIN-0029,1767,3.78,32.3,0,12.6,23.3,0.474,0
BIN-0093,2070,3.48,35.3,0,4.5,53.3,0.687,0
BIN-0104,3290,7.86,15.4,0,43.5,68.8,1.0,1
BIN-0014,1684,31.25,26.6,0,33.3,93.8,1.0,1
BIN-0127,1806,6.67,19.8,0,27.7,33.1,0.89,0
BIN-0084,2778,1.71,8.9,0,37.6,67.4,1.0,1
BIN-0025,689,3.76,25.8,0,11.7,74.5,0.792,0
BIN-0094,3190,0.85,28.4,0,35.0,28.2,1.0,1
BIN-0066,1775,0.07,18.1,0,7.0,95.5,1.0,1
BIN-0007,3671,8.94,28.1,0,41.0,72.3,1.0,1
BIN-0072,879,1.42,26.0,1,27.9,96.1,1.0,1
BIN-0109,3742,2.13,22.7,0,35.9,1.8,1.0,1
BIN-0129,3175,2.35,22.2,0,8.8,22.3,0.493,0
BIN-0113,3657,0.37,21.1,1,10.8,86.2,1.0,1
BIN-0023,1475,2.64,7.2,0,14.3,54.5,0.754,0
BIN-0004,966,1.86,24.1,0,34.3,51.8,0.793,0
BIN-0069,1378,16.42,19.9,0,12.7,39.4,0.562,0
BIN-0066,1775,6.52,27.8,0,36.3,72.0,1.0,1
BIN-0130,1782,3.44,21.4,0,41.1,21.3,1.0,1
BIN-0140,4263,2.79,27.4,0,25.3,31.8,1.0,1
BIN-0138,1995,4.26,26.4,0,45.1,84.7,1.0,1
BIN-0149,1198,4.25,33.7,0,35.5,23.3,0.735,0
BIN-0030,2028,0.1,12.4,0,40.6,69.6,1.0,1
BIN-0098,4993,8.92,29.3,0,32.6,36.5,1.0,1
BIN-0143,4081,1.07,20.0,0,42.6,10.9,1.0,1
BIN-0056,3961,0.76,23.5,0,5.7,60.2,0.823,0
BIN-0115,3229,4.8,27.5,0,24.6,62.2,1.0,1
BIN-0037,1100,10.08,20.6,0,39.6,72.6,1.0,1
BIN-0035,3388,4.43,27.4,0,42.9,33.5,1.0,1
BIN-0058,4343,7.56,19.0,0,37.4,97.1,1.0,1
BIN-0084,2778,0.66,31.9,0,36.4,17.5,1.0,1
BIN-0048,4514,0.61,27.6,0,11.8,47.4,0.964,1
BIN-0007,3671,1.78,20.3,0,45.3,39.7,1.0,1
BIN-0117,3560,3.18,39.6,0,44.8,62.6,1.0,1
BIN-0098,4993,4.13,36.6,0,10.4,60.3,1.0,1
BIN-0073,992,0.52,26.4,0,15.0,87.2,1.0,1
BIN-0120,1863,18.7,28.2,0,4.3,83.8,0.979,1
BIN-0028,2399,6.84,12.2,0,42.0,0.9,1.0,1
BIN-0037,1100,9.88,19.8,0,4.1,1.6,0.122,0
BIN-0103,1363,0.5,28.4,0,31.1,18.7,0.598,0
BIN-0025,689,5.61,28.0,0,28.9,62.0,0.904,1
BIN-0049,534,0.35,22.4,1,29.5,23.7,0.499,0
BIN-0056,3961,1.24,21.6,0,31.8,21.9,1.0,1
BIN-0014,1684,10.78,16.3,0,38.2,10.5,0.918,1
BIN-0091,3231,2.09,28.8,0,40.7,94.2,1.0,1
BIN-0060,661,1.02,26.0,0,12.0,71.2,0.854,0
BIN-0028,2399,2.16,37.2,0,34.4,82.0,1.0,1
BIN-0124,2538,3.27,25.7,0,31.4,11.6,0.873,0
BIN-0061,4797,1.76,26.0,0,19.4,19.9,1.0,1
BIN-0042,3324,7.29,36.0,0,8.2,36.5,0.647,0
BIN-0139,3804,4.6,19.0,0,22.8,72.5,1.0,1
BIN-0146,4196,2.5,19.8,0,24.7,45.0,1.0,1
BIN-0041,2541,0.04,22.4,0,29.9,98.5,1.0,1
BIN-0105,1063,5.17,27.1,0,40.6,98.9,1.0,1
BIN-0068,837,4.83,29.3,0,33.8,39.8,0.793,0
BIN-0078,2527,1.73,33.6,0,47.3,29.2,1.0,1
BIN-0070,1576,6.76,23.3,1,28.5,35.1,1.0,1
BIN-0102,1984,2.29,28.5,0,26.2,35.5,0.893,0
BIN-0007,3671,3.51,40.5,0,47.1,64.5,1.0,1
BIN-0129,3175,21.19,21.5,0,25.9,98.4,1.0,1
BIN-0134,1163,3.88,4.9,0,34.3,25.2,0.728,0
BIN-0148,3652,4.47,39.6,0,32.8,12.2,1.0,1
BIN-0147,3499,2.45,14.9,0,32.6,58.8,1.0,1
BIN-0149,1198,2.67,13.9,0,42.8,16.1,0.798,0
BIN-0127,1806,8.81,20.8,0,19.1,60.6,1.0,1
BIN-0052,2085,4.21,26.6,1,45.4,0.3,1.0,1
BIN-0064,3842,2.18,23.7,0,26.1,66.1,1.0,1
BIN-0100,4988,5.71,29.9,0,5.2,66.4,0.866,0
BIN-0084,2778,8.79,19.8,0,34.4,79.2,1.0,1
BIN-0109,3742,1.63,26.2,0,7.1,29.0,0.56,0
BIN-0072,879,1.81,28.7,0,35.3,51.5,0.85,0
BIN-0021,2547,5.27,27.8,1,26.0,99.1,1.0,1
BIN-0101,706,0.62,14.3,0,33.9,46.8,0.704,0
BIN-0003,3592,3.16,26.9,0,46.3,14.9,1.0,1
BIN-0139,3804,4.19,26.6,0,22.1,65.5,1.0,1
BIN-0043,3112,2.78,25.5,0,25.7,59.4,1.0,1
BIN-0020,3058,7.19,25.2,0,13.0,44.7,0.963,1
BIN-0139,3804,5.29,16.1,0,38.6,58.6,1.0,1
BIN-0031,3702,8.51,26.0,0,35.6,92.7,1.0,1
BIN-0020,3058,3.98,23.7,0,46.9,21.3,1.0,1
BIN-0049,534,10.85,19.3,0,6.1,74.7,0.819,0
BIN-0069,1378,0.57,29.4,0,33.8,0.0,0.503,0
BIN-0148,3652,0.74,30.3,0,4.8,41.8,0.586,0
BIN-0049,534,11.92,15.3,1,33.4,69.9,1.0,1
BIN-0049,534,3.96,27.3,0,37.2,11.7,0.336,0
BIN-0028,2399,5.01,17.1,0,34.3,11.7,1.0,1
BIN-0147,3499,21.93,31.6,0,13.3,95.3,1.0,1
BIN-0012,2891,9.29,24.8,0,13.8,51.4,1.0,1
BIN-0043,3112,12.33,15.2,0,32.5,38.2,1.0,1
BIN-0095,4340,1.62,30.1,0,29.9,43.9,1.0,1
BIN-0015,3885,2.35,36.6,0,23.8,64.5,1.0,1
BIN-0101,706,8.04,21.0,0,28.0,79.7,1.0,1
BIN-0001,1360,16.1,32.4,0,24.4,80.3,1.0,1
BIN-0103,1363,2.7,27.9,0,12.3,83.9,0.928,1
BIN-0100,4988,4.48,25.9,0,9.4,38.4,0.909,1
BIN-0128,4529,6.46,36.2,0,35.5,14.4,1.0,1
BIN-0024,2306,5.37,12.5,0,14.1,34.0,0.697,0
BIN-0124,2538,6.35,6.9,0,9.2,89.8,1.0,1
BIN-0124,2538,2.38,30.7,0,14.6,78.9,1.0,1
BIN-0052,2085,12.67,21.0,0,11.1,0.3,0.252,0
BIN-0125,3802,1.98,14.2,0,17.5,89.2,1.0,1
BIN-0036,2935,2.75,22.7,0,17.1,81.9,1.0,1
BIN-0095,4340,3.38,3.8,0,21.5,26.9,1.0,1
BIN-0047,1275,2.67,27.2,0,38.8,23.5,0.775,0
BIN-0086,700,8.32,28.1,0,19.3,6.3,0.188,0
BIN-0024,2306,5.29,21.6,1,22.3,80.3,1.0,1
BIN-0035,3388,18.32,22.6,1,39.4,83.7,1.0,1
BIN-0110,1559,3.1,15.4,0,22.1,44.2,0.818,0
BIN-0117,3560,9.16,23.7,0,18.1,30.8,1.0,1
BIN-0066,1775,0.95,30.3,0,15.7,15.9,0.454,0
BIN-0139,3804,2.32,38.2,0,27.6,27.6,1.0,1
BIN-0088,2954,5.22,23.6,0,14.3,28.7,0.795,0
BIN-0109,3742,3.33,18.3,0,24.5,52.2,1.0,1
BIN-0029,1767,1.84,22.9,1,28.1,52.1,1.0,1
BIN-0070,1576,3.36,29.9,0,4.2,86.6,0.997,1
BIN-0128,4529,7.76,22.6,0,34.7,90.4,1.0,1
BIN-0016,4617,13.39,14.8,0,19.9,38.9,1.0,1
BIN-0121,2481,0.62,37.4,0,5.0,8.2,0.138,0
BIN-0024,2306,9.03,20.8,0,14.8,57.8,0.991,1
BIN-0094,3190,6.93,33.1,0,21.8,47.9,1.0,1
BIN-0049,534,0.27,30.0,0,13.6,28.9,0.316,0
BIN-0025,689,2.16,29.1,0,26.2,11.7,0.324,0
BIN-0047,1275,5.39,19.9,0,11.4,79.7,0.982,1
BIN-0001,1360,0.97,20.4,1,34.6,78.5,1.0,1
BIN-0052,2085,3.31,35.4,0,21.5,31.8,0.873,0
BIN-0089,4145,4.34,25.3,0,15.3,44.6,1.0,1
BIN-0069,1378,9.46,15.7,0,34.2,55.0,1.0,1
BIN-0057,3113,6.94,27.8,0,44.5,88.4,1.0,1
BIN-0045,1978,2.26,19.8,0,25.7,99.7,1.0,1
BIN-0073,992,2.69,24.6,0,40.6,82.4,1.0,1
BIN-0066,1775,7.01,22.7,0,13.7,91.5,1.0,1
BIN-0011,1269,0.61,28.9,0,11.4,84.7,0.96,1
BIN-0115,3229,2.0,19.0,0,13.0,80.3,1.0,1
BIN-0065,4298,18.39,18.0,0,7.6,51.4,1.0,1
BIN-0103,1363,0.03,13.0,0,16.0,33.1,0.45,0
BIN-0063,1495,1.67,31.9,0,7.3,37.7,0.559,0
BIN-0115,3229,2.0,31.7,0,14.4,39.0,0.866,0
BIN-0017,3404,5.54,24.1,0,15.0,59.2,1.0,1
BIN-0121,2481,7.11,22.3,0,42.0,9.3,1.0,1
BIN-0121,2481,1.6,19.9,0,22.7,60.0,1.0,1
BIN-0074,2562,4.4,31.3,0,29.8,9.4,0.983,1
BIN-0103,1363,1.86,23.6,0,12.8,14.6,0.343,0
BIN-0011,1269,8.46,6.8,0,46.5,21.3,0.824,0
BIN-0086,700,5.4,-3.3,0,24.7,41.2,0.676,0
BIN-0065,4298,0.05,25.5,0,4.2,53.8,0.729,0
BIN-0003,3592,2.61,22.4,0,33.2,96.7,1.0,1
BIN-0135,2498,6.95,32.4,0,22.5,66.6,1.0,1
BIN-0025,689,1.66,23.7,0,21.8,99.1,1.0,1
BIN-0110,1559,0.11,26.1,0,25.0,30.7,0.67,0
BIN-0106,4691,3.63,30.6,0,22.8,22.3,1.0,1
BIN-0105,1063,11.72,19.8,0,46.9,75.0,1.0,1
BIN-0148,3652,1.29,14.6,0,6.2,8.1,0.234,0
BIN-0119,4127,17.61,35.0,0,17.5,96.4,1.0,1
BIN-0146,4196,7.32,24.4,0,27.9,76.2,1.0,1
BIN-0021,2547,5.81,41.5,0,28.6,6.1,0.864,0
BIN-0110,1559,2.51,34.5,1,34.8,79.6,1.0,1
BIN-0038,2863,5.32,31.8,0,12.6,70.6,1.0,1
BIN-0107,2257,15.22,18.6,0,13.4,88.2,1.0,1
BIN-0064,3842,1.47,17.1,0,10.9,62.2,1.0,1
BIN-0136,3945,2.14,19.7,0,23.0,10.7,1.0,1
BIN-0045,1978,8.0,22.1,0,27.9,59.3,1.0,1
BIN-0030,2028,3.8,25.1,0,47.8,99.4,1.0,1
BIN-0118,3193,0.05,22.4,0,41.2,82.4,1.0,1
BIN-0127,1806,2.79,35.4,0,46.2,87.3,1.0,1
BIN-0005,4926,4.97,12.6,0,27.2,88.6,1.0,1
BIN-0099,1370,0.62,44.1,0,38.5,60.3,1.0,1
BIN-0087,3604,5.43,17.5,0,34.1,47.4,1.0,1
BIN-0128,4529,5.47,31.1,0,22.3,27.4,1.0,1
BIN-0120,1863,1.98,13.6,1,24.9,99.6,1.0,1
BIN-0050,3652,1.0,37.2,0,7.1,96.9,1.0,1
BIN-0026,3234,4.71,32.3,0,46.9,82.8,1.0,1
BIN-0058,4343,4.44,25.1,0,37.6,0.1,1.0,1
BIN-0129,3175,2.53,24.1,0,30.9,69.2,1.0,1
BIN-0088,2954,14.11,22.4,0,25.2,64.2,1.0,1
BIN-0037,1100,1.3,28.9,0,38.7,6.1,0.445,0
BIN-0094,3190,28.13,31.1,0,26.0,51.0,1.0,1
BIN-0005,4926,18.13,30.4,0,4.7,47.2,0.734,0
BIN-0054,3573,9.64,22.2,0,16.3,11.6,0.823,0
BIN-0117,3560,1.26,30.7,0,28.3,81.9,1.0,1
BIN-0018,974,0.82,25.9,0,35.9,73.7,1.0,1
BIN-0040,741,3.37,14.3,0,37.8,87.4,1.0,1
BIN-0104,3290,1.81,28.4,0,22.0,69.2,1.0,1
BIN-0050,3652,3.2,27.9,0,43.2,7.6,1.0,1
BIN-0080,1995,2.64,18.3,0,32.9,36.2,1.0,1
BIN-0143,4081,2.41,8.6,0,13.4,22.2,0.84,0
BIN-0087,3604,6.12,20.8,0,5.0,94.3,1.0,1
BIN-0036,2935,0.5,36.1,0,27.0,33.9,1.0,1
BIN-0142,1791,7.73,31.4,0,34.9,52.9,1.0,1
BIN-0043,3112,3.11,30.8,0,27.5,16.9,1.0,1
BIN-0119,4127,10.17,19.6,0,30.1,47.3,1.0,1
BIN-0063,1495,10.9,20.4,0,37.5,91.6,1.0,1
BIN-0005,4926,11.56,25.2,0,23.3,95.2,1.0,1
BIN-0023,1475,0.39,22.8,0,33.4,67.6,1.0,1
BIN-0022,3247,0.06,7.1,0,20.4,91.8,1.0,1
BIN-0064,3842,9.7,25.0,0,37.0,70.8,1.0,1
BIN-0149,1198,12.49,5.3,0,21.5,67.4,0.958,1
BIN-0016,4617,1.96,18.6,0,34.0,86.7,1.0,1
BIN-0070,1576,9.36,24.2,0,38.5,28.5,1.0,1
BIN-0020,3058,8.17,40.8,1,26.9,50.3,1.0,1
BIN-0061,4797,3.92,23.7,0,10.6,93.5,1.0,1
BIN-0075,4384,11.86,28.9,0,36.4,15.1,1.0,1
BIN-0017,3404,24.27,26.0,0,5.2,63.4,0.85,0
BIN-0016,4617,0.55,28.4,0,23.5,19.5,1.0,1
BIN-0099,1370,0.52,34.1,0,13.9,84.9,1.0,1
BIN-0112,3814,0.35,10.5,0,10.4,34.6,0.793,0
BIN-0016,4617,2.21,30.3,0,8.7,62.9,1.0,1
BIN-0002,4272,0.93,15.4,0,27.2,76.4,1.0,1
BIN-0088,2954,2.24,31.3,0,30.6,63.4,1.0,1
BIN-0128,4529,2.69,23.8,0,45.0,23.9,1.0,1
BIN-0020,3058,10.12,19.3,0,34.6,77.6,1.0,1
BIN-0074,2562,10.89,28.6,1,2.2,12.0,0.228,0
BIN-0002,4272,5.02,27.6,1,46.6,23.6,1.0,1
BIN-0057,3113,4.48,11.6,0,41.5,30.3,1.0,1
BIN-0028,2399,7.69,38.6,0,46.9,93.8,1.0,1
BIN-0038,2863,0.72,12.4,0,5.8,11.5,0.319,0
BIN-0140,4263,3.58,31.2,0,18.6,55.6,1.0,1
BIN-0021,2547,13.99,32.3,0,38.7,11.9,1.0,1
BIN-0010,2185,1.96,11.5,0,18.9,86.1,1.0,1
BIN-0011,1269,9.49,16.4,0,46.2,24.5,0.879,0
BIN-0009,630,2.14,23.2,0,15.1,6.2,0.068,0
BIN-0059,2000,7.74,28.7,0,20.6,53.9,1.0,1
BIN-0076,564,4.4,27.5,0,20.3,84.1,0.957,1
BIN-0074,2562,6.18,31.3,0,43.6,9.8,1.0,1
BIN-0099,1370,7.96,34.7,0,32.9,0.4,0.507,0
BIN-0012,2891,1.62,21.6,0,30.6,41.9,1.0,1
BIN-0076,564,3.63,21.5,0,44.6,42.9,0.712,0
BIN-0077,3068,3.67,19.1,0,29.7,96.8,1.0,1
BIN-0079,3195,7.68,14.0,0,35.7,12.5,1.0,1
BIN-0127,1806,1.25,35.8,0,32.5,0.6,0.577,0
BIN-0004,966,4.25,32.8,0,5.8,31.0,0.408,0
BIN-0117,3560,7.75,18.3,0,46.4,20.2,1.0,1
BIN-0123,2029,4.89,23.5,0,39.9,89.3,1.0,1
BIN-0072,879,4.4,18.5,0,43.7,56.7,1.0,1
BIN-0016,4617,3.06,14.9,0,42.1,2.9,1.0,1
BIN-0109,3742,0.78,19.3,0,8.5,67.4,1.0,1
BIN-0134,1163,2.55,25.0,0,25.2,59.3,0.981,1
BIN-0145,2136,4.67,35.2,1,19.3,57.7,1.0,1
BIN-0105,1063,1.23,30.0,0,38.1,64.1,1.0,1
BIN-0047,1275,1.27,21.5,0,24.9,34.7,0.66,0
BIN-0015,3885,5.54,31.8,0,20.2,65.6,1.0,1
BIN-0060,661,7.84,18.1,0,12.0,86.5,1.0,1
BIN-0031,3702,15.14,25.6,0,34.7,64.4,1.0,1
BIN-0120,1863,1.69,22.1,0,5.1,92.4,0.898,0
BIN-0037,1100,11.24,21.1,0,10.9,97.1,1.0,1
BIN-0007,3671,1.49,32.6,1,11.4,70.5,1.0,1
BIN-0110,1559,11.16,26.7,0,20.6,97.6,1.0,1
BIN-0053,4443,1.92,20.5,0,45.3,4.2,1.0,1
BIN-0133,4248,3.3,23.9,0,5.2,92.9,1.0,1
BIN-0084,2778,3.71,21.9,0,20.4,21.7,0.833,0
BIN-0047,1275,5.37,24.0,0,23.1,32.8,0.694,0
BIN-0029,1767,0.88,33.4,0,5.0,45.7,0.566,0
BIN-0053,4443,0.57,26.6,0,44.6,23.2,1.0,1
BIN-0146,4196,6.52,19.1,0,23.9,93.5,1.0,1
BIN-0026,3234,0.77,35.1,0,5.7,73.0,0.933,1
BIN-0140,4263,4.41,25.0,0,31.5,48.7,1.0,1
BIN-0017,3404,5.24,10.3,0,12.1,22.4,0.635,0
BIN-0033,4390,0.26,22.8,0,10.0,64.2,1.0,1
BIN-0033,4390,7.05,28.1,1,41.9,57.2,1.0,1
BIN-0025,689,7.88,17.3,0,46.5,66.2,1.0,1
BIN-0126,2737,0.42,22.1,0,25.1,29.9,0.968,1
BIN-0069,1378,1.45,24.2,0,36.3,11.8,0.583,0
BIN-0118,3193,1.09,33.4,0,4.7,56.3,0.723,0
BIN-0010,2185,4.11,27.1,0,8.5,61.2,0.814,0
BIN-0097,1002,1.43,26.5,0,43.5,58.1,1.0,1
BIN-0114,3125,4.42,34.8,0,7.1,79.0,1.0,1
BIN-0072,879,0.1,27.2,0,19.6,1.1,0.26,0
BIN-0024,2306,0.49,17.4,1,32.8,42.6,1.0,1
BIN-0019,1582,9.65,27.8,0,24.1,71.1,1.0,1
BIN-0064,3842,0.87,26.7,0,27.6,29.3,1.0,1
BIN-0113,3657,2.64,28.5,0,10.8,81.8,1.0,1
BIN-0028,2399,9.69,26.1,0,7.9,10.0,0.278,0
BIN-0066,1775,17.41,24.2,0,27.0,51.2,1.0,1
BIN-0024,2306,11.54,30.4,0,18.5,23.3,0.791,0
BIN-0123,2029,0.84,23.3,0,24.4,34.5,0.844,0
BIN-0070,1576,0.79,30.9,0,10.4,84.8,1.0,1
BIN-0133,4248,4.18,25.5,0,47.7,18.3,1.0,1
BIN-0097,1002,3.59,24.5,0,17.0,64.9,0.819,0
BIN-0090,1304,5.2,29.8,1,45.0,41.2,1.0,1
BIN-0050,3652,7.67,19.6,0,24.6,16.7,1.0,1
BIN-0024,2306,3.57,35.6,0,12.6,66.3,0.981,1
BIN-0129,3175,12.73,41.3,1,36.2,6.7,1.0,1
BIN-0035,3388,2.04,33.3,1,23.6,73.8,1.0,1
BIN-0059,2000,3.1,28.3,0,12.9,31.8,0.573,0
BIN-0141,2353,1.12,24.9,0,5.0,41.7,0.583,0
BIN-0062,2481,0.72,21.2,0,46.7,82.7,1.0,1
BIN-0137,4243,2.51,18.3,0,37.4,63.0,1.0,1
BIN-0056,3961,1.0,17.8,0,39.6,24.5,1.0,1
BIN-0102,1984,0.72,31.5,0,14.3,13.2,0.424,0
BIN-0047,1275,6.47,32.1,0,22.8,63.9,0.954,1
BIN-0084,2778,3.72,32.6,0,5.7,44.5,0.597,0
BIN-0150,2660,0.16,38.8,1,15.2,27.9,0.965,1
BIN-0067,1516,11.71,29.1,0,22.2,8.0,0.455,0
BIN-0049,534,2.82,27.3,0,23.9,78.4,1.0,1
BIN-0119,4127,3.85,34.3,0,37.0,43.2,1.0,1
BIN-0046,3056,4.12,21.5,0,24.9,21.1,1.0,1
BIN-0068,837,7.09,11.6,1,34.8,37.9,0.828,0
BIN-0082,4974,9.74,24.6,0,21.6,32.6,1.0,1
BIN-0031,3702,0.01,18.8,1,2.2,64.0,0.724,0
BIN-0150,2660,20.11,29.9,0,29.7,45.0,1.0,1
BIN-0060,661,17.14,24.7,0,15.9,37.2,0.53,0
BIN-0088,2954,5.39,19.5,0,11.3,29.7,0.699,0
BIN-0126,2737,2.31,34.3,0,38.6,56.7,1.0,1
BIN-0118,3193,5.7,16.7,0,47.0,45.3,1.0,1
BIN-0067,1516,1.46,29.8,0,29.9,86.0,1.0,1
BIN-0045,1978,6.98,41.3,0,24.8,93.1,1.0,1
BIN-0047,1275,2.06,40.1,0,5.0,50.5,0.587,0
BIN-0004,966,0.03,24.6,0,26.9,29.4,0.551,0
BIN-0086,700,10.18,24.9,1,30.8,71.7,1.0,1
BIN-0063,1495,1.2,22.7,0,17.0,19.5,0.355,0
BIN-0094,3190,8.32,29.3,0,5.3,34.9,0.581,0
BIN-0012,2891,4.43,15.7,0,30.8,93.3,1.0,1
BIN-0011,1269,4.54,27.8,1,27.9,86.4,1.0,1
BIN-0053,4443,0.11,27.1,0,37.0,11.9,1.0,1
BIN-0082,4974,6.81,32.8,0,44.6,71.2,1.0,1
BIN-0113,3657,8.87,20.2,0,26.3,40.2,1.0,1
BIN-0123,2029,2.86,26.8,0,28.6,91.0,1.0,1
BIN-0091,3231,2.71,35.9,0,25.7,72.9,1.0,1
BIN-0080,1995,3.24,11.6,0,14.7,5.0,0.412,0
BIN-0060,661,2.52,36.9,0,17.6,62.5,0.714,0
BIN-0127,1806,3.38,30.8,0,11.4,85.9,1.0,1
BIN-0070,1576,0.77,32.7,1,22.3,26.8,0.866,0
BIN-0099,1370,1.23,26.3,0,27.3,69.4,1.0,1
BIN-0039,2561,2.8,22.1,0,25.4,12.2,0.789,0
BIN-0115,3229,1.84,23.6,0,39.8,8.1,1.0,1
BIN-0007,3671,1.96,35.3,0,38.7,95.4,1.0,1
BIN-0053,4443,2.62,25.3,0,15.9,22.4,1.0,1
BIN-0056,3961,2.35,23.0,0,46.2,93.8,1.0,1
BIN-0027,3505,1.96,25.2,0,23.7,48.3,1.0,1
BIN-0012,2891,12.28,36.5,1,16.1,9.0,0.926,1
BIN-0032,4056,2.08,20.3,0,18.9,67.3,1.0,1
BIN-0128,4529,2.7,37.8,0,27.5,82.4,1.0,1
BIN-0113,3657,9.04,17.6,1,32.6,45.2,1.0,1
BIN-0144,3957,3.81,23.0,0,35.1,19.2,1.0,1
BIN-0046,3056,15.98,34.0,0,39.2,14.9,1.0,1
BIN-0142,1791,1.25,27.8,0,36.7,18.9,0.742,0
BIN-0019,1582,7.18,21.7,0,37.3,38.5,1.0,1
BIN-0008,3419,1.02,29.2,0,30.7,13.7,1.0,1
BIN-0131,1209,19.42,19.3,0,4.1,29.4,0.358,0
BIN-0029,1767,1.53,30.8,0,20.6,70.9,1.0,1
BIN-0031,3702,0.88,18.5,0,29.2,29.4,1.0,1
BIN-0079,3195,3.16,31.8,0,38.4,29.9,1.0,1
BIN-0076,564,2.75,23.1,0,41.2,79.3,1.0,1
BIN-0095,4340,1.75,14.9,0,22.6,3.9,1.0,1
BIN-0060,661,0.1,14.5,0,16.1,37.5,0.443,0
BIN-0021,2547,2.36,22.7,0,16.2,20.9,0.706,0
BIN-0123,2029,1.69,27.2,1,33.8,67.4,1.0,1
BIN-0051,2455,0.63,23.6,0,26.2,51.9,1.0,1
BIN-0040,741,0.04,15.0,1,11.4,19.2,0.319,0
BIN-0118,3193,3.93,13.0,0,35.7,2.1,1.0,1
BIN-0105,1063,8.92,5.9,0,34.9,76.2,1.0,1
BIN-0085,3599,8.5,23.0,0,37.9,3.9,1.0,1
BIN-0037,1100,6.04,11.5,0,5.3,29.3,0.351,0
BIN-0103,1363,2.14,27.5,0,34.1,90.8,1.0,1
BIN-0113,3657,6.96,24.4,0,22.5,42.8,1.0,1
BIN-0042,3324,1.03,20.4,0,13.0,43.4,0.979,1
BIN-0063,1495,2.78,35.5,0,25.7,29.2,0.687,0
BIN-0093,2070,22.82,10.4,0,14.7,82.0,1.0,1
BIN-0088,2954,4.65,35.2,0,10.9,35.6,0.668,0
BIN-0011,1269,2.11,17.0,0,11.0,96.3,1.0,1
BIN-0083,4061,0.59,29.7,0,7.5,76.0,1.0,1
BIN-0116,2097,3.15,24.6,0,22.7,32.2,0.845,0
BIN-0001,1360,6.17,36.0,0,33.6,31.9,0.854,0
BIN-0068,837,1.01,19.0,0,19.4,39.3,0.6,0
BIN-0082,4974,6.37,16.6,0,11.6,67.1,1.0,1
BIN-0124,2538,16.42,23.0,0,32.1,7.7,1.0,1
BIN-0004,966,1.33,28.5,0,47.9,28.2,0.739,0
BIN-0038,2863,2.44,25.4,0,14.5,16.1,0.524,0
BIN-0029,1767,3.6,18.0,0,41.0,38.0,1.0,1
BIN-0011,1269,8.2,25.7,0,20.9,26.9,0.556,0
BIN-0072,879,0.73,28.7,0,46.5,8.9,0.495,0
BIN-0052,2085,7.68,33.0,1,3.0,15.5,0.354,0
BIN-0094,3190,0.9,24.2,1,7.1,10.2,0.425,0
BIN-0042,3324,2.05,30.2,0,19.4,92.4,1.0,1
BIN-0037,1100,13.18,18.0,0,30.6,4.7,0.432,0
BIN-0103,1363,2.35,31.1,0,2.1,63.6,0.696,0
BIN-0010,2185,1.43,29.2,0,12.3,21.1,0.485,0
BIN-0068,837,2.48,21.1,0,38.0,54.2,0.901,1
BIN-0072,879,5.03,22.4,0,47.5,35.0,0.807,0
BIN-0150,2660,3.8,24.0,0,4.2,96.7,1.0,1
BIN-0127,1806,0.47,24.6,0,2.6,29.8,0.384,0
BIN-0089,4145,0.22,13.1,0,29.3,76.1,1.0,1
BIN-0114,3125,8.07,31.9,0,13.0,88.3,1.0,1
BIN-0045,1978,0.2,19.9,0,22.3,83.6,1.0,1
BIN-0114,3125,16.05,18.5,0,20.9,45.9,1.0,1
BIN-0048,4514,8.88,28.6,0,5.6,83.7,1.0,1
BIN-0095,4340,0.46,27.6,0,15.0,73.4,1.0,1
BIN-0082,4974,16.4,40.0,0,4.5,95.3,1.0,1
BIN-0051,2455,9.31,32.2,1,39.1,95.9,1.0,1
BIN-0086,700,4.11,25.7,0,42.2,72.5,1.0,1
BIN-0112,3814,0.53,21.7,1,22.8,18.9,1.0,1
BIN-0124,2538,7.46,23.8,0,24.5,16.4,0.895,0
BIN-0006,3944,10.92,10.8,0,4.8,15.4,0.337,0
BIN-0068,837,8.48,18.5,0,45.4,8.6,0.562,0
BIN-0126,2737,3.04,5.6,0,19.8,52.8,1.0,1
BIN-0146,4196,2.14,12.7,0,25.2,66.9,1.0,1
BIN-0035,3388,15.0,26.2,0,21.8,61.0,1.0,1
BIN-0109,3742,6.61,26.7,0,41.2,19.3,1.0,1
BIN-0103,1363,0.12,35.5,0,40.4,53.9,1.0,1
BIN-0064,3842,4.39,20.0,0,21.0,33.4,1.0,1
BIN-0001,1360,7.19,19.0,0,19.2,77.5,0.991,1
BIN-0142,1791,1.82,28.1,0,32.7,80.2,1.0,1
BIN-0127,1806,0.5,17.2,0,47.2,31.7,1.0,1
BIN-0049,534,3.8,20.7,0,24.5,43.7,0.654,0
BIN-0090,1304,8.47,31.0,0,47.5,93.5,1.0,1
BIN-0114,3125,2.81,22.7,0,42.9,70.3,1.0,1
BIN-0144,3957,0.67,24.3,0,45.6,70.0,1.0,1
BIN-0099,1370,4.73,15.7,0,31.1,63.7,1.0,1
BIN-0133,4248,1.69,22.3,0,23.0,94.9,1.0,1
BIN-0048,4514,5.62,15.2,0,38.8,15.7,1.0,1
BIN-0042,3324,19.18,17.2,0,26.6,84.4,1.0,1
BIN-0087,3604,8.91,29.7,0,5.2,71.4,0.873,0
BIN-0085,3599,5.93,28.3,0,27.5,82.8,1.0,1
BIN-0053,4443,6.31,13.3,0,34.0,23.1,1.0,1
BIN-0137,4243,7.7,11.7,0,16.4,71.3,1.0,1
BIN-0017,3404,2.08,26.4,0,12.0,43.8,0.914,1
BIN-0001,1360,2.89,30.7,0,45.5,99.8,1.0,1
BIN-0131,1209,2.64,31.6,0,39.1,53.4,0.992,1
BIN-0119,4127,0.41,21.3,0,7.0,5.2,0.35,0
BIN-0100,4988,2.14,20.8,0,10.5,19.2,0.758,0
BIN-0081,891,1.2,17.2,0,26.5,28.2,0.63,0
BIN-0098,4993,5.66,20.7,0,31.7,90.4,1.0,1
BIN-0122,2163,8.13,15.9,0,15.7,79.8,1.0,1
BIN-0148,3652,6.69,37.4,0,44.0,58.7,1.0,1
BIN-0016,4617,9.94,27.8,0,34.0,80.9,1.0,1
BIN-0121,2481,1.18,29.0,0,35.8,37.9,1.0,1
BIN-0088,2954,11.73,38.6,0,25.2,39.9,1.0,1
BIN-0066,1775,7.8,27.5,0,28.8,84.2,1.0,1
BIN-0037,1100,4.11,28.9,0,31.2,80.9,1.0,1
BIN-0103,1363,0.37,16.5,0,33.7,97.0,1.0,1
BIN-0013,2933,8.13,26.9,0,32.0,30.6,1.0,1
BIN-0056,3961,22.35,26.0,0,36.7,27.1,1.0,1
BIN-0028,2399,8.21,33.9,1,45.6,68.3,1.0,1
BIN-0059,2000,0.2,34.2,0,32.4,2.4,0.669,0
BIN-0007,3671,12.54,9.3,0,23.8,73.0,1.0,1
BIN-0137,4243,0.52,15.6,0,20.5,66.5,1.0,1
BIN-0089,4145,2.68,16.0,0,37.3,43.6,1.0,1
BIN-0044,1863,0.21,22.4,0,24.1,58.6,0.971,1
BIN-0028,2399,7.87,12.0,0,5.0,53.1,0.587,0
BIN-0090,1304,2.54,41.5,0,17.2,85.0,1.0,1
BIN-0021,2547,2.41,23.7,0,23.6,56.0,1.0,1
BIN-0117,3560,7.06,10.9,0,37.8,53.6,1.0,1
BIN-0048,4514,5.27,16.0,0,17.6,3.4,0.839,0
BIN-0094,3190,3.67,26.2,0,26.5,62.7,1.0,1
BIN-0090,1304,8.95,34.1,0,43.8,25.5,0.936,1
BIN-0082,4974,8.44,30.3,0,4.6,48.2,0.738,0
BIN-0029,1767,28.89,17.8,0,16.2,9.8,0.607,0
BIN-0035,3388,3.45,23.9,0,42.1,4.9,1.0,1
BIN-0101,706,0.79,28.6,0,36.1,88.2,1.0,1
BIN-0011,1269,24.48,22.3,0,30.7,88.5,1.0,1
BIN-0090,1304,6.57,31.6,0,26.1,65.0,1.0,1
BIN-0058,4343,4.24,24.4,0,25.0,69.7,1.0,1
BIN-0128,4529,7.89,30.7,0,8.0,84.2,1.0,1
BIN-0010,2185,2.79,40.8,0,35.9,34.2,1.0,1
BIN-0072,879,2.94,24.7,1,38.7,44.2,0.988,1
BIN-0072,879,7.53,21.3,0,15.0,10.9,0.296,0
BIN-0095,4340,5.0,39.3,0,17.0,95.6,1.0,1
BIN-0003,3592,15.64,27.5,0,29.0,83.8,1.0,1
BIN-0003,3592,6.7,25.5,0,11.1,24.5,0.77,0
BIN-0096,1528,0.09,34.6,0,2.5,47.0,0.485,0
BIN-0062,2481,17.34,25.6,0,25.6,76.2,1.0,1
BIN-0107,2257,16.0,26.0,0,25.0,12.5,0.804,0
BIN-0121,2481,18.82,25.4,0,13.2,63.8,1.0,1
BIN-0010,2185,1.67,23.3,1,19.8,46.3,1.0,1
BIN-0069,1378,5.13,25.7,0,19.5,17.6,0.496,0
BIN-0100,4988,0.38,18.4,0,10.2,30.8,0.791,0
BIN-0048,4514,1.65,38.0,0,10.4,68.6,1.0,1
BIN-0053,4443,6.2,21.4,0,37.8,67.0,1.0,1
BIN-0003,3592,5.99,22.7,0,26.8,63.0,1.0,1
BIN-0113,3657,4.22,18.7,0,17.2,82.1,1.0,1
BIN-0063,1495,2.29,21.0,0,35.7,47.0,0.994,1
BIN-0074,2562,1.59,28.0,0,6.4,73.4,0.854,0
BIN-0089,4145,24.01,35.3,0,13.9,35.5,1.0,1
BIN-0059,2000,4.48,14.0,0,41.3,59.9,1.0,1
BIN-0109,3742,4.93,40.7,0,40.0,92.0,1.0,1
BIN-0130,1782,6.81,24.5,0,34.0,35.2,1.0,1
BIN-0003,3592,3.9,27.7,0,8.4,65.8,1.0,1
BIN-0113,3657,1.55,23.1,0,14.4,65.0,1.0,1
BIN-0096,1528,9.75,28.6,1,25.9,55.3,1.0,1
BIN-0026,3234,15.71,17.0,0,2.6,80.7,0.995,1
BIN-0039,2561,6.78,18.8,0,47.2,21.7,1.0,1
BIN-0111,2222,6.07,26.0,0,2.1,27.8,0.401,0
BIN-0131,1209,5.46,20.9,0,18.3,14.8,0.374,0
BIN-0074,2562,2.06,22.2,0,2.4,96.8,1.0,1
BIN-0012,2891,6.36,17.5,0,8.0,40.1,0.683,0
BIN-0123,2029,2.72,36.0,0,2.9,19.8,0.211,0
BIN-0066,1775,0.68,27.0,1,13.7,48.8,0.875,0
BIN-0123,2029,0.33,29.7,0,22.9,13.4,0.608,0
BIN-0124,2538,4.81,27.8,0,47.3,45.6,1.0,1
BIN-0060,661,10.34,25.8,0,12.5,63.9,0.794,0
BIN-0025,689,4.07,18.5,0,14.3,82.1,0.972,1
BIN-0030,2028,10.25,28.8,0,46.1,3.8,1.0,1
BIN-0037,1100,1.17,17.3,1,42.9,82.3,1.0,1
BIN-0095,4340,3.38,37.3,1,29.9,72.1,1.0,1
BIN-0027,3505,6.89,36.3,0,3.9,15.5,0.332,0
BIN-0092,3273,1.81,25.8,0,24.6,57.5,1.0,1
BIN-0145,2136,5.44,8.2,0,35.5,39.4,1.0,1
BIN-0127,1806,12.64,13.2,1,10.7,4.8,0.422,0
BIN-0079,3195,1.65,14.9,0,27.4,90.5,1.0,1
BIN-0084,2778,3.49,18.9,0,43.6,51.6,1.0,1
BIN-0037,1100,4.01,16.7,1,6.5,79.0,1.0,1
BIN-0011,1269,2.93,19.8,0,43.9,10.3,0.61,0
BIN-0062,2481,1.7,33.9,0,41.0,26.6,1.0,1
BIN-0135,2498,1.21,39.9,0,46.1,60.5,1.0,1
BIN-0012,2891,1.92,17.5,0,27.3,15.1,1.0,1
BIN-0124,2538,0.0,18.5,0,4.8,95.3,1.0,1
BIN-0002,4272,7.75,3.4,0,40.7,20.0,1.0,1
BIN-0028,2399,2.95,23.5,0,15.1,34.3,0.683,0
BIN-0038,2863,15.41,29.5,0,47.3,36.8,1.0,1
BIN-0083,4061,6.93,16.0,1,2.4,58.4,0.722,0
BIN-0011,1269,3.33,30.6,0,42.9,35.6,1.0,1
BIN-0067,1516,12.76,24.8,0,8.0,31.0,0.55,0
BIN-0144,3957,0.91,26.7,0,31.1,95.1,1.0,1
BIN-0118,3193,4.37,21.5,0,30.9,5.3,1.0,1
BIN-0103,1363,0.6,20.4,0,42.3,43.8,0.997,1
BIN-0025,689,0.99,33.6,0,5.7,86.2,0.901,1
BIN-0050,3652,0.52,30.4,0,32.7,11.3,1.0,1
BIN-0118,3193,1.4,22.9,0,32.0,16.8,1.0,1
BIN-0011,1269,3.77,27.7,1,2.8,43.8,0.597,0
BIN-0093,2070,1.23,21.9,0,33.1,26.7,0.979,1
BIN-0073,992,2.57,27.7,0,35.5,22.9,0.57,0
BIN-0087,3604,0.17,27.3,0,44.7,57.5,1.0,1
BIN-0027,3505,0.97,21.8,0,38.7,19.1,1.0,1
BIN-0111,2222,2.44,41.1,0,18.4,57.1,1.0,1
BIN-0057,3113,3.39,24.5,1,15.3,99.3,1.0,1
BIN-0016,4617,2.13,29.4,0,23.7,58.0,1.0,1
BIN-0026,3234,0.11,21.4,1,44.3,20.1,1.0,1
BIN-0005,4926,2.4,19.9,0,31.8,75.6,1.0,1
BIN-0050,3652,3.36,32.6,0,46.9,47.8,1.0,1
BIN-0102,1984,5.87,15.3,0,22.8,77.2,1.0,1
BIN-0065,4298,8.16,13.4,0,3.8,79.8,1.0,1
BIN-0078,2527,17.88,22.5,0,13.1,37.7,0.769,0
BIN-0024,2306,1.31,30.7,1,16.9,68.8,1.0,1
BIN-0099,1370,2.18,12.0,0,9.2,35.3,0.5,0
BIN-0116,2097,6.13,25.6,0,8.5,62.3,0.798,0
BIN-0015,3885,9.04,19.5,0,42.9,64.1,1.0,1
BIN-0118,3193,6.74,25.5,0,17.1,47.2,1.0,1
BIN-0001,1360,1.49,21.0,0,25.8,20.6,0.555,0
BIN-0083,4061,0.19,31.0,0,11.5,25.7,0.69,0
BIN-0072,879,1.17,34.8,0,23.2,90.0,1.0,1
BIN-0013,2933,6.76,27.9,0,23.1,72.4,1.0,1
BIN-0105,1063,11.81,16.5,0,36.1,79.1,1.0,1
BIN-0093,2070,0.55,18.8,0,22.2,47.4,0.94,1
BIN-0149,1198,0.48,28.5,0,5.8,94.4,0.978,1
BIN-0040,741,6.85,2.0,0,34.8,60.7,0.864,0
BIN-0075,4384,1.5,29.8,0,33.4,17.3,1.0,1
BIN-0003,3592,5.66,19.7,0,33.2,88.9,1.0,1
BIN-0045,1978,3.63,23.3,0,31.9,75.8,1.0,1
BIN-0124,2538,1.25,41.3,0,38.9,73.9,1.0,1
BIN-0135,2498,21.06,32.7,0,28.7,79.0,1.0,1
BIN-0084,2778,4.46,27.8,0,10.6,3.1,0.365,0
BIN-0005,4926,2.52,28.4,0,32.0,48.4,1.0,1
BIN-0130,1782,1.48,33.1,0,6.5,57.2,0.732,0
BIN-0123,2029,5.3,29.6,0,25.6,64.5,1.0,1
BIN-0081,891,0.94,21.2,0,26.0,3.4,0.34,0
BIN-0071,4493,0.17,35.0,0,29.7,21.0,1.0,1
BIN-0116,2097,13.13,32.1,1,45.4,89.5,1.0,1
BIN-0038,2863,5.71,33.3,0,14.3,97.9,1.0,1
BIN-0099,1370,2.57,24.8,0,36.8,28.0,0.787,0
BIN-0123,2029,12.38,32.0,0,18.2,11.4,0.563,0
BIN-0142,1791,2.32,29.6,0,47.7,75.6,1.0,1
BIN-0031,3702,15.45,16.3,0,2.9,55.5,0.676,0
BIN-0086,700,0.89,30.5,0,21.4,42.3,0.616,0
BIN-0097,1002,9.09,26.1,0,38.2,14.8,0.556,0
BIN-0066,1775,2.28,29.7,0,42.9,19.9,0.944,1
BIN-0060,661,1.86,16.9,1,25.8,46.0,0.759,0
BIN-0099,1370,0.66,10.8,0,17.4,41.9,0.559,0
BIN-0025,689,4.22,21.2,0,9.5,6.0,0.112,0
BIN-0063,1495,1.6,11.1,0,4.2,4.6,0.146,0
BIN-0007,3671,2.85,33.8,0,11.3,18.5,0.541,0
BIN-0017,3404,2.95,12.2,0,15.2,35.1,0.893,0
BIN-0136,3945,5.71,15.9,0,14.2,39.6,1.0,1
BIN-0075,4384,9.87,13.9,0,29.0,39.3,1.0,1
BIN-0004,966,5.86,33.0,0,11.7,26.0,0.475,0
BIN-0090,1304,0.77,23.0,0,16.0,33.0,0.591,0
BIN-0112,3814,0.59,23.0,0,36.0,61.4,1.0,1
BIN-0147,3499,8.38,27.6,0,31.5,50.6,1.0,1
BIN-0070,1576,6.65,38.2,0,17.0,2.1,0.38,0
BIN-0080,1995,1.54,26.2,1,6.6,82.1,0.993,1
BIN-0034,1146,4.08,32.1,0,21.1,61.5,0.768,0
BIN-0051,2455,0.27,21.4,0,9.0,65.4,0.884,0
BIN-0129,3175,0.11,27.3,0,6.4,8.6,0.282,0
BIN-0012,2891,6.8,24.4,0,14.8,75.8,1.0,1
BIN-0106,4691,6.56,26.4,0,19.7,19.3,1.0,1
BIN-0100,4988,0.15,40.2,0,20.5,9.7,1.0,1
BIN-0031,3702,2.76,27.9,0,43.6,3.0,1.0,1
BIN-0136,3945,1.83,23.8,0,9.1,67.2,1.0,1
BIN-0027,3505,14.06,26.8,0,22.9,78.5,1.0,1
BIN-0099,1370,3.55,12.1,0,3.2,68.9,0.749,0
BIN-0015,3885,0.91,19.5,0,15.7,97.6,1.0,1
BIN-0062,2481,6.12,25.2,0,38.6,83.3,1.0,1
BIN-0101,706,5.8,36.8,0,12.6,4.8,0.144,0
BIN-0093,2070,2.72,38.7,0,9.0,2.0,0.203,0
BIN-0116,2097,1.6,23.9,0,24.9,96.5,1.0,1
BIN-0061,4797,5.61,25.1,1,25.9,96.4,1.0,1
BIN-0013,2933,6.47,6.3,0,30.2,15.0,1.0,1
BIN-0043,3112,24.76,20.3,1,38.6,42.9,1.0,1
BIN-0027,3505,11.24,21.9,0,38.2,5.0,1.0,1
BIN-0004,966,0.01,25.7,0,10.3,23.3,0.283,0
BIN-0044,1863,4.99,29.9,0,16.2,65.2,0.886,0
BIN-0146,4196,1.82,35.6,0,4.1,70.9,0.914,1
BIN-0076,564,0.6,18.3,0,12.3,3.1,0.143,0
BIN-0022,3247,2.04,28.0,0,23.5,95.7,1.0,1
BIN-0019,1582,1.85,32.3,1,2.5,39.3,0.369,0
BIN-0099,1370,12.11,12.3,0,43.3,21.8,0.895,0
BIN-0036,2935,8.64,24.7,0,19.2,71.4,1.0,1
BIN-0033,4390,0.11,21.8,0,39.8,20.6,1.0,1
BIN-0111,2222,13.01,31.8,0,30.5,23.9,1.0,1
BIN-0101,706,8.24,24.9,0,34.0,50.9,0.859,0
BIN-0105,1063,7.53,30.5,0,33.2,47.5,0.848,0
BIN-0071,4493,2.05,30.7,0,34.6,14.8,1.0,1
BIN-0108,2178,12.87,23.7,0,16.2,76.6,1.0,1
BIN-0022,3247,18.67,23.8,0,30.8,54.4,1.0,1
BIN-0054,3573,2.52,39.3,0,40.8,53.5,1.0,1
BIN-0036,2935,17.24,29.7,0,13.7,23.0,0.788,0
BIN-0108,2178,3.32,37.4,0,22.2,53.5,1.0,1
BIN-0032,4056,12.46,23.7,0,21.4,26.2,1.0,1
BIN-0022,3247,3.95,23.8,1,39.1,3.7,1.0,1
BIN-0086,700,2.14,43.8,0,35.4,66.2,0.953,1
BIN-0020,3058,0.43,19.6,0,15.5,24.2,0.796,0
BIN-0001,1360,21.65,27.1,0,2.6,90.0,0.861,0
BIN-0065,4298,0.2,21.5,0,41.0,1.1,1.0,1
BIN-0015,3885,9.23,31.6,0,10.4,80.2,1.0,1
BIN-0046,3056,6.15,11.6,0,5.3,50.2,0.702,0
BIN-0088,2954,0.51,18.9,0,21.5,54.8,1.0,1
BIN-0117,3560,0.99,22.4,0,46.4,25.6,1.0,1
BIN-0128,4529,1.41,30.8,0,20.7,43.5,1.0,1
BIN-0092,3273,2.58,29.7,0,44.8,46.6,1.0,1
BIN-0047,1275,3.04,29.1,0,17.7,31.8,0.633,0
BIN-0143,4081,11.9,37.6,0,4.2,58.6,0.732,0
BIN-0090,1304,2.69,21.1,1,5.0,74.1,0.836,0
BIN-0126,2737,14.86,35.1,0,15.8,59.6,1.0,1
BIN-0033,4390,5.69,20.7,0,29.3,3.6,1.0,1
BIN-0017,3404,16.02,18.2,0,47.5,6.7,1.0,1
BIN-0072,879,6.24,22.2,0,46.1,57.7,1.0,1
BIN-0042,3324,7.03,24.7,0,20.9,78.1,1.0,1
BIN-0087,3604,5.4,34.1,0,27.5,67.9,1.0,1
BIN-0080,1995,9.42,25.1,0,30.5,30.9,1.0,1
BIN-0093,2070,2.09,30.6,1,41.9,21.8,1.0,1
BIN-0003,3592,3.74,24.4,0,10.9,9.1,0.469,0
BIN-0142,1791,2.46,18.8,0,33.4,38.6,0.993,1
BIN-0064,3842,3.84,12.2,0,3.1,43.2,0.575,0
BIN-0102,1984,1.48,20.4,0,31.8,95.0,1.0,1
BIN-0008,3419,7.9,32.1,0,47.0,10.0,1.0,1
BIN-0090,1304,2.39,28.2,0,3.0,2.8,0.078,0
BIN-0104,3290,6.41,29.3,0,15.9,78.0,1.0,1
BIN-0023,1475,3.28,25.9,1,20.3,23.0,0.811,0
BIN-0056,3961,2.19,16.3,0,14.9,60.5,1.0,1
BIN-0069,1378,13.06,37.3,0,4.6,12.5,0.177,0
BIN-0067,1516,5.16,19.8,0,28.6,91.9,1.0,1
BIN-0055,1521,0.3,35.0,0,19.8,81.6,1.0,1
BIN-0133,4248,0.63,42.7,0,34.8,5.7,1.0,1
BIN-0063,1495,5.88,32.3,1,12.9,27.0,0.641,0
BIN-0071,4493,4.49,24.3,0,31.9,61.9,1.0,1
BIN-0095,4340,7.18,46.6,0,33.8,47.1,1.0,1
BIN-0083,4061,0.21,35.8,0,21.3,98.4,1.0,1
BIN-0038,2863,16.56,16.0,0,5.3,42.8,0.689,0
BIN-0150,2660,3.25,30.6,0,34.4,71.6,1.0,1
BIN-0122,2163,11.28,19.5,0,30.5,60.9,1.0,1
BIN-0140,4263,5.27,19.3,0,28.0,7.7,1.0,1
BIN-0095,4340,5.94,22.9,0,2.6,79.7,0.997,1
BIN-0034,1146,2.21,24.9,0,37.5,39.3,0.736,0
BIN-0012,2891,4.29,34.3,0,17.8,32.5,0.948,1
BIN-0026,3234,0.3,27.1,0,46.8,95.7,1.0,1
BIN-0047,1275,0.06,21.3,0,3.8,77.1,0.856,0
BIN-0046,3056,1.92,24.2,0,13.6,6.8,0.43,0
BIN-0083,4061,17.36,15.6,0,46.9,22.4,1.0,1
BIN-0130,1782,2.48,36.7,0,28.7,51.5,0.998,1
BIN-0070,1576,8.84,21.4,0,32.6,64.6,1.0,1
BIN-0098,4993,3.23,37.4,1,36.7,17.9,1.0,1
BIN-0134,1163,2.49,4.6,0,43.2,33.2,0.817,0
BIN-0095,4340,2.07,13.2,0,20.0,30.8,1.0,1
BIN-0133,4248,0.1,30.9,0,44.3,71.3,1.0,1
BIN-0098,4993,22.32,32.0,0,29.7,98.4,1.0,1
BIN-0060,661,2.11,15.0,0,36.0,44.1,0.669,0
BIN-0007,3671,1.8,16.8,0,40.2,79.8,1.0,1
BIN-0109,3742,4.63,19.5,0,20.8,29.5,1.0,1
BIN-0140,4263,3.68,27.8,0,29.6,85.6,1.0,1
BIN-0060,661,3.15,28.7,0,25.2,9.4,0.333,0
BIN-0094,3190,5.66,34.6,0,21.9,81.9,1.0,1
BIN-0060,661,14.72,24.2,0,21.8,50.3,0.674,0
BIN-0107,2257,2.49,32.9,0,12.7,31.5,0.59,0
BIN-0071,4493,0.72,39.3,0,34.4,14.0,1.0,1
BIN-0043,3112,9.17,30.6,0,17.1,20.6,0.796,0
BIN-0117,3560,6.67,14.3,0,29.3,2.5,1.0,1
BIN-0012,2891,6.06,9.1,0,29.2,56.5,1.0,1
BIN-0124,2538,3.91,4.2,0,22.0,54.1,1.0,1
BIN-0057,3113,2.04,20.9,0,20.3,96.4,1.0,1
BIN-0127,1806,39.1,24.3,0,6.5,79.4,0.981,1
BIN-0058,4343,1.38,16.1,0,6.3,42.6,0.671,0
BIN-0141,2353,2.97,23.0,1,8.8,85.0,1.0,1
BIN-0022,3247,0.14,27.2,0,26.0,60.0,1.0,1
BIN-0105,1063,11.93,22.8,0,46.1,98.1,1.0,1
BIN-0027,3505,0.62,20.8,0,29.4,36.2,1.0,1
BIN-0091,3231,1.44,34.3,0,32.8,11.1,1.0,1
BIN-0034,1146,2.15,18.3,0,48.0,29.5,0.832,0
BIN-0114,3125,2.14,14.3,0,4.2,33.2,0.428,0
BIN-0104,3290,3.43,19.9,0,29.4,27.6,1.0,1
BIN-0014,1684,0.89,18.4,0,29.2,88.1,1.0,1
BIN-0022,3247,6.47,41.4,0,31.8,38.2,1.0,1
BIN-0005,4926,0.44,13.1,0,31.6,2.7,1.0,1
BIN-0004,966,5.54,28.4,0,46.7,91.1,1.0,1
BIN-0070,1576,5.03,15.4,0,3.2,24.6,0.256,0
BIN-0081,891,12.14,21.2,0,36.6,79.0,1.0,1
BIN-0023,1475,3.49,23.3,0,32.2,78.5,1.0,1
BIN-0018,974,6.61,23.3,0,23.5,92.8,1.0,1
BIN-0114,3125,6.24,15.2,0,13.6,98.4,1.0,1
BIN-0092,3273,2.33,28.2,0,33.6,19.2,1.0,1
BIN-0011,1269,1.53,34.3,0,42.1,36.3,0.902,1
BIN-0101,706,3.48,27.1,0,47.1,17.9,0.554,0
BIN-0049,534,1.96,22.9,0,9.2,27.0,0.399,0
BIN-0077,3068,1.96,39.7,0,30.4,66.5,1.0,1
BIN-0101,706,2.95,34.4,0,18.8,71.6,0.895,0
BIN-0122,2163,2.72,23.2,1,23.1,96.4,1.0,1
BIN-0053,4443,0.55,16.4,0,30.7,72.6,1.0,1
BIN-0038,2863,3.79,18.7,0,34.8,5.3,1.0,1
BIN-0032,4056,8.96,29.5,0,20.6,19.9,1.0,1
BIN-0096,1528,6.1,19.0,0,32.5,94.2,1.0,1
BIN-0108,2178,5.08,30.5,0,4.3,78.2,0.925,1
BIN-0084,2778,16.16,30.9,0,14.7,73.1,1.0,1
BIN-0075,4384,0.54,29.4,0,21.0,30.4,1.0,1
BIN-0015,3885,1.26,38.4,0,23.9,89.1,1.0,1
BIN-0049,534,0.22,39.9,0,48.0,19.5,0.411,0
BIN-0007,3671,17.07,25.4,0,38.0,38.1,1.0,1
BIN-0036,2935,0.28,15.1,1,41.0,40.0,1.0,1
BIN-0005,4926,0.27,22.4,0,9.8,51.5,1.0,1
BIN-0150,2660,0.94,12.2,0,32.3,22.6,1.0,1
BIN-0002,4272,4.31,29.8,1,26.3,54.1,1.0,1
BIN-0116,2097,8.24,31.7,0,18.7,84.1,1.0,1
BIN-0139,3804,2.74,30.0,1,9.7,26.2,0.859,0
BIN-0008,3419,4.71,24.0,0,28.0,92.2,1.0,1
BIN-0064,3842,3.14,35.9,0,31.8,97.1,1.0,1
BIN-0148,3652,12.95,39.3,0,28.0,32.7,1.0,1
BIN-0105,1063,5.3,34.6,0,31.5,7.4,0.576,0
BIN-0095,4340,7.55,19.9,0,22.7,87.1,1.0,1
BIN-0053,4443,2.11,32.7,0,17.2,66.7,1.0,1
BIN-0087,3604,0.33,29.7,0,5.4,65.4,0.874,0
BIN-0087,3604,1.6,23.1,0,38.3,4.0,1.0,1
BIN-0112,3814,5.42,21.2,0,31.9,9.1,1.0,1
BIN-0060,661,5.14,15.8,0,10.6,46.8,0.495,0
BIN-0009,630,7.6,33.2,1,10.0,47.9,0.578,0
BIN-0128,4529,7.18,14.1,0,23.3,29.5,1.0,1
BIN-0028,2399,0.14,20.1,0,35.2,28.0,1.0,1
BIN-0025,689,4.43,17.2,0,18.1,92.9,1.0,1
BIN-0145,2136,11.35,35.1,0,9.4,43.4,0.711,0
BIN-0022,3247,11.57,29.7,1,43.0,88.5,1.0,1
BIN-0072,879,11.79,21.5,0,15.7,41.7,0.578,0
BIN-0078,2527,1.18,34.6,0,17.0,66.4,1.0,1
BIN-0035,3388,6.36,38.9,0,5.1,77.1,0.984,1
BIN-0146,4196,4.4,21.8,0,29.0,82.6,1.0,1
BIN-0027,3505,4.54,34.5,0,31.0,13.0,1.0,1
BIN-0029,1767,2.77,23.8,0,15.9,99.7,1.0,1
BIN-0054,3573,4.97,15.3,0,9.8,24.6,0.599,0
BIN-0034,1146,2.01,10.8,0,41.7,88.5,1.0,1
BIN-0115,3229,3.19,26.4,0,25.8,78.5,1.0,1
BIN-0081,891,0.59,29.7,0,10.8,27.2,0.404,0
BIN-0012,2891,9.79,26.7,0,20.3,27.0,0.866,0
BIN-0147,3499,6.08,29.3,0,12.7,75.4,1.0,1
BIN-0056,3961,5.73,18.9,0,33.3,78.1,1.0,1
BIN-0044,1863,0.23,29.5,0,12.7,81.1,1.0,1
BIN-0110,1559,8.45,17.1,0,26.5,82.5,1.0,1
BIN-0081,891,4.34,26.8,0,42.9,5.6,0.365,0
BIN-0035,3388,6.02,35.4,0,46.4,34.6,1.0,1
BIN-0087,3604,4.61,29.8,0,46.6,56.4,1.0,1
BIN-0109,3742,5.2,28.1,0,41.5,73.2,1.0,1
BIN-0104,3290,1.93,35.7,1,26.3,35.5,1.0,1
BIN-0112,3814,7.71,9.2,0,36.8,6.6,1.0,1
BIN-0088,2954,14.47,26.5,0,31.1,76.3,1.0,1
BIN-0053,4443,6.07,23.1,0,15.5,33.4,1.0,1
BIN-0095,4340,17.77,37.7,0,24.5,44.3,1.0,1
BIN-0017,3404,1.79,26.5,0,35.4,75.4,1.0,1
BIN-0072,879,1.89,22.4,0,41.0,25.2,0.62,0
BIN-0024,2306,1.03,16.4,0,23.3,71.3,1.0,1
BIN-0114,3125,3.97,16.9,0,24.6,72.3,1.0,1
BIN-0054,3573,8.14,21.3,0,12.2,38.6,0.746,0
BIN-0146,4196,0.71,20.7,0,44.5,56.3,1.0,1
BIN-0086,700,1.49,28.6,0,7.5,51.7,0.588,0
BIN-0034,1146,6.51,32.7,0,7.1,50.0,0.6,0
BIN-0107,2257,4.04,23.8,0,43.8,90.4,1.0,1
BIN-0144,3957,2.61,21.3,0,12.7,47.8,0.96,1
BIN-0134,1163,1.67,21.7,0,40.0,50.3,0.949,1
BIN-0077,3068,1.18,26.7,0,23.5,37.7,1.0,1
BIN-0034,1146,4.49,34.9,0,32.7,15.5,0.561,0
BIN-0093,2070,3.57,23.4,0,10.1,11.0,0.304,0
BIN-0115,3229,2.52,26.6,0,46.7,14.8,1.0,1
BIN-0128,4529,7.54,36.7,0,38.5,69.7,1.0,1
BIN-0128,4529,3.88,27.0,0,43.6,75.5,1.0,1
BIN-0087,3604,3.4,19.2,0,2.3,45.8,0.534,0
BIN-0125,3802,0.38,11.0,1,22.8,89.8,1.0,1
BIN-0039,2561,2.45,10.1,0,7.9,43.7,0.716,0
BIN-0093,2070,1.94,26.3,0,12.7,30.3,0.56,0
BIN-0077,3068,3.65,28.6,0,21.0,56.8,1.0,1
BIN-0011,1269,0.88,28.7,0,25.7,96.6,1.0,1
BIN-0061,4797,3.46,17.2,0,2.6,32.5,0.476,0
BIN-0039,2561,8.14,21.7,0,16.9,39.4,0.893,0
BIN-0114,3125,10.72,31.1,0,3.5,67.1,0.83,0
BIN-0119,4127,4.64,36.4,0,33.7,8.0,1.0,1
BIN-0135,2498,0.65,22.0,0,22.0,47.6,1.0,1
BIN-0046,3056,0.63,29.8,0,9.9,59.3,0.973,1
BIN-0077,3068,1.87,23.6,0,44.4,8.1,1.0,1
BIN-0131,1209,2.52,25.5,0,45.5,8.3,0.73,0
BIN-0046,3056,7.42,21.4,0,5.0,49.9,0.634,0
BIN-0148,3652,1.6,9.2,1,25.0,73.0,1.0,1
BIN-0023,1475,1.13,35.4,0,14.4,83.2,1.0,1
BIN-0016,4617,5.38,20.6,0,31.9,22.6,1.0,1
BIN-0098,4993,7.88,15.8,0,17.6,69.9,1.0,1
BIN-0004,966,3.47,21.9,1,5.2,53.4,0.633,0
BIN-0048,4514,14.57,20.7,0,3.9,48.5,0.694,0
BIN-0142,1791,4.11,24.5,1,30.4,72.1,1.0,1
BIN-0010,2185,0.35,17.4,0,21.5,38.9,0.819,0
BIN-0116,2097,0.9,31.4,0,4.7,64.6,0.805,0
BIN-0033,4390,4.89,22.0,0,39.7,38.3,1.0,1
BIN-0125,3802,14.2,36.6,0,29.1,14.3,1.0,1
BIN-0006,3944,7.19,27.3,0,7.6,42.2,0.787,0
BIN-0089,4145,8.91,26.0,0,44.4,5.4,1.0,1
BIN-0140,4263,0.13,18.2,0,10.5,55.4,1.0,1
BIN-0022,3247,5.05,30.3,0,41.8,41.6,1.0,1
BIN-0034,1146,4.18,25.0,1,27.7,25.5,0.705,0
BIN-0024,2306,6.76,25.6,0,14.7,68.0,1.0,1
BIN-0065,4298,0.15,25.9,0,46.4,16.0,1.0,1
BIN-0106,4691,4.5,22.2,0,33.1,32.0,1.0,1
BIN-0125,3802,7.34,22.9,0,8.3,67.8,1.0,1
BIN-0139,3804,2.04,28.5,0,42.0,70.9,1.0,1
BIN-0085,3599,4.6,29.1,0,46.2,98.8,1.0,1
BIN-0133,4248,14.48,37.3,0,37.1,20.2,1.0,1
BIN-0015,3885,2.25,21.8,0,15.9,71.5,1.0,1
BIN-0077,3068,8.59,28.9,0,9.1,41.4,0.688,0
BIN-0034,1146,19.13,27.9,0,34.8,41.4,0.898,0
BIN-0137,4243,3.75,32.1,0,2.5,41.5,0.501,0
BIN-0118,3193,5.16,16.9,0,8.2,52.6,0.774,0
BIN-0150,2660,1.34,20.2,0,20.9,34.8,0.901,1
BIN-0122,2163,1.01,21.7,0,22.1,60.2,1.0,1
BIN-0057,3113,2.48,17.1,0,39.7,37.8,1.0,1
BIN-0003,3592,6.44,20.7,0,28.0,56.6,1.0,1
BIN-0066,1775,0.5,11.5,0,11.9,64.5,0.778,0
BIN-0120,1863,15.39,38.9,0,17.7,21.3,0.709,0
BIN-0030,2028,0.31,19.1,0,33.8,64.4,1.0,1
BIN-0102,1984,4.58,20.7,0,24.3,92.1,1.0,1
BIN-0058,4343,4.09,39.1,0,12.8,77.0,1.0,1
BIN-0078,2527,2.26,24.5,0,25.2,63.9,1.0,1
BIN-0071,4493,5.56,12.5,0,9.1,95.1,1.0,1
BIN-0057,3113,4.87,33.0,0,3.6,22.3,0.337,0
BIN-0141,2353,4.83,42.6,0,5.1,15.9,0.291,0
BIN-0070,1576,1.09,23.5,0,39.7,74.1,1.0,1
BIN-0146,4196,9.99,32.9,0,26.6,7.4,1.0,1
BIN-0115,3229,16.2,13.9,0,12.9,70.0,1.0,1
BIN-0030,2028,3.29,20.0,1,42.1,79.1,1.0,1
BIN-0117,3560,9.09,38.0,0,11.8,18.7,0.668,0
BIN-0083,4061,6.13,24.1,0,22.1,79.3,1.0,1
BIN-0043,3112,4.21,18.7,0,2.4,27.6,0.271,0
BIN-0120,1863,0.68,24.1,0,35.8,4.7,0.744,0
BIN-0024,2306,8.92,22.3,0,36.8,29.5,1.0,1
BIN-0037,1100,1.49,20.6,0,36.0,51.4,0.915,1
BIN-0123,2029,2.9,22.8,0,19.0,19.5,0.61,0
BIN-0052,2085,21.89,15.7,0,22.0,62.2,1.0,1
BIN-0085,3599,5.15,20.1,0,40.0,71.6,1.0,1
BIN-0024,2306,2.1,36.1,0,31.2,38.1,1.0,1
BIN-0089,4145,1.16,25.2,1,20.0,4.3,1.0,1
BIN-0004,966,2.16,18.2,0,4.0,29.6,0.387,0
BIN-0041,2541,0.14,19.9,1,39.7,17.1,1.0,1
BIN-0003,3592,11.57,22.6,1,32.9,51.1,1.0,1
BIN-0136,3945,2.15,16.5,0,3.3,10.3,0.25,0
BIN-0027,3505,3.76,14.1,0,39.2,6.8,1.0,1
BIN-0029,1767,7.53,22.5,0,17.4,30.9,0.62,0
BIN-0078,2527,0.89,30.5,0,27.1,44.4,1.0,1
BIN-0138,1995,11.89,33.0,0,5.7,20.7,0.356,0
BIN-0013,2933,6.7,35.8,0,11.2,42.0,0.749,0
BIN-0083,4061,13.24,24.3,0,24.6,64.2,1.0,1
BIN-0043,3112,2.12,30.6,0,18.6,32.1,0.888,0
BIN-0007,3671,2.14,53.7,1,12.7,67.5,1.0,1
BIN-0053,4443,2.43,27.9,0,6.3,64.9,0.921,1
BIN-0003,3592,8.34,26.4,0,4.6,56.0,0.791,0
BIN-0096,1528,4.5,27.3,0,41.1,64.2,1.0,1
BIN-0122,2163,13.02,21.5,0,3.2,38.6,0.49,0
BIN-0140,4263,14.59,37.1,0,9.0,81.1,1.0,1
BIN-0008,3419,9.91,22.4,0,15.2,5.6,0.742,0
BIN-0069,1378,2.01,22.6,0,22.5,87.6,1.0,1
BIN-0072,879,12.34,26.4,1,37.4,52.8,1.0,1
BIN-0070,1576,3.08,35.3,0,38.9,91.5,1.0,1
BIN-0114,3125,6.12,28.6,0,8.9,71.0,0.982,1
BIN-0046,3056,5.35,29.0,0,21.8,26.2,1.0,1
BIN-0130,1782,5.93,17.0,0,39.7,80.3,1.0,1
BIN-0029,1767,25.15,17.3,0,8.7,15.6,0.395,0
BIN-0008,3419,5.3,26.8,0,7.1,43.4,0.686,0
BIN-0062,2481,3.61,26.7,0,31.3,93.7,1.0,1
BIN-0093,2070,6.73,21.9,0,18.6,64.6,1.0,1
BIN-0074,2562,0.31,14.8,0,18.7,29.9,0.733,0
BIN-0135,2498,5.43,20.1,0,47.0,6.8,1.0,1
BIN-0015,3885,0.56,29.1,1,38.5,38.0,1.0,1
BIN-0112,3814,7.07,13.4,0,25.2,1.9,1.0,1
BIN-0141,2353,4.36,30.2,0,37.5,4.4,1.0,1
BIN-0073,992,2.38,23.6,0,10.6,52.1,0.649,0
BIN-0072,879,1.81,25.5,0,10.1,60.1,0.688,0
BIN-0140,4263,0.11,28.6,0,44.4,56.6,1.0,1
BIN-0073,992,0.14,27.4,0,11.6,77.7,0.787,0
BIN-0089,4145,4.83,39.3,0,47.5,50.6,1.0,1
BIN-0033,4390,4.4,38.9,1,26.3,78.7,1.0,1
BIN-0106,4691,4.79,29.7,0,41.6,94.5,1.0,1
BIN-0011,1269,15.19,13.8,0,16.0,17.6,0.516,0
BIN-0010,2185,4.81,31.1,0,29.2,69.7,1.0,1
BIN-0037,1100,1.17,33.2,0,39.3,28.3,0.709,0
BIN-0103,1363,8.43,17.2,0,10.6,44.8,0.591,0
BIN-0026,3234,14.72,17.2,0,32.8,69.7,1.0,1
BIN-0045,1978,2.63,15.4,0,38.7,43.0,1.0,1
BIN-0076,564,2.94,22.8,0,43.6,80.2,1.0,1
BIN-0036,2935,5.69,23.8,0,30.4,89.8,1.0,1
BIN-0110,1559,0.05,18.0,0,29.9,48.1,1.0,1
BIN-0082,4974,10.38,25.3,1,22.5,53.3,1.0,1
BIN-0053,4443,0.91,17.7,0,13.4,58.0,1.0,1
BIN-0049,534,2.01,34.4,0,34.7,32.3,0.535,0
BIN-0116,2097,3.94,30.0,0,6.5,52.1,0.642,0
BIN-0056,3961,8.3,25.2,0,25.5,87.9,1.0,1
BIN-0086,700,9.78,34.7,0,28.3,52.8,0.716,0
BIN-0107,2257,1.18,22.6,0,40.7,67.9,1.0,1
BIN-0090,1304,1.17,26.2,0,12.2,57.6,0.679,0
BIN-0103,1363,0.1,25.0,0,30.6,0.8,0.438,0
BIN-0115,3229,2.87,13.6,0,41.0,32.6,1.0,1
BIN-0115,3229,12.25,25.7,0,40.7,8.4,1.0,1
BIN-0036,2935,9.32,17.0,0,21.8,0.7,0.815,0
BIN-0061,4797,0.66,8.1,0,24.0,99.7,1.0,1
BIN-0005,4926,11.3,25.5,0,16.8,37.9,1.0,1
BIN-0103,1363,2.82,14.7,0,7.9,91.5,1.0,1
BIN-0008,3419,6.87,30.6,0,31.8,76.0,1.0,1
BIN-0119,4127,0.55,17.6,0,25.0,80.3,1.0,1
BIN-0091,3231,7.07,23.8,0,9.6,89.5,1.0,1
BIN-0122,2163,1.93,32.5,0,10.6,1.1,0.273,0
BIN-0005,4926,24.13,29.1,0,31.8,67.4,1.0,1
BIN-0145,2136,4.73,45.5,0,24.0,99.2,1.0,1
BIN-0004,966,11.15,16.5,0,13.8,36.7,0.503,0
BIN-0052,2085,2.47,22.7,0,13.9,81.7,1.0,1
BIN-0074,2562,1.58,37.9,0,31.6,88.0,1.0,1
BIN-0054,3573,1.86,25.1,0,25.9,14.1,1.0,1
BIN-0132,4913,5.15,30.3,0,44.3,47.2,1.0,1
BIN-0119,4127,4.44,16.6,0,11.6,54.1,1.0,1
BIN-0127,1806,0.16,23.9,0,17.5,4.6,0.428,0
BIN-0067,1516,3.65,25.3,0,12.0,92.7,1.0,1
BIN-0046,3056,4.97,15.4,0,47.5,45.3,1.0,1
BIN-0102,1984,4.48,29.6,0,23.2,52.3,0.943,1
BIN-0028,2399,11.02,30.0,0,23.8,29.1,0.952,1
BIN-0047,1275,1.39,16.9,0,6.3,62.0,0.733,0
BIN-0047,1275,0.6,19.2,0,18.3,49.2,0.829,0
BIN-0002,4272,2.33,23.8,0,40.5,98.7,1.0,1
BIN-0086,700,3.76,29.1,0,31.4,62.9,0.873,0
BIN-0105,1063,5.11,34.6,0,20.5,74.6,1.0,1
BIN-0011,1269,11.07,22.0,0,38.1,1.8,0.604,0
BIN-0040,741,1.28,36.5,0,41.7,92.2,1.0,1
BIN-0107,2257,22.1,29.3,0,17.7,13.4,0.718,0
BIN-0065,4298,5.53,12.9,0,11.7,54.6,1.0,1
BIN-0143,4081,5.93,18.5,0,30.1,42.3,1.0,1
BIN-0112,3814,5.13,13.0,1,2.7,32.7,0.468,0
BIN-0127,1806,5.31,13.6,0,11.4,24.8,0.484,0
BIN-0019,1582,3.57,17.1,0,33.9,77.6,1.0,1
BIN-0068,837,4.57,-1.4,0,22.9,28.8,0.555,0
BIN-0098,4993,2.02,14.2,1,44.9,57.5,1.0,1
BIN-0024,2306,14.34,32.6,0,3.4,9.9,0.261,0
BIN-0031,3702,0.38,25.3,0,38.1,97.7,1.0,1
BIN-0067,1516,4.06,23.9,0,15.5,30.3,0.512,0
BIN-0072,879,1.89,30.5,0,7.1,97.4,1.0,1
BIN-0002,4272,5.27,19.0,0,26.1,29.4,1.0,1
BIN-0068,837,8.74,13.7,0,31.6,75.2,1.0,1
BIN-0013,2933,0.2,11.5,0,32.1,54.2,1.0,1
BIN-0138,1995,9.5,16.9,0,9.2,32.9,0.594,0
BIN-0045,1978,9.21,34.2,1,19.6,83.3,1.0,1
BIN-0016,4617,4.51,37.8,0,16.4,43.4,1.0,1
BIN-0012,2891,3.06,25.7,0,21.2,40.6,1.0,1
BIN-0080,1995,2.05,2.0,0,12.9,21.4,0.461,0
BIN-0076,564,0.96,27.9,0,42.4,23.3,0.498,0
BIN-0132,4913,0.37,21.3,0,20.8,18.1,1.0,1
BIN-0137,4243,8.09,39.9,0,27.4,6.2,1.0,1
BIN-0092,3273,6.75,28.7,0,6.7,52.3,0.703,0
BIN-0096,1528,1.57,23.9,0,14.8,94.7,1.0,1
BIN-0038,2863,4.49,12.9,0,26.5,78.1,1.0,1
BIN-0033,4390,1.6,24.9,0,25.7,66.9,1.0,1
BIN-0105,1063,12.83,27.2,0,9.2,4.9,0.201,0
BIN-0100,4988,1.89,25.1,0,34.0,49.8,1.0,1
BIN-0148,3652,3.49,29.6,0,6.2,63.7,0.832,0
BIN-0071,4493,4.42,30.1,0,27.3,17.7,1.0,1
BIN-0136,3945,4.27,32.1,0,29.7,3.2,1.0,1
BIN-0014,1684,5.53,32.0,0,44.6,31.5,1.0,1
BIN-0137,4243,2.66,17.8,0,35.8,62.3,1.0,1
BIN-0030,2028,2.89,22.7,0,11.8,83.3,0.998,1
BIN-0043,3112,0.21,28.2,0,28.4,46.6,1.0,1
BIN-0037,1100,3.14,14.1,0,34.3,33.0,0.782,0
BIN-0043,3112,0.4,31.0,0,32.2,14.1,1.0,1
BIN-0134,1163,0.49,17.7,0,21.5,46.2,0.697,0
BIN-0064,3842,7.87,13.5,0,7.4,73.1,1.0,1
BIN-0010,2185,2.7,26.2,0,39.1,42.3,1.0,1
BIN-0072,879,14.54,37.5,0,25.9,61.9,0.899,0
BIN-0129,3175,0.56,25.8,0,19.6,82.8,1.0,1
BIN-0110,1559,4.9,35.9,0,40.6,53.1,1.0,1
BIN-0100,4988,0.41,34.8,0,34.0,91.8,1.0,1
BIN-0013,2933,1.07,40.2,0,21.6,48.2,1.0,1
BIN-0132,4913,17.31,27.9,0,12.0,76.3,1.0,1
BIN-0112,3814,5.89,34.7,0,39.1,9.9,1.0,1
BIN-0028,2399,3.86,13.5,0,32.5,15.4,0.904,1
BIN-0040,741,3.68,31.8,0,24.2,56.8,0.702,0
BIN-0047,1275,0.31,8.5,0,11.6,88.4,1.0,1
BIN-0116,2097,1.55,14.6,0,37.7,75.6,1.0,1
BIN-0084,2778,2.26,30.4,0,27.7,18.4,1.0,1
BIN-0009,630,17.9,23.5,0,39.1,47.4,0.758,0
BIN-0143,4081,6.31,13.9,0,37.9,1.4,1.0,1
BIN-0059,2000,6.27,26.3,0,27.7,35.0,0.934,1
BIN-0063,1495,2.29,44.0,0,10.8,8.7,0.262,0
BIN-0107,2257,0.29,34.8,0,26.3,51.5,1.0,1
BIN-0077,3068,1.19,14.3,0,24.2,45.4,1.0,1
BIN-0006,3944,12.16,23.5,0,4.9,88.6,1.0,1
BIN-0019,1582,4.16,24.2,0,30.3,73.9,1.0,1
BIN-0100,4988,1.29,27.1,0,41.0,62.0,1.0,1
BIN-0028,2399,1.27,32.7,0,44.3,35.7,1.0,1
BIN-0118,3193,5.23,34.3,0,8.6,97.9,1.0,1
BIN-0064,3842,1.66,11.1,0,9.3,26.1,0.701,0
BIN-0145,2136,2.52,32.6,1,46.6,71.8,1.0,1
BIN-0132,4913,0.12,27.8,0,14.9,64.0,1.0,1
BIN-0126,2737,2.11,17.7,0,44.6,28.0,1.0,1
BIN-0007,3671,5.44,31.2,0,12.1,76.6,1.0,1
BIN-0103,1363,7.28,28.9,0,2.1,73.5,0.804,0
BIN-0122,2163,1.66,15.7,0,33.1,47.1,1.0,1
BIN-0047,1275,1.8,44.3,0,43.0,6.0,0.682,0
BIN-0129,3175,2.91,11.7,0,5.9,26.8,0.405,0
BIN-0109,3742,1.45,22.8,0,27.4,43.5,1.0,1
BIN-0096,1528,1.54,32.6,0,9.7,88.7,1.0,1
BIN-0132,4913,3.71,37.4,0,40.7,78.6,1.0,1
BIN-0076,564,2.38,26.4,0,15.1,88.1,0.954,1
BIN-0059,2000,1.94,13.2,0,29.8,71.4,1.0,1
BIN-0071,4493,7.39,29.7,0,9.9,18.2,0.71,0
BIN-0107,2257,14.32,33.6,0,23.2,4.0,0.745,0
BIN-0060,661,3.1,17.5,0,30.2,44.8,0.613,0
BIN-0078,2527,9.12,26.2,0,21.6,24.1,0.815,0
BIN-0082,4974,2.67,18.5,0,11.9,67.5,1.0,1
BIN-0020,3058,2.75,15.0,0,15.3,71.0,1.0,1
BIN-0135,2498,3.27,38.2,0,6.5,89.7,1.0,1
BIN-0082,4974,3.12,28.9,0,42.9,30.6,1.0,1
BIN-0093,2070,9.75,29.6,0,30.2,93.0,1.0,1
BIN-0070,1576,19.43,26.7,0,37.1,63.3,1.0,1
BIN-0094,3190,0.72,18.8,0,44.0,11.9,1.0,1
BIN-0064,3842,1.95,12.7,0,41.9,37.6,1.0,1
BIN-0092,3273,2.66,28.9,0,7.6,70.2,0.968,1
BIN-0091,3231,1.44,22.9,1,11.2,8.1,0.653,0
BIN-0099,1370,0.27,29.3,0,17.8,56.1,0.822,0
BIN-0051,2455,8.56,24.3,0,10.8,57.8,0.849,0
BIN-0056,3961,0.38,32.9,0,42.7,99.2,1.0,1
BIN-0026,3234,6.66,30.1,0,17.9,42.7,1.0,1
BIN-0089,4145,16.25,29.0,0,19.2,46.5,1.0,1
BIN-0017,3404,1.11,31.9,0,32.1,42.7,1.0,1
BIN-0112,3814,5.05,33.7,0,10.0,29.6,0.619,0
BIN-0024,2306,1.86,23.4,0,22.2,19.8,0.797,0
BIN-0016,4617,0.77,35.9,0,23.6,64.5,1.0,1
BIN-0059,2000,5.41,23.9,0,18.4,11.8,0.525,0
BIN-0001,1360,5.58,18.1,0,15.8,21.2,0.452,0
BIN-0044,1863,0.87,21.7,0,45.1,42.6,1.0,1
BIN-0070,1576,17.6,22.2,0,26.3,27.9,0.866,0
BIN-0088,2954,7.64,26.8,0,41.9,51.0,1.0,1
BIN-0009,630,9.79,24.0,0,40.6,17.7,0.456,0
BIN-0070,1576,0.8,18.1,0,34.2,84.3,1.0,1
BIN-0042,3324,1.92,18.5,0,14.2,88.9,1.0,1
BIN-0024,2306,1.2,26.2,0,40.0,20.8,1.0,1
BIN-0149,1198,5.12,27.8,0,23.8,71.7,1.0,1
BIN-0104,3290,0.83,25.3,0,42.4,41.0,1.0,1
BIN-0142,1791,1.91,13.2,0,4.2,46.4,0.469,0
BIN-0060,661,0.99,24.3,0,27.8,94.7,1.0,1
BIN-0030,2028,1.96,15.6,0,27.5,80.2,1.0,1
BIN-0040,741,1.41,21.1,0,39.2,12.0,0.454,0
BIN-0148,3652,0.65,20.2,0,38.6,67.6,1.0,1
BIN-0097,1002,5.02,18.0,0,17.3,14.7,0.219,0
BIN-0141,2353,1.19,33.3,0,38.8,18.4,1.0,1
BIN-0046,3056,0.67,10.4,0,2.0,6.0,0.14,0
BIN-0144,3957,7.11,14.4,0,36.2,42.4,1.0,1
BIN-0106,4691,5.63,21.7,0,23.8,20.9,1.0,1
BIN-0027,3505,2.65,29.3,0,7.2,79.1,0.951,1
BIN-0084,2778,4.91,43.5,0,4.0,25.8,0.341,0
BIN-0052,2085,3.26,25.0,0,36.2,59.4,1.0,1
BIN-0008,3419,2.16,19.1,0,9.6,68.7,1.0,1
BIN-0113,3657,11.91,30.7,0,6.6,23.9,0.49,0
BIN-0054,3573,13.93,31.7,0,28.6,84.3,1.0,1
BIN-0032,4056,2.8,25.3,0,37.2,25.8,1.0,1
BIN-0123,2029,5.2,13.5,0,41.7,1.3,0.983,1
BIN-0110,1559,2.92,25.4,0,20.0,78.2,1.0,1
BIN-0065,4298,8.45,28.4,0,14.5,16.7,0.933,1
BIN-0018,974,4.76,22.6,0,18.6,49.3,0.645,0
BIN-0017,3404,1.36,32.9,0,25.4,64.9,1.0,1
BIN-0150,2660,3.47,26.9,0,3.5,35.4,0.473,0
BIN-0007,3671,3.91,18.0,0,45.5,66.0,1.0,1
BIN-0115,3229,1.43,32.9,0,32.4,35.8,1.0,1
BIN-0115,3229,1.69,17.5,0,19.0,85.4,1.0,1
BIN-0068,837,11.87,27.0,0,31.8,68.8,0.985,1
BIN-0016,4617,6.87,41.5,0,32.7,0.8,1.0,1
BIN-0139,3804,5.3,17.9,0,4.7,96.0,1.0,1
BIN-0028,2399,0.91,22.2,0,2.9,6.0,0.186,0
BIN-0018,974,1.51,21.5,0,15.5,22.9,0.39,0
BIN-0041,2541,16.94,42.5,0,36.2,100.0,1.0,1
BIN-0136,3945,1.36,16.1,0,6.6,45.6,0.664,0
BIN-0121,2481,0.27,30.6,0,43.9,47.3,1.0,1
BIN-0099,1370,19.3,36.2,0,47.9,27.4,1.0,1
BIN-0082,4974,0.01,20.3,0,27.8,57.2,1.0,1
BIN-0044,1863,8.43,30.4,0,26.9,53.8,1.0,1
BIN-0055,1521,5.84,22.6,0,33.7,78.2,1.0,1
BIN-0087,3604,0.04,37.8,0,13.0,1.0,0.622,0
BIN-0066,1775,0.37,11.6,0,38.0,47.2,1.0,1
BIN-0049,534,0.08,39.8,0,13.9,67.8,0.676,0
BIN-0144,3957,0.91,27.7,0,33.4,11.3,1.0,1
BIN-0058,4343,0.89,39.3,0,7.6,83.0,1.0,1
BIN-0132,4913,0.8,35.7,0,35.3,24.7,1.0,1
BIN-0104,3290,0.01,24.8,0,45.6,24.7,1.0,1
BIN-0035,3388,0.91,15.3,0,21.3,33.1,1.0,1
BIN-0075,4384,3.31,28.7,0,18.8,70.8,1.0,1
BIN-0060,661,6.85,7.0,0,41.0,99.0,1.0,1
BIN-0077,3068,2.01,27.8,0,10.1,26.6,0.682,0
BIN-0047,1275,3.59,31.0,0,28.7,65.9,1.0,1
BIN-0017,3404,0.41,33.8,0,42.5,3.9,1.0,1
BIN-0053,4443,8.39,15.4,0,31.6,43.3,1.0,1
BIN-0016,4617,3.33,29.2,0,43.3,25.2,1.0,1
BIN-0047,1275,11.29,14.0,0,11.9,54.5,0.685,0
BIN-0019,1582,8.5,29.0,0,47.0,45.5,1.0,1
BIN-0048,4514,2.42,21.8,0,15.8,29.9,1.0,1
BIN-0028,2399,7.71,22.7,0,7.6,9.8,0.266,0
BIN-0067,1516,24.19,40.7,0,32.5,95.7,1.0,1
BIN-0095,4340,0.34,26.9,0,29.3,10.7,1.0,1
BIN-0089,4145,2.45,20.8,0,47.6,34.9,1.0,1
BIN-0111,2222,0.78,20.3,0,11.4,35.6,0.634,0
BIN-0010,2185,7.05,39.4,0,41.2,33.3,1.0,1
BIN-0136,3945,3.68,43.4,0,17.9,33.0,1.0,1
BIN-0043,3112,5.62,15.2,0,44.4,62.7,1.0,1
BIN-0062,2481,4.77,23.0,0,4.6,78.9,0.949,1
BIN-0137,4243,7.41,29.2,1,15.0,15.4,1.0,1
BIN-0018,974,1.6,17.7,0,11.7,40.9,0.585,0
BIN-0040,741,0.53,23.9,0,2.3,20.9,0.3,0
BIN-0030,2028,3.5,19.7,0,7.2,70.3,0.926,1
BIN-0080,1995,5.8,25.9,0,4.5,79.6,0.93,1
BIN-0107,2257,12.8,19.3,0,32.3,38.5,1.0,1
BIN-0094,3190,3.95,20.6,0,29.1,0.4,0.984,1
BIN-0079,3195,4.3,26.0,1,25.5,71.9,1.0,1
BIN-0079,3195,5.99,28.0,0,9.9,50.0,0.814,0
BIN-0054,3573,1.76,27.0,0,30.7,40.2,1.0,1
BIN-0073,992,3.11,25.2,0,43.4,31.2,0.777,0
BIN-0030,2028,3.41,27.0,0,35.4,66.0,1.0,1
BIN-0124,2538,1.07,21.3,0,34.9,56.6,1.0,1
BIN-0106,4691,8.14,31.5,0,29.9,62.8,1.0,1
BIN-0041,2541,0.72,34.1,0,23.5,66.7,1.0,1
BIN-0097,1002,8.14,20.6,1,44.8,44.2,1.0,1
BIN-0134,1163,8.51,36.3,0,47.6,22.8,0.899,0
BIN-0053,4443,0.26,24.4,0,33.6,87.5,1.0,1
BIN-0102,1984,4.13,33.0,0,7.0,7.5,0.268,0
BIN-0072,879,1.02,29.8,0,33.2,56.4,0.939,1
BIN-0088,2954,5.11,17.7,0,23.1,4.0,0.828,0
BIN-0137,4243,4.85,29.0,0,43.8,30.3,1.0,1
BIN-0139,3804,1.57,24.4,0,38.9,51.4,1.0,1
BIN-0040,741,6.71,25.2,0,14.0,32.3,0.526,0
BIN-0091,3231,14.44,27.9,0,16.5,12.9,0.845,0
BIN-0109,3742,9.84,19.0,0,10.5,38.2,0.915,1
BIN-0108,2178,6.33,20.8,0,13.1,39.3,0.761,0
BIN-0001,1360,2.13,10.8,0,20.9,31.6,0.624,0
BIN-0038,2863,2.76,29.4,0,45.9,91.0,1.0,1
BIN-0053,4443,9.98,30.9,0,25.4,26.7,1.0,1
BIN-0063,1495,0.58,36.3,0,17.5,16.4,0.401,0
BIN-0008,3419,7.4,19.8,1,20.8,44.6,1.0,1
BIN-0127,1806,1.94,23.1,0,17.5,80.4,1.0,1
BIN-0123,2029,4.8,21.3,0,8.1,44.4,0.609,0
BIN-0069,1378,2.22,11.7,1,42.5,87.3,1.0,1
BIN-0032,4056,16.47,32.3,0,9.4,88.7,1.0,1
BIN-0121,2481,7.97,30.5,0,23.4,78.7,1.0,1
BIN-0098,4993,5.91,23.5,0,24.8,33.5,1.0,1
BIN-0052,2085,5.23,19.2,0,21.2,17.6,0.707,0
BIN-0019,1582,1.41,19.0,0,32.7,58.0,1.0,1
BIN-0049,534,7.34,26.6,0,26.3,32.4,0.432,0
BIN-0083,4061,11.09,19.1,0,44.3,43.7,1.0,1
BIN-0024,2306,1.0,25.1,0,23.0,38.9,0.907,1
BIN-0141,2353,7.61,15.6,0,4.3,38.0,0.533,0
BIN-0070,1576,0.62,24.7,0,16.8,35.1,0.656,0
BIN-0030,2028,1.04,28.5,0,34.0,18.4,0.727,0
BIN-0119,4127,0.32,40.9,0,15.4,85.1,1.0,1
BIN-0078,2527,8.64,36.4,0,5.4,70.7,0.851,0
BIN-0135,2498,13.32,31.8,0,41.3,29.2,1.0,1
BIN-0113,3657,9.71,19.5,0,30.9,9.1,1.0,1
BIN-0001,1360,4.77,23.2,1,27.4,32.7,1.0,1
BIN-0079,3195,4.2,30.6,1,6.7,60.1,0.969,1
BIN-0141,2353,1.24,38.3,0,20.7,68.7,1.0,1
BIN-0146,4196,4.78,32.9,0,9.0,25.2,0.722,0
BIN-0102,1984,0.54,14.9,1,22.1,42.9,1.0,1
BIN-0099,1370,1.51,7.0,0,5.2,27.5,0.362,0
BIN-0054,3573,4.99,26.0,0,3.9,3.3,0.183,0
BIN-0132,4913,15.66,30.0,0,39.8,41.3,1.0,1
BIN-0120,1863,7.09,15.7,0,25.3,46.2,1.0,1
BIN-0115,3229,3.51,25.7,0,42.7,63.3,1.0,1
BIN-0071,4493,0.33,22.0,0,4.0,13.7,0.325,0
BIN-0118,3193,7.04,19.6,0,8.0,57.2,0.856,0
BIN-0106,4691,1.94,12.0,0,17.3,80.4,1.0,1
BIN-0144,3957,2.89,16.4,0,29.4,90.2,1.0,1
BIN-0098,4993,11.62,39.2,1,28.6,84.0,1.0,1
BIN-0056,3961,4.23,23.0,0,23.9,48.0,1.0,1
BIN-0054,3573,2.53,14.7,0,10.7,67.9,1.0,1
BIN-0075,4384,4.05,22.3,0,6.6,17.3,0.468,0
BIN-0120,1863,2.0,23.3,0,39.5,76.6,1.0,1
BIN-0109,3742,5.51,19.4,0,10.5,44.3,0.905,1
BIN-0122,2163,0.25,27.1,0,41.0,75.1,1.0,1
BIN-0012,2891,1.74,30.6,0,39.2,79.4,1.0,1
BIN-0018,974,3.13,25.1,1,9.1,57.3,0.702,0
BIN-0026,3234,9.85,27.4,0,43.0,94.1,1.0,1
BIN-0141,2353,4.77,12.9,0,33.0,56.2,1.0,1
BIN-0044,1863,0.5,20.8,0,30.7,39.9,1.0,1
BIN-0089,4145,2.2,29.5,0,10.8,63.2,1.0,1
BIN-0053,4443,5.2,25.7,0,43.2,77.3,1.0,1
BIN-0078,2527,2.87,21.3,0,31.1,45.2,1.0,1
BIN-0094,3190,9.42,29.0,0,15.2,40.5,0.933,1
BIN-0128,4529,5.29,32.0,0,20.6,61.7,1.0,1
BIN-0010,2185,4.25,8.7,0,34.6,86.9,1.0,1
BIN-0107,2257,6.38,35.3,0,26.8,5.2,0.743,0
BIN-0053,4443,1.6,24.0,0,46.1,94.3,1.0,1
BIN-0131,1209,9.33,25.5,0,28.0,23.1,0.589,0
BIN-0134,1163,4.14,27.4,0,22.3,46.3,0.794,0
BIN-0048,4514,0.75,40.9,0,15.0,28.7,0.941,1
BIN-0036,2935,2.11,25.1,0,19.7,10.6,0.762,0
BIN-0045,1978,4.55,25.3,0,13.2,33.0,0.589,0
BIN-0016,4617,4.66,20.6,0,13.4,30.9,0.893,0
BIN-0124,2538,3.39,21.6,0,9.7,91.6,1.0,1
BIN-0112,3814,4.04,25.9,0,15.0,85.0,1.0,1
BIN-0037,1100,1.24,33.3,0,18.5,99.9,1.0,1
BIN-0105,1063,14.65,17.2,0,34.1,32.1,0.738,0
BIN-0094,3190,1.83,31.3,0,45.1,66.0,1.0,1
BIN-0064,3842,5.47,23.5,1,38.3,30.9,1.0,1
BIN-0121,2481,16.23,39.3,0,39.6,1.4,1.0,1
BIN-0130,1782,6.16,43.2,0,43.0,55.9,1.0,1
BIN-0122,2163,1.73,27.7,0,33.6,22.4,0.867,0
BIN-0065,4298,7.54,23.3,1,20.6,10.7,1.0,1
BIN-0102,1984,6.25,21.9,0,11.1,76.5,0.959,1
BIN-0140,4263,5.81,38.4,0,19.7,43.6,1.0,1
BIN-0010,2185,6.34,30.2,0,7.9,11.9,0.281,0
BIN-0028,2399,3.38,21.0,0,41.3,97.1,1.0,1
BIN-0058,4343,5.5,26.0,0,30.5,83.1,1.0,1
BIN-0105,1063,0.01,40.5,0,39.8,81.9,1.0,1
BIN-0111,2222,0.55,19.6,0,28.5,28.9,0.895,0
BIN-0129,3175,7.23,27.8,0,38.4,72.0,1.0,1
BIN-0108,2178,8.48,31.8,0,16.7,67.6,1.0,1
BIN-0080,1995,7.68,30.4,0,15.1,62.4,0.937,1
BIN-0064,3842,0.05,16.3,1,32.9,40.6,1.0,1
BIN-0027,3505,2.19,24.3,0,27.4,15.7,1.0,1
BIN-0115,3229,1.75,27.2,1,35.8,57.7,1.0,1
BIN-0002,4272,2.31,27.0,0,10.7,48.2,1.0,1
BIN-0051,2455,4.32,36.9,0,34.0,73.4,1.0,1
BIN-0017,3404,0.91,33.8,0,41.1,82.9,1.0,1
BIN-0087,3604,5.39,23.4,0,21.5,31.0,1.0,1
BIN-0058,4343,7.05,38.3,0,17.7,74.9,1.0,1
BIN-0112,3814,6.67,19.3,0,18.2,30.3,1.0,1
BIN-0064,3842,6.98,23.9,0,28.7,67.5,1.0,1
BIN-0035,3388,14.64,24.4,0,28.7,49.5,1.0,1
BIN-0095,4340,1.86,36.2,0,37.5,57.5,1.0,1
BIN-0053,4443,3.48,23.1,0,11.8,93.1,1.0,1
BIN-0122,2163,4.39,16.3,0,47.0,64.8,1.0,1
BIN-0066,1775,1.68,23.7,0,36.4,14.8,0.885,0
BIN-0110,1559,7.64,22.8,0,6.8,44.3,0.507,0
BIN-0017,3404,4.49,4.6,1,36.5,15.2,1.0,1
BIN-0147,3499,6.29,23.7,0,38.0,9.4,1.0,1
BIN-0059,2000,1.15,14.7,0,29.6,55.3,1.0,1
BIN-0140,4263,7.03,33.2,0,9.0,23.4,0.702,0
BIN-0009,630,3.96,25.0,0,10.6,60.4,0.691,0
BIN-0039,2561,0.26,31.9,0,18.9,6.5,0.549,0
BIN-0006,3944,13.39,33.1,0,34.3,76.9,1.0,1
BIN-0021,2547,3.06,27.0,0,14.3,52.0,0.894,0
BIN-0123,2029,1.06,16.0,0,10.7,52.2,0.756,0
BIN-0145,2136,4.63,31.4,0,34.2,63.6,1.0,1
BIN-0084,2778,4.87,32.4,0,8.9,8.2,0.36,0
BIN-0089,4145,2.15,35.2,0,10.3,5.1,0.512,0
BIN-0142,1791,0.5,9.7,0,16.5,20.7,0.575,0
BIN-0142,1791,1.13,19.3,1,6.1,94.3,1.0,1
BIN-0073,992,1.44,15.2,0,2.7,91.1,0.931,1
BIN-0146,4196,2.41,29.8,1,25.8,42.6,1.0,1
BIN-0126,2737,19.57,21.6,0,8.8,69.2,1.0,1
BIN-0082,4974,5.14,16.4,0,26.1,74.5,1.0,1
BIN-0113,3657,22.64,22.6,0,6.0,54.1,0.814,0
BIN-0138,1995,1.11,26.7,0,22.4,98.4,1.0,1
BIN-0044,1863,1.2,33.7,0,39.6,95.8,1.0,1
BIN-0074,2562,7.68,44.1,0,26.1,57.6,1.0,1
BIN-0126,2737,1.4,19.5,0,27.2,22.4,1.0,1
BIN-0044,1863,3.94,18.7,1,43.3,16.1,1.0,1
BIN-0083,4061,1.77,23.7,1,37.0,24.2,1.0,1
BIN-0038,2863,1.74,23.8,0,6.1,51.8,0.658,0
BIN-0104,3290,3.54,26.0,1,23.9,8.4,1.0,1
BIN-0095,4340,0.02,13.9,0,24.6,17.1,1.0,1
BIN-0026,3234,8.71,29.2,0,39.7,33.5,1.0,1
BIN-0121,2481,10.73,18.4,0,10.4,4.1,0.327,0
BIN-0065,4298,0.63,36.5,0,45.9,79.0,1.0,1
BIN-0046,3056,8.55,18.4,0,43.0,16.3,1.0,1
BIN-0053,4443,7.69,24.4,0,24.9,39.3,1.0,1
BIN-0012,2891,4.95,21.7,0,35.6,5.6,1.0,1
BIN-0145,2136,0.48,9.2,0,9.0,18.0,0.406,0
BIN-0139,3804,4.55,29.3,0,18.3,24.4,0.974,1
BIN-0004,966,0.13,17.4,0,16.3,18.7,0.387,0
BIN-0066,1775,1.58,37.6,0,36.8,11.0,0.752,0
BIN-0086,700,6.77,26.4,0,44.8,15.1,0.462,0
BIN-0024,2306,0.0,23.7,0,11.6,60.7,0.951,1
BIN-0035,3388,0.35,30.5,0,17.8,13.2,0.684,0
BIN-0080,1995,5.64,29.3,0,25.4,25.2,0.893,0
BIN-0087,3604,0.8,13.5,0,15.1,21.1,0.789,0
BIN-0076,564,6.73,16.9,0,47.9,80.6,1.0,1
BIN-0021,2547,3.91,21.2,0,35.0,40.9,1.0,1
BIN-0072,879,2.46,31.8,1,38.0,21.0,0.744,0
BIN-0100,4988,1.12,42.1,0,34.0,18.2,1.0,1
BIN-0003,3592,6.12,12.7,1,29.2,71.1,1.0,1
BIN-0088,2954,1.69,26.9,0,40.4,49.4,1.0,1
BIN-0082,4974,7.99,19.0,1,3.5,33.5,0.528,0
BIN-0142,1791,0.01,22.6,0,39.7,27.8,1.0,1
BIN-0078,2527,2.85,26.9,0,13.2,57.5,0.927,1
BIN-0002,4272,0.18,5.0,0,15.7,48.6,1.0,1
BIN-0039,2561,13.55,34.6,0,38.2,89.9,1.0,1
BIN-0057,3113,5.82,20.4,0,8.7,19.5,0.531,0
BIN-0116,2097,4.38,26.5,0,8.6,89.8,1.0,1
BIN-0044,1863,5.89,22.8,0,7.7,17.0,0.32,0
BIN-0071,4493,5.59,10.2,0,43.9,16.4,1.0,1
BIN-0022,3247,13.26,31.2,0,25.5,93.2,1.0,1
BIN-0038,2863,0.26,28.3,0,14.3,35.2,0.814,0
BIN-0071,4493,1.42,34.0,0,22.1,20.4,1.0,1
BIN-0150,2660,4.21,27.6,0,35.2,11.3,1.0,1
BIN-0147,3499,0.32,28.6,1,16.3,91.2,1.0,1
BIN-0100,4988,5.1,24.3,0,34.4,30.0,1.0,1
BIN-0063,1495,5.85,16.3,0,10.0,6.3,0.259,0
BIN-0090,1304,1.3,17.0,0,5.6,28.3,0.361,0
BIN-0072,879,23.73,23.5,0,10.5,61.0,0.662,0
BIN-0119,4127,2.84,30.0,1,6.7,83.4,1.0,1
BIN-0061,4797,4.52,14.4,0,28.3,54.7,1.0,1
BIN-0008,3419,3.9,31.8,0,8.2,54.8,0.848,0
BIN-0026,3234,2.34,32.9,0,35.9,13.9,1.0,1
BIN-0123,2029,4.81,36.4,0,17.9,80.2,1.0,1
BIN-0138,1995,11.75,30.9,1,22.9,56.5,1.0,1
BIN-0024,2306,5.7,20.8,0,24.7,9.5,0.799,0
BIN-0016,4617,8.18,10.7,1,37.2,98.6,1.0,1
BIN-0048,4514,5.84,28.9,0,22.2,86.5,1.0,1
BIN-0067,1516,2.76,20.9,1,27.1,68.1,1.0,1
BIN-0107,2257,4.99,24.2,0,3.2,92.6,1.0,1
BIN-0119,4127,10.14,27.0,0,23.5,40.5,1.0,1
BIN-0095,4340,0.34,24.4,1,42.4,82.9,1.0,1
BIN-0064,3842,10.78,31.3,0,3.6,37.5,0.515,0
BIN-0126,2737,10.96,23.2,1,34.0,71.6,1.0,1
BIN-0009,630,6.29,30.8,0,39.3,93.8,1.0,1
BIN-0010,2185,0.1,36.3,0,40.4,97.6,1.0,1
BIN-0087,3604,0.78,34.6,0,38.2,80.0,1.0,1
BIN-0057,3113,10.25,14.6,1,45.7,57.4,1.0,1
BIN-0011,1269,7.56,23.5,0,2.9,2.9,0.011,0
BIN-0081,891,6.46,22.4,0,27.4,75.7,1.0,1
BIN-0142,1791,2.07,22.4,1,12.3,68.4,0.972,1
BIN-0085,3599,9.53,16.4,0,21.5,28.4,1.0,1
BIN-0095,4340,2.12,24.5,0,6.3,62.0,0.896,0
BIN-0024,2306,4.96,28.9,0,9.9,11.2,0.312,0
BIN-0133,4248,0.17,42.0,0,23.7,95.3,1.0,1
BIN-0047,1275,2.23,35.0,0,27.4,95.3,1.0,1
BIN-0128,4529,2.61,18.9,0,17.9,38.2,1.0,1
BIN-0109,3742,40.51,32.2,0,47.8,34.3,1.0,1
BIN-0026,3234,4.77,18.5,0,37.5,76.8,1.0,1
BIN-0035,3388,1.22,33.9,1,36.4,0.6,1.0,1
BIN-0123,2029,0.4,23.1,0,7.2,88.2,0.989,1
BIN-0111,2222,0.22,30.5,0,13.2,77.1,1.0,1
BIN-0063,1495,3.2,16.4,0,32.5,12.1,0.671,0
BIN-0050,3652,0.4,23.0,0,41.3,57.8,1.0,1
BIN-0110,1559,0.19,11.1,0,21.7,85.6,1.0,1
BIN-0026,3234,1.84,23.7,1,15.7,90.6,1.0,1
BIN-0055,1521,1.11,26.8,1,35.9,66.8,1.0,1
BIN-0134,1163,1.65,32.2,1,35.3,69.5,1.0,1
BIN-0083,4061,1.78,18.2,1,26.6,30.0,1.0,1
BIN-0062,2481,1.53,17.4,0,31.2,50.6,1.0,1
BIN-0060,661,9.53,25.1,0,3.9,21.2,0.203,0
BIN-0044,1863,8.74,29.6,0,20.3,98.5,1.0,1
BIN-0112,3814,0.56,29.0,0,15.8,70.4,1.0,1
BIN-0030,2028,16.11,32.6,0,6.4,16.9,0.372,0
BIN-0088,2954,4.77,9.6,0,40.1,41.7,1.0,1
BIN-0034,1146,0.54,20.5,0,43.3,50.4,0.937,1
BIN-0149,1198,8.02,10.1,0,6.3,27.9,0.467,0
BIN-0026,3234,10.44,12.7,0,15.5,93.6,1.0,1
BIN-0137,4243,17.05,16.9,0,16.7,81.7,1.0,1
BIN-0042,3324,5.32,26.0,0,11.0,52.1,0.927,1
BIN-0115,3229,0.74,33.0,0,11.0,9.3,0.453,0
BIN-0025,689,7.23,23.2,0,21.0,73.3,0.93,1
BIN-0044,1863,7.09,9.7,0,21.4,3.6,0.495,0
BIN-0066,1775,11.99,9.0,0,33.0,49.8,1.0,1
BIN-0039,2561,6.15,18.7,0,45.5,30.4,1.0,1
BIN-0113,3657,0.33,30.8,0,9.0,49.8,0.87,0
BIN-0100,4988,2.34,24.2,0,30.4,83.5,1.0,1
BIN-0071,4493,0.69,24.4,0,23.4,25.3,1.0,1
BIN-0062,2481,12.08,22.2,0,21.3,85.0,1.0,1
BIN-0010,2185,2.63,22.1,0,26.6,40.1,1.0,1
BIN-0125,3802,0.11,24.3,0,28.7,70.6,1.0,1
BIN-0064,3842,5.06,23.1,0,16.3,58.8,1.0,1
BIN-0060,661,2.12,13.9,1,43.3,3.3,0.489,0
BIN-0125,3802,7.6,8.4,0,4.0,3.0,0.216,0
BIN-0118,3193,25.33,31.5,0,42.3,86.5,1.0,1
BIN-0039,2561,11.51,15.6,0,32.0,5.3,1.0,1
BIN-0134,1163,3.06,25.9,0,8.9,97.8,1.0,1
BIN-0036,2935,1.07,20.1,0,6.1,23.6,0.434,0
BIN-0073,992,18.19,29.8,0,26.4,80.5,1.0,1
BIN-0110,1559,4.07,23.6,0,25.9,29.7,0.768,0
BIN-0049,534,10.05,33.9,0,36.5,71.7,0.98,1
BIN-0053,4443,5.06,16.8,0,40.6,63.5,1.0,1
BIN-0127,1806,0.49,33.5,0,44.0,37.9,1.0,1
BIN-0043,3112,0.58,19.0,0,8.1,95.1,1.0,1
BIN-0005,4926,1.27,24.8,0,22.8,27.8,1.0,1
BIN-0005,4926,14.28,18.6,0,30.1,33.8,1.0,1
BIN-0028,2399,8.04,30.3,0,11.2,17.7,0.537,0
BIN-0101,706,14.92,28.5,0,43.3,31.7,0.675,0
BIN-0076,564,12.48,38.7,0,32.8,88.0,1.0,1
BIN-0080,1995,15.72,15.6,0,30.0,83.1,1.0,1
BIN-0078,2527,5.33,27.9,0,38.6,19.9,1.0,1
BIN-0083,4061,1.27,14.7,0,25.7,37.8,1.0,1
BIN-0076,564,0.76,17.0,0,37.8,37.7,0.623,0
BIN-0089,4145,2.67,30.8,0,40.7,26.7,1.0,1
BIN-0002,4272,6.91,31.0,0,32.9,40.7,1.0,1
BIN-0021,2547,0.92,25.4,1,3.6,46.1,0.553,0
BIN-0070,1576,2.73,33.6,0,37.3,90.4,1.0,1
BIN-0051,2455,2.42,11.2,0,7.3,29.8,0.45,0
BIN-0013,2933,0.72,18.0,0,21.7,17.2,0.868,0
BIN-0077,3068,1.47,28.2,0,19.7,11.0,0.758,0
BIN-0006,3944,0.56,35.7,1,11.1,20.8,0.872,0
BIN-0009,630,3.17,25.9,0,6.7,3.6,0.089,0
BIN-0063,1495,17.47,16.8,0,39.4,1.0,0.752,0
BIN-0097,1002,3.94,23.1,0,26.0,57.9,0.919,1
BIN-0033,4390,1.49,20.2,0,32.6,61.5,1.0,1
BIN-0009,630,7.79,28.5,0,45.5,67.5,0.951,1
BIN-0092,3273,6.71,16.8,0,34.1,75.6,1.0,1
BIN-0068,837,2.27,31.0,0,25.2,59.3,0.815,0
BIN-0025,689,10.31,17.4,0,24.4,43.9,0.637,0
BIN-0122,2163,2.27,44.2,0,43.2,31.8,1.0,1
BIN-0002,4272,1.78,21.7,0,38.9,18.3,1.0,1
BIN-0142,1791,11.06,18.6,0,27.0,12.5,0.742,0
BIN-0023,1475,6.43,25.1,0,16.6,51.6,0.869,0
BIN-0093,2070,2.0,9.6,0,2.8,71.8,0.769,0
BIN-0116,2097,6.66,17.7,0,43.1,17.9,1.0,1
BIN-0073,992,9.63,16.2,1,2.5,5.1,0.094,0
BIN-0008,3419,6.91,31.2,0,45.0,52.7,1.0,1
BIN-0003,3592,2.99,15.4,0,24.2,48.2,1.0,1
BIN-0108,2178,8.11,35.6,0,16.6,0.4,0.42,0
BIN-0130,1782,3.25,28.4,0,30.9,20.2,0.784,0
BIN-0084,2778,0.5,20.7,0,19.1,48.1,1.0,1
BIN-0006,3944,0.01,11.9,0,33.5,52.9,1.0,1
BIN-0009,630,8.89,20.0,0,33.9,76.3,1.0,1
BIN-0145,2136,2.12,6.1,0,43.0,84.6,1.0,1
BIN-0148,3652,10.37,21.2,0,37.0,97.0,1.0,1
BIN-0128,4529,0.89,20.9,0,37.6,95.0,1.0,1
BIN-0033,4390,0.46,18.1,0,46.9,82.0,1.0,1
BIN-0135,2498,15.7,24.1,0,16.2,17.5,0.682,0
BIN-0141,2353,0.59,9.6,0,27.7,54.2,1.0,1
BIN-0150,2660,3.09,33.4,1,13.7,6.7,0.641,0
BIN-0123,2029,5.33,29.1,0,36.8,47.9,1.0,1
BIN-0045,1978,0.92,17.8,0,47.8,10.1,1.0,1
BIN-0035,3388,3.97,17.3,0,6.3,60.2,0.855,0
BIN-0086,700,9.14,39.9,0,18.2,62.6,0.751,0
BIN-0011,1269,22.74,25.6,0,33.4,59.0,1.0,1
BIN-0102,1984,2.1,38.2,0,37.1,11.9,0.785,0
BIN-0078,2527,0.14,34.5,0,45.8,91.3,1.0,1
BIN-0134,1163,1.43,26.1,0,16.2,85.4,1.0,1
BIN-0075,4384,4.22,33.6,1,20.1,84.4,1.0,1
BIN-0028,2399,0.27,30.4,1,21.1,97.0,1.0,1
BIN-0128,4529,2.69,20.0,0,32.2,39.0,1.0,1
BIN-0010,2185,7.37,44.6,0,6.7,96.3,1.0,1
BIN-0135,2498,2.46,32.3,0,10.7,70.4,1.0,1
BIN-0069,1378,1.49,13.8,0,29.1,86.4,1.0,1
BIN-0043,3112,11.83,17.3,0,17.7,13.4,0.806,0
BIN-0023,1475,8.54,24.2,0,8.0,23.6,0.36,0
BIN-0009,630,3.92,34.4,0,22.0,21.6,0.343,0
BIN-0008,3419,9.36,14.6,0,29.8,73.9,1.0,1
BIN-0067,1516,4.04,32.9,0,38.7,19.0,0.853,0
BIN-0124,2538,1.01,24.7,0,28.5,64.6,1.0,1
BIN-0100,4988,1.79,19.1,0,41.7,40.7,1.0,1
BIN-0096,1528,9.37,23.3,0,24.8,10.6,0.517,0
BIN-0006,3944,1.31,1.4,0,39.6,10.9,1.0,1
BIN-0009,630,2.79,34.0,0,6.7,61.8,0.658,0
BIN-0142,1791,1.64,23.8,1,43.4,10.8,1.0,1
BIN-0044,1863,4.11,35.3,0,14.8,74.9,0.996,1
BIN-0124,2538,15.5,27.2,0,21.9,70.0,1.0,1
BIN-0148,3652,2.61,20.5,0,7.8,45.5,0.702,0
BIN-0075,4384,3.61,20.3,0,21.2,52.5,1.0,1
BIN-0090,1304,7.83,20.0,0,44.9,4.5,0.735,0
BIN-0135,2498,3.48,37.4,0,29.3,33.3,1.0,1
BIN-0100,4988,6.38,34.7,0,9.7,67.0,1.0,1
BIN-0100,4988,6.09,28.3,0,38.8,42.8,1.0,1
BIN-0133,4248,4.54,11.3,0,3.4,29.6,0.379,0
BIN-0045,1978,0.54,33.8,0,21.6,30.8,0.733,0
BIN-0116,2097,6.05,32.2,0,37.2,3.9,0.931,1
BIN-0122,2163,1.99,22.4,0,12.6,44.5,0.689,0
BIN-0081,891,2.3,19.9,0,11.2,10.8,0.226,0
BIN-0033,4390,12.61,14.5,0,2.1,11.0,0.118,0
BIN-0081,891,5.52,27.1,0,16.5,3.0,0.22,0
BIN-0071,4493,11.47,29.3,1,31.9,35.1,1.0,1
BIN-0140,4263,2.14,24.5,0,6.0,78.1,1.0,1
BIN-0028,2399,1.26,19.9,0,17.6,73.3,1.0,1
BIN-0111,2222,2.14,24.6,0,27.0,5.4,0.793,0
BIN-0103,1363,16.76,33.8,0,20.6,59.3,0.921,1
BIN-0052,2085,8.17,16.9,0,27.6,45.1,1.0,1
BIN-0094,3190,6.26,36.7,0,43.9,18.0,1.0,1
BIN-0108,2178,4.25,37.0,0,41.3,85.8,1.0,1
BIN-0080,1995,0.03,19.1,0,24.8,25.6,0.73,0
BIN-0022,3247,3.38,7.8,0,43.6,21.2,1.0,1
BIN-0116,2097,0.41,27.5,0,41.9,54.6,1.0,1
BIN-0052,2085,11.76,29.2,0,6.9,32.9,0.474,0
BIN-0094,3190,12.08,17.3,0,33.6,47.8,1.0,1
BIN-0134,1163,1.95,31.7,0,25.7,45.1,0.773,0
BIN-0082,4974,4.47,19.7,0,42.0,94.4,1.0,1
BIN-0123,2029,5.52,38.3,0,42.5,65.1,1.0,1
BIN-0139,3804,4.84,26.2,0,44.7,28.6,1.0,1
BIN-0067,1516,4.84,13.3,0,32.0,89.0,1.0,1
BIN-0083,4061,3.05,23.1,1,17.4,98.3,1.0,1
BIN-0037,1100,5.75,28.0,0,39.7,63.3,1.0,1
BIN-0149,1198,1.23,38.5,0,7.2,64.6,0.727,0
BIN-0051,2455,4.59,29.7,0,46.9,54.4,1.0,1
BIN-0115,3229,3.86,16.0,0,11.8,37.5,0.709,0
BIN-0102,1984,0.61,31.8,0,33.7,57.0,1.0,1
BIN-0085,3599,9.19,32.1,0,30.6,16.9,1.0,1
BIN-0083,4061,13.47,18.1,0,5.6,62.8,0.859,0
BIN-0142,1791,0.18,34.2,1,12.9,26.6,0.596,0
BIN-0007,3671,4.59,19.7,1,17.5,44.6,1.0,1
BIN-0073,992,1.29,28.5,0,37.1,4.6,0.452,0
BIN-0120,1863,7.92,18.6,0,3.5,43.9,0.544,0
BIN-0044,1863,0.66,33.0,0,40.4,47.0,1.0,1
BIN-0005,4926,0.9,25.3,0,36.1,16.9,1.0,1
BIN-0030,2028,11.04,30.0,0,41.5,30.9,1.0,1
BIN-0026,3234,3.77,20.8,0,14.8,5.5,0.561,0
BIN-0072,879,1.54,26.3,0,18.4,66.3,0.776,0
BIN-0037,1100,4.86,21.8,1,23.2,76.3,1.0,1
BIN-0137,4243,0.3,9.0,0,10.4,21.9,0.661,0
BIN-0107,2257,2.71,17.6,0,37.0,24.6,1.0,1
BIN-0144,3957,4.45,22.0,0,31.5,9.0,1.0,1
BIN-0017,3404,0.32,29.5,0,37.2,90.6,1.0,1
BIN-0143,4081,13.17,19.8,0,10.5,52.0,1.0,1
BIN-0104,3290,11.78,49.6,0,41.4,1.5,1.0,1
BIN-0070,1576,0.06,18.0,0,15.0,98.8,1.0,1
BIN-0076,564,11.58,15.4,0,35.3,85.3,1.0,1
BIN-0037,1100,5.23,18.8,0,24.2,51.7,0.788,0
BIN-0144,3957,3.4,43.5,0,19.4,16.0,0.922,1
BIN-0117,3560,11.8,28.8,0,2.7,47.9,0.483,0
BIN-0124,2538,3.5,20.0,0,46.5,69.8,1.0,1
BIN-0130,1782,6.01,21.9,1,8.7,20.9,0.41,0
BIN-0024,2306,3.74,17.8,0,46.9,33.0,1.0,1
BIN-0105,1063,0.95,27.3,0,32.7,15.8,0.494,0
BIN-0084,2778,0.71,24.3,0,14.3,59.6,0.89,0
BIN-0089,4145,7.36,21.1,0,28.5,32.6,1.0,1
BIN-0030,2028,0.28,22.2,0,30.7,16.4,0.814,0
BIN-0015,3885,11.39,23.1,0,33.1,52.1,1.0,1
BIN-0149,1198,1.31,30.8,0,29.3,93.6,1.0,1
BIN-0083,4061,4.56,20.4,0,5.7,67.2,1.0,1
BIN-0037,1100,4.49,34.2,0,12.1,63.7,0.85,0
BIN-0091,3231,0.15,35.7,1,15.7,19.0,1.0,1
BIN-0054,3573,7.11,17.5,0,21.4,92.6,1.0,1
BIN-0146,4196,7.59,16.6,0,28.4,36.2,1.0,1
BIN-0076,564,5.82,38.0,0,8.9,46.1,0.506,0
BIN-0086,700,17.93,30.5,0,5.5,61.8,0.77,0
BIN-0005,4926,4.23,18.9,0,6.6,60.6,0.949,1
BIN-0002,4272,10.24,16.5,0,38.9,94.6,1.0,1
BIN-0084,2778,5.67,37.1,0,41.2,37.7,1.0,1
BIN-0011,1269,0.72,22.4,0,25.3,16.4,0.483,0
BIN-0150,2660,6.19,25.0,0,14.1,8.7,0.531,0
BIN-0145,2136,0.26,11.6,0,21.2,30.5,0.763,0
BIN-0136,3945,8.97,18.9,1,36.8,7.6,1.0,1
BIN-0105,1063,5.89,18.9,1,42.5,74.8,1.0,1
BIN-0074,2562,14.73,21.1,0,25.9,39.1,1.0,1
BIN-0117,3560,6.37,27.2,0,31.6,90.8,1.0,1
BIN-0025,689,1.65,19.5,0,4.3,18.8,0.251,0
BIN-0139,3804,2.55,19.7,0,10.7,61.4,0.912,1
BIN-0013,2933,0.41,20.3,0,10.4,34.7,0.6,0
BIN-0101,706,4.07,32.9,0,15.1,13.7,0.268,0
BIN-0075,4384,0.5,34.0,0,44.6,5.3,1.0,1
BIN-0098,4993,3.11,29.5,0,19.1,50.5,1.0,1
BIN-0092,3273,7.03,31.5,0,34.1,10.0,1.0,1
BIN-0149,1198,0.4,18.7,1,18.1,51.2,0.855,0
BIN-0063,1495,11.6,23.6,0,24.1,83.4,1.0,1
BIN-0117,3560,2.84,27.6,0,23.4,50.5,1.0,1
BIN-0130,1782,13.87,26.0,0,31.1,17.0,0.871,0
BIN-0028,2399,0.89,34.5,1,20.3,46.2,1.0,1
BIN-0006,3944,0.68,18.1,0,33.2,21.4,1.0,1
BIN-0008,3419,2.08,17.6,1,39.7,67.1,1.0,1
BIN-0095,4340,0.08,33.6,0,2.2,15.8,0.242,0
BIN-0138,1995,19.09,16.1,0,24.0,21.3,0.809,0
BIN-0139,3804,4.54,15.3,0,5.5,74.2,0.961,1
BIN-0046,3056,6.1,16.9,0,13.3,6.3,0.515,0
BIN-0120,1863,0.96,8.2,0,38.7,65.4,1.0,1
BIN-0041,2541,0.82,33.0,0,28.2,96.2,1.0,1
BIN-0110,1559,0.73,35.3,0,41.1,42.1,1.0,1
BIN-0021,2547,8.86,25.0,0,30.0,78.1,1.0,1
BIN-0086,700,0.14,31.9,0,34.8,4.1,0.321,0
BIN-0010,2185,11.27,20.1,1,46.3,31.4,1.0,1
BIN-0009,630,4.82,31.0,0,21.8,99.4,1.0,1
BIN-0101,706,4.32,27.1,0,17.1,25.1,0.447,0
BIN-0081,891,1.7,20.9,0,34.9,55.3,0.864,0
BIN-0101,706,0.3,22.2,0,29.9,58.4,0.834,0
BIN-0056,3961,2.05,24.7,0,36.9,88.8,1.0,1
BIN-0010,2185,2.75,27.9,0,25.4,30.6,0.853,0
BIN-0125,3802,5.23,31.8,0,25.4,82.4,1.0,1
BIN-0140,4263,0.59,30.7,0,30.8,60.9,1.0,1
BIN-0150,2660,8.12,23.3,0,45.8,48.0,1.0,1
BIN-0100,4988,4.18,20.3,0,24.2,50.3,1.0,1
BIN-0150,2660,0.53,27.3,1,25.2,77.5,1.0,1
BIN-0072,879,4.18,22.4,0,3.8,37.9,0.394,0
BIN-0017,3404,6.14,23.5,1,2.7,32.5,0.471,0
BIN-0146,4196,9.1,20.4,0,7.7,49.6,0.881,0
BIN-0023,1475,3.31,6.1,0,21.7,94.6,1.0,1
BIN-0140,4263,5.2,23.6,0,40.9,91.8,1.0,1
BIN-0141,2353,2.44,23.4,0,8.0,13.1,0.265,0
BIN-0056,3961,2.44,29.8,0,35.4,47.2,1.0,1
BIN-0031,3702,4.87,35.4,0,47.3,13.8,1.0,1
BIN-0108,2178,18.42,24.4,0,5.6,95.5,1.0,1
BIN-0106,4691,4.08,20.8,0,4.1,90.6,1.0,1
BIN-0086,700,3.0,20.4,0,6.1,76.6,0.794,0
BIN-0125,3802,4.81,15.1,0,6.2,88.9,1.0,1
BIN-0005,4926,3.86,27.1,0,31.0,0.7,1.0,1
BIN-0115,3229,1.36,23.9,0,35.7,77.3,1.0,1
BIN-0095,4340,4.47,55.5,0,40.6,8.4,1.0,1
BIN-0132,4913,13.35,20.9,0,8.4,20.9,0.643,0
BIN-0051,2455,12.57,15.4,0,18.4,91.0,1.0,1
BIN-0048,4514,8.37,27.1,0,47.7,18.1,1.0,1
BIN-0097,1002,13.88,27.8,0,2.6,78.1,0.875,0
BIN-0133,4248,1.16,17.2,0,6.5,63.6,0.912,1
BIN-0115,3229,3.96,22.9,0,36.8,64.1,1.0,1
BIN-0062,2481,0.66,19.1,0,19.1,98.9,1.0,1
BIN-0100,4988,2.16,38.3,0,8.6,45.9,0.933,1
BIN-0011,1269,12.01,25.8,0,34.3,79.3,1.0,1
BIN-0094,3190,13.08,32.3,0,15.8,21.1,0.775,0
BIN-0042,3324,3.55,18.1,0,22.2,17.2,1.0,1
BIN-0026,3234,6.2,31.1,0,18.0,34.9,0.994,1
BIN-0110,1559,3.88,23.1,0,10.4,13.9,0.296,0
BIN-0047,1275,2.79,25.8,0,17.0,14.5,0.387,0
BIN-0010,2185,4.37,32.3,1,17.8,70.5,1.0,1
BIN-0116,2097,1.22,30.1,1,40.9,41.7,1.0,1
BIN-0064,3842,0.52,29.2,0,14.8,71.8,1.0,1
BIN-0008,3419,0.59,18.3,0,27.4,62.1,1.0,1
BIN-0096,1528,3.46,28.1,0,3.2,26.0,0.349,0
BIN-0122,2163,4.67,36.6,0,4.1,79.7,0.848,0
BIN-0084,2778,2.03,29.8,0,31.1,92.2,1.0,1
BIN-0016,4617,5.05,32.9,0,3.7,10.2,0.268,0
BIN-0013,2933,1.06,12.5,0,28.9,99.4,1.0,1
BIN-0011,1269,11.93,22.6,0,6.9,55.9,0.686,0
BIN-0036,2935,2.08,42.5,0,33.6,79.0,1.0,1
BIN-0069,1378,1.24,28.0,0,10.7,27.6,0.377,0
BIN-0087,3604,4.92,29.4,0,24.5,65.5,1.0,1
BIN-0028,2399,5.43,26.3,0,16.8,29.6,0.74,0
BIN-0083,4061,1.52,38.7,0,9.2,98.5,1.0,1
BIN-0149,1198,5.63,28.4,0,30.2,81.0,1.0,1
BIN-0021,2547,1.41,22.3,0,9.4,19.7,0.48,0
BIN-0094,3190,5.54,21.8,0,21.9,40.1,1.0,1
BIN-0032,4056,6.4,32.9,0,16.5,84.4,1.0,1
BIN-0127,1806,4.21,32.0,1,30.7,56.3,1.0,1
BIN-0014,1684,8.79,12.7,0,47.3,1.7,0.966,1
BIN-0011,1269,0.25,22.7,0,47.7,43.5,1.0,1
BIN-0006,3944,5.94,10.8,1,30.8,48.4,1.0,1
BIN-0028,2399,0.64,34.1,0,5.6,3.5,0.213,0
BIN-0030,2028,1.49,34.9,0,46.6,9.3,1.0,1
BIN-0106,4691,0.59,27.4,0,9.1,53.8,1.0,1
BIN-0009,630,0.24,19.3,0,25.6,34.0,0.514,0
BIN-0029,1767,1.1,28.5,0,21.2,54.6,0.853,0
BIN-0132,4913,32.02,41.9,0,41.8,2.9,1.0,1
BIN-0018,974,19.88,20.3,0,20.1,91.7,1.0,1
BIN-0026,3234,2.9,34.1,0,2.8,17.3,0.272,0
BIN-0130,1782,1.89,12.9,0,45.9,13.9,0.934,1
BIN-0111,2222,2.11,32.0,0,26.3,36.6,0.967,1
BIN-0149,1198,7.37,36.0,0,43.8,41.0,1.0,1
BIN-0079,3195,6.67,27.3,0,46.6,82.1,1.0,1
BIN-0102,1984,8.57,28.3,1,23.3,73.3,1.0,1
BIN-0012,2891,5.61,40.3,0,38.7,32.0,1.0,1
BIN-0009,630,23.6,35.3,0,15.0,93.5,1.0,1
BIN-0123,2029,1.4,29.1,0,41.2,73.5,1.0,1
BIN-0105,1063,2.3,46.1,0,27.2,24.6,0.601,0
BIN-0027,3505,3.51,23.1,0,10.4,16.1,0.545,0
BIN-0092,3273,2.25,26.5,0,8.8,35.7,0.71,0
BIN-0122,2163,0.83,27.9,0,12.8,22.7,0.466,0
BIN-0107,2257,0.62,22.6,0,45.1,34.4,1.0,1
BIN-0029,1767,3.61,28.7,0,5.7,51.6,0.54,0
BIN-0137,4243,3.96,21.7,0,29.8,3.8,1.0,1
BIN-0045,1978,26.98,23.1,0,45.9,89.1,1.0,1
BIN-0081,891,10.97,20.5,0,22.5,62.0,0.893,0
BIN-0028,2399,1.28,18.8,0,37.3,41.0,1.0,1
BIN-0008,3419,16.56,25.6,0,11.9,59.2,1.0,1
BIN-0085,3599,1.61,31.7,0,4.0,88.6,1.0,1
BIN-0140,4263,1.56,17.9,0,27.7,94.8,1.0,1
BIN-0069,1378,7.55,19.0,0,6.2,73.9,0.854,0
BIN-0102,1984,1.62,37.0,0,39.0,68.8,1.0,1
BIN-0031,3702,2.81,33.4,0,16.2,66.2,1.0,1
BIN-0006,3944,3.91,9.0,0,37.2,18.2,1.0,1
BIN-0100,4988,2.81,34.2,1,7.8,56.1,1.0,1
BIN-0131,1209,3.08,18.5,0,3.3,46.2,0.575,0
BIN-0042,3324,0.56,17.1,0,37.5,75.1,1.0,1
BIN-0136,3945,23.22,30.3,0,26.3,34.5,1.0,1
BIN-0058,4343,9.99,9.4,0,31.4,33.5,1.0,1
BIN-0051,2455,4.61,33.4,0,15.4,94.5,1.0,1
BIN-0137,4243,8.05,25.5,0,44.3,80.1,1.0,1
BIN-0058,4343,1.8,46.0,0,12.4,12.8,0.683,0
BIN-0019,1582,4.67,8.4,0,35.1,90.9,1.0,1
BIN-0100,4988,1.97,22.8,0,5.5,58.2,0.874,0
BIN-0101,706,4.05,11.8,0,3.0,88.8,0.967,1
BIN-0028,2399,42.33,28.9,1,18.7,73.4,1.0,1
BIN-0103,1363,1.13,20.5,0,48.0,32.7,1.0,1
BIN-0094,3190,0.73,26.2,0,18.2,66.9,1.0,1
BIN-0031,3702,6.03,24.0,0,13.3,65.4,1.0,1
BIN-0064,3842,6.65,25.1,0,27.6,72.2,1.0,1
BIN-0111,2222,4.78,39.0,0,37.8,98.0,1.0,1
BIN-0108,2178,8.64,16.9,0,5.3,52.2,0.64,0
BIN-0004,966,0.57,29.3,0,27.0,98.1,1.0,1
BIN-0016,4617,6.65,28.8,0,32.2,54.0,1.0,1
BIN-0121,2481,0.46,23.2,0,8.2,50.3,0.659,0
BIN-0123,2029,0.35,9.4,0,31.8,64.5,1.0,1
BIN-0095,4340,10.37,38.4,0,3.9,64.8,0.87,0
BIN-0102,1984,0.67,27.0,0,14.3,40.8,0.628,0
BIN-0109,3742,5.44,32.7,0,39.1,65.7,1.0,1
BIN-0150,2660,9.67,22.5,0,6.9,64.8,0.817,0
BIN-0117,3560,4.46,46.9,0,6.4,68.3,0.864,0
BIN-0015,3885,6.06,13.3,0,17.3,57.3,1.0,1
BIN-0008,3419,0.0,19.8,0,15.7,93.0,1.0,1
BIN-0021,2547,1.07,19.4,0,27.2,27.4,0.94,1
BIN-0045,1978,10.99,24.2,0,29.0,2.0,0.692,0
BIN-0093,2070,15.19,23.5,0,13.1,83.7,1.0,1
BIN-0105,1063,1.08,36.7,0,32.7,30.0,0.667,0
BIN-0056,3961,1.87,25.8,0,47.2,38.8,1.0,1
BIN-0042,3324,7.43,26.4,0,33.2,71.2,1.0,1
BIN-0136,3945,3.96,33.4,0,3.9,7.9,0.324,0
BIN-0027,3505,10.33,32.2,0,38.5,7.0,1.0,1
BIN-0074,2562,4.21,19.0,0,38.3,28.9,1.0,1
BIN-0110,1559,3.76,23.7,0,19.8,91.8,1.0,1
BIN-0136,3945,12.44,33.9,0,16.3,44.9,1.0,1
BIN-0001,1360,1.29,22.3,0,20.2,26.2,0.573,0
BIN-0124,2538,6.23,15.0,0,35.4,21.7,1.0,1
BIN-0019,1582,7.66,24.3,0,10.0,72.8,0.878,0
BIN-0039,2561,3.69,16.1,0,4.2,85.1,0.968,1
BIN-0024,2306,13.81,18.2,0,35.4,2.9,1.0,1
BIN-0009,630,1.81,25.3,0,25.2,95.1,1.0,1
BIN-0041,2541,0.23,26.0,1,23.8,14.3,0.917,1
BIN-0127,1806,5.58,22.8,1,2.3,15.2,0.2,0
BIN-0132,4913,7.13,20.7,0,39.5,23.4,1.0,1
BIN-0141,2353,0.66,26.3,0,32.5,57.5,1.0,1
BIN-0025,689,3.53,25.7,0,37.4,84.3,1.0,1
BIN-0124,2538,6.78,22.3,0,34.5,87.5,1.0,1
BIN-0069,1378,0.8,37.8,0,16.4,66.7,0.868,0
BIN-0025,689,15.16,29.8,0,19.2,15.6,0.292,0
BIN-0022,3247,17.31,25.8,0,2.1,71.1,0.847,0
BIN-0047,1275,13.87,17.9,0,38.2,21.1,0.811,0
BIN-0038,2863,19.11,30.8,0,22.9,72.4,1.0,1
BIN-0080,1995,6.99,14.6,0,27.0,87.4,1.0,1
BIN-0085,3599,0.85,50.3,1,21.0,56.7,1.0,1
BIN-0108,2178,2.33,26.4,0,34.2,53.9,1.0,1
BIN-0138,1995,18.14,34.3,0,45.2,79.4,1.0,1
BIN-0110,1559,2.47,45.4,0,41.1,7.8,0.73,0
BIN-0142,1791,4.49,28.8,0,39.6,81.5,1.0,1
BIN-0116,2097,6.06,16.2,0,31.1,77.6,1.0,1
BIN-0121,2481,1.78,40.8,0,46.8,13.2,1.0,1
BIN-0001,1360,3.19,26.3,0,47.1,79.5,1.0,1
BIN-0148,3652,2.1,13.3,0,8.8,16.7,0.489,0
BIN-0031,3702,2.72,36.7,0,44.4,82.3,1.0,1
BIN-0009,630,3.4,29.3,0,7.7,18.8,0.174,0
BIN-0036,2935,4.1,23.6,1,42.1,59.1,1.0,1
BIN-0019,1582,1.09,33.1,0,25.1,13.4,0.486,0
BIN-0096,1528,0.67,15.3,0,9.7,48.3,0.621,0
BIN-0063,1495,5.65,31.3,0,41.0,76.6,1.0,1
BIN-0144,3957,0.85,20.8,1,45.4,69.3,1.0,1
BIN-0099,1370,10.29,22.9,0,44.9,42.7,1.0,1
BIN-0095,4340,0.63,24.1,0,35.5,10.1,1.0,1
BIN-0141,2353,12.31,31.4,0,14.6,2.7,0.402,0
BIN-0105,1063,0.23,32.2,0,5.4,80.2,0.907,1
BIN-0141,2353,0.19,35.8,0,43.3,88.7,1.0,1
BIN-0083,4061,8.77,13.5,0,36.2,57.5,1.0,1
BIN-0081,891,0.22,13.2,0,3.1,64.3,0.667,0
BIN-0034,1146,32.5,26.7,0,40.6,91.4,1.0,1
BIN-0013,2933,1.44,21.6,0,20.3,37.3,0.944,1
BIN-0093,2070,2.09,24.3,0,4.4,27.9,0.312,0
BIN-0006,3944,0.72,12.3,0,10.0,2.0,0.422,0
BIN-0013,2933,1.52,21.6,0,10.1,77.9,1.0,1
BIN-0123,2029,5.22,12.4,0,36.7,58.5,1.0,1
BIN-0012,2891,1.5,18.4,0,32.2,82.6,1.0,1
BIN-0128,4529,6.04,13.8,0,39.3,27.5,1.0,1
BIN-0048,4514,3.42,34.4,0,3.7,88.0,1.0,1
BIN-0029,1767,3.71,24.9,0,26.9,51.8,0.989,1
BIN-0039,2561,4.56,25.6,0,24.4,17.5,0.843,0
BIN-0005,4926,0.39,27.5,0,14.7,70.3,1.0,1
BIN-0044,1863,2.1,28.5,1,19.1,90.7,1.0,1
BIN-0095,4340,3.96,32.7,0,30.9,41.7,1.0,1
BIN-0008,3419,16.16,20.7,0,6.6,48.3,0.743,0
BIN-0027,3505,1.15,26.6,0,24.3,46.0,1.0,1
BIN-0150,2660,0.45,32.7,0,39.5,82.0,1.0,1
BIN-0014,1684,2.1,22.6,0,38.9,80.7,1.0,1
BIN-0065,4298,2.54,5.6,0,29.4,6.0,1.0,1
BIN-0097,1002,1.29,11.1,0,13.9,5.7,0.138,0
BIN-0001,1360,5.53,26.9,0,17.2,21.8,0.469,0
BIN-0101,706,0.39,31.0,0,42.3,10.5,0.384,0
BIN-0121,2481,1.3,17.4,0,20.6,77.1,1.0,1
BIN-0091,3231,0.86,33.8,0,41.2,32.9,1.0,1
BIN-0102,1984,7.39,27.0,0,20.2,48.1,0.948,1
BIN-0055,1521,1.84,16.9,0,12.9,75.2,1.0,1
BIN-0045,1978,3.28,21.1,0,9.2,86.3,1.0,1
BIN-0147,3499,6.8,25.6,0,40.7,67.7,1.0,1
BIN-0103,1363,4.33,32.5,0,14.9,17.7,0.377,0
BIN-0072,879,0.59,29.6,0,36.2,10.4,0.376,0
BIN-0100,4988,0.42,10.8,0,43.1,69.0,1.0,1
BIN-0047,1275,9.67,31.1,1,28.6,51.2,1.0,1
BIN-0088,2954,1.15,23.6,1,32.0,30.6,1.0,1
BIN-0098,4993,1.26,27.8,0,11.7,34.1,0.979,1
BIN-0052,2085,0.84,4.6,0,6.9,10.6,0.226,0
BIN-0096,1528,19.4,36.1,0,7.4,29.7,0.435,0
BIN-0121,2481,3.01,26.0,0,6.6,78.5,0.933,1
BIN-0103,1363,2.02,27.8,0,19.8,84.8,1.0,1
BIN-0044,1863,5.71,17.0,0,23.0,18.1,0.692,0
BIN-0047,1275,2.69,22.6,0,31.2,18.4,0.643,0
BIN-0001,1360,9.32,15.2,0,24.8,80.5,1.0,1
BIN-0131,1209,7.75,14.0,0,30.8,79.5,1.0,1
BIN-0020,3058,22.81,33.8,0,3.0,3.6,0.213,0
BIN-0032,4056,15.33,18.2,0,34.1,56.7,1.0,1
BIN-0089,4145,6.87,34.9,0,23.9,33.6,1.0,1
BIN-0057,3113,2.09,26.9,0,9.7,36.6,0.673,0
BIN-0061,4797,0.8,32.8,0,41.4,62.0,1.0,1
BIN-0050,3652,2.34,27.3,0,42.0,85.6,1.0,1
BIN-0093,2070,1.11,27.3,0,34.3,53.2,1.0,1
BIN-0065,4298,3.58,21.2,0,20.7,90.3,1.0,1
BIN-0146,4196,0.56,18.5,0,25.0,68.0,1.0,1
BIN-0103,1363,7.13,17.4,0,21.3,32.8,0.767,0
BIN-0071,4493,2.83,22.7,0,43.2,49.4,1.0,1
BIN-0109,3742,3.19,14.3,1,14.2,94.3,1.0,1
BIN-0059,2000,0.31,25.9,0,45.4,21.6,1.0,1
BIN-0118,3193,1.99,33.0,0,14.3,48.7,1.0,1
BIN-0049,534,1.8,27.1,0,10.7,80.9,0.883,0
BIN-0110,1559,2.29,19.6,0,18.3,72.9,1.0,1
BIN-0103,1363,14.4,19.1,0,30.0,21.1,0.83,0
BIN-0015,3885,3.53,6.9,0,21.8,1.6,0.914,1
BIN-0002,4272,3.52,28.3,0,6.5,23.5,0.506,0
BIN-0058,4343,0.66,35.6,1,2.9,93.0,1.0,1
BIN-0056,3961,5.03,31.0,0,33.3,28.9,1.0,1
BIN-0084,2778,2.53,19.3,0,30.0,23.9,1.0,1
BIN-0137,4243,0.07,23.2,0,19.6,53.6,1.0,1
BIN-0097,1002,4.35,22.9,1,27.0,28.6,0.696,0
BIN-0103,1363,2.05,19.4,0,27.8,24.0,0.657,0
BIN-0032,4056,4.24,24.3,0,28.6,49.4,1.0,1
BIN-0116,2097,12.83,28.6,0,26.3,47.8,1.0,1
BIN-0030,2028,9.12,26.4,0,23.7,30.1,0.82,0
BIN-0067,1516,3.59,34.4,0,20.0,81.1,1.0,1
BIN-0142,1791,0.23,26.9,0,11.8,70.9,0.994,1
BIN-0082,4974,0.4,31.5,0,44.1,76.4,1.0,1
BIN-0010,2185,1.37,10.9,0,20.4,2.6,0.457,0
BIN-0051,2455,11.56,47.1,0,12.8,78.3,1.0,1
BIN-0118,3193,1.59,16.2,0,7.1,43.4,0.704,0
BIN-0035,3388,1.54,32.1,0,9.8,66.9,1.0,1
BIN-0150,2660,9.8,26.6,0,17.6,83.5,1.0,1
BIN-0043,3112,25.75,19.4,0,24.5,87.3,1.0,1
BIN-0041,2541,5.48,53.3,0,24.9,75.0,1.0,1
BIN-0031,3702,11.11,26.5,0,42.6,56.8,1.0,1
BIN-0012,2891,7.37,22.5,0,40.6,18.5,1.0,1
BIN-0016,4617,1.09,35.3,0,40.0,25.5,1.0,1
BIN-0007,3671,9.8,17.5,0,36.1,97.3,1.0,1
BIN-0009,630,3.98,30.5,1,18.6,35.2,0.542,0
BIN-0067,1516,0.59,28.7,0,31.1,49.5,0.938,1
BIN-0093,2070,8.84,23.3,0,7.7,8.6,0.238,0
BIN-0148,3652,1.38,24.8,0,34.5,68.4,1.0,1
BIN-0015,3885,4.6,22.9,0,17.3,91.0,1.0,1
BIN-0111,2222,0.03,2.5,0,19.6,97.7,1.0,1
BIN-0129,3175,1.98,35.2,0,23.4,95.1,1.0,1
BIN-0060,661,3.05,27.0,0,30.9,67.8,0.854,0
BIN-0030,2028,8.1,11.8,0,11.0,10.8,0.372,0
BIN-0129,3175,5.73,22.3,0,12.9,49.3,0.906,1
BIN-0121,2481,5.56,30.2,0,34.5,73.2,1.0,1
BIN-0019,1582,2.75,17.9,0,25.6,1.9,0.359,0
BIN-0071,4493,4.83,33.7,0,2.6,28.5,0.413,0
BIN-0050,3652,3.37,22.2,0,37.9,18.0,1.0,1
BIN-0051,2455,13.63,7.0,0,35.7,69.5,1.0,1
BIN-0073,992,9.92,24.4,0,23.2,66.0,0.966,1
BIN-0080,1995,1.57,23.4,0,31.6,59.3,1.0,1
BIN-0115,3229,0.99,12.3,0,28.7,37.4,1.0,1
BIN-0141,2353,3.31,42.0,0,17.3,89.9,1.0,1
BIN-0035,3388,5.42,24.9,0,20.0,5.4,0.756,0
BIN-0091,3231,0.47,18.6,0,45.4,41.7,1.0,1
BIN-0063,1495,4.46,15.3,0,12.1,14.4,0.328,0
BIN-0104,3290,0.68,23.4,0,23.2,53.2,1.0,1
BIN-0048,4514,18.13,24.3,1,47.2,82.5,1.0,1
BIN-0134,1163,3.52,17.8,0,31.4,45.4,0.823,0
BIN-0109,3742,10.53,21.7,0,4.8,9.6,0.283,0
BIN-0096,1528,2.24,28.7,1,32.6,17.6,0.975,1
BIN-0106,4691,0.08,28.2,0,14.8,11.9,0.787,0
BIN-0063,1495,4.71,38.8,0,24.3,73.6,1.0,1
BIN-0108,2178,1.45,17.9,0,8.3,58.7,0.78,0
BIN-0142,1791,1.09,32.9,0,31.9,96.1,1.0,1
BIN-0010,2185,0.29,23.8,0,12.4,49.0,0.831,0
BIN-0001,1360,8.28,11.3,0,9.4,86.7,1.0,1
BIN-0098,4993,1.28,43.0,0,17.8,21.0,1.0,1
BIN-0002,4272,9.52,23.0,0,23.3,71.8,1.0,1
BIN-0024,2306,0.06,31.1,0,6.8,27.6,0.413,0
BIN-0007,3671,3.9,14.5,0,38.9,71.9,1.0,1
BIN-0045,1978,0.49,28.2,0,44.3,16.9,1.0,1
BIN-0083,4061,1.56,30.4,0,38.7,28.9,1.0,1
BIN-0104,3290,0.29,15.3,0,43.3,74.6,1.0,1
BIN-0118,3193,6.66,29.1,0,12.5,85.3,1.0,1
BIN-0017,3404,1.04,35.0,0,34.1,6.6,1.0,1
BIN-0041,2541,9.64,22.5,0,44.1,1.6,1.0,1
BIN-0119,4127,10.63,30.5,1,6.1,81.1,1.0,1
BIN-0141,2353,12.16,9.9,0,16.1,41.2,0.916,1
BIN-0096,1528,7.38,14.6,0,8.0,24.2,0.423,0
BIN-0137,4243,8.19,36.5,0,39.7,95.8,1.0,1
BIN-0038,2863,1.67,35.4,0,44.6,47.9,1.0,1
BIN-0096,1528,2.77,25.4,0,31.3,84.1,1.0,1
BIN-0033,4390,5.04,35.3,0,40.0,99.2,1.0,1
BIN-0096,1528,3.76,15.7,0,4.9,95.6,1.0,1
BIN-0143,4081,2.88,19.8,0,40.5,61.7,1.0,1
BIN-0150,2660,3.47,9.3,0,43.6,8.5,1.0,1
BIN-0116,2097,4.07,25.5,0,11.7,14.9,0.406,0
BIN-0004,966,15.31,31.0,0,21.9,8.9,0.451,0
BIN-0102,1984,4.86,26.0,0,12.4,55.0,0.951,1
BIN-0061,4797,8.97,40.1,0,31.1,91.3,1.0,1
BIN-0118,3193,1.81,31.0,0,24.2,32.1,1.0,1
BIN-0150,2660,2.52,14.6,0,31.2,2.6,0.872,0
BIN-0008,3419,3.69,21.2,0,37.6,50.4,1.0,1
BIN-0069,1378,3.66,25.9,0,11.9,1.0,0.147,0
BIN-0113,3657,0.99,24.6,0,38.3,37.4,1.0,1
BIN-0050,3652,0.08,20.4,0,47.4,35.4,1.0,1
BIN-0150,2660,0.04,23.0,1,14.2,45.5,1.0,1
BIN-0012,2891,0.6,22.1,0,25.7,54.4,1.0,1
BIN-0064,3842,7.44,34.6,0,31.1,93.9,1.0,1
BIN-0139,3804,8.91,23.4,0,5.6,60.8,0.776,0
BIN-0027,3505,1.04,18.6,0,22.1,89.3,1.0,1
BIN-0105,1063,3.49,24.1,0,24.8,10.7,0.428,0
BIN-0026,3234,1.43,39.3,0,23.9,11.7,0.911,1
BIN-0024,2306,2.44,3.1,1,19.7,85.4,1.0,1
BIN-0145,2136,3.78,22.0,0,42.8,77.2,1.0,1
BIN-0038,2863,14.32,19.8,0,21.2,91.7,1.0,1
BIN-0020,3058,2.38,29.6,0,5.8,34.5,0.559,0
BIN-0043,3112,2.11,27.2,0,27.4,55.6,1.0,1
BIN-0121,2481,2.27,17.1,0,42.9,76.6,1.0,1
BIN-0014,1684,4.21,12.5,0,47.5,14.6,1.0,1
BIN-0089,4145,0.9,29.2,0,29.3,91.9,1.0,1
BIN-0004,966,5.07,35.1,0,37.3,13.9,0.526,0
BIN-0022,3247,3.73,28.9,0,11.6,71.9,1.0,1
BIN-0071,4493,4.74,18.3,0,29.0,33.8,1.0,1
BIN-0090,1304,6.1,21.9,0,31.4,30.2,0.769,0
BIN-0067,1516,6.38,37.5,0,7.0,17.3,0.267,0
BIN-0107,2257,24.12,15.4,0,35.6,0.1,1.0,1
BIN-0141,2353,0.82,40.6,0,23.1,93.4,1.0,1
BIN-0054,3573,0.38,46.0,1,21.4,44.7,1.0,1
BIN-0081,891,0.02,19.5,0,18.1,83.6,1.0,1
BIN-0138,1995,0.33,26.1,0,32.5,50.6,1.0,1
BIN-0003,3592,0.86,13.8,0,8.0,14.9,0.45,0
BIN-0043,3112,9.45,26.2,0,36.5,59.1,1.0,1
BIN-0063,1495,1.51,23.1,0,3.5,23.2,0.323,0
BIN-0126,2737,5.57,23.2,0,13.9,17.6,0.595,0
BIN-0105,1063,7.33,11.4,1,22.5,92.8,1.0,1
BIN-0042,3324,4.23,37.1,0,46.6,65.8,1.0,1
BIN-0026,3234,3.43,19.8,0,39.1,97.6,1.0,1
BIN-0075,4384,2.62,23.8,0,43.6,98.2,1.0,1
BIN-0045,1978,2.82,24.5,0,7.1,75.3,0.917,1
BIN-0063,1495,5.09,14.5,0,45.2,89.0,1.0,1
BIN-0149,1198,7.78,23.2,0,19.8,10.1,0.452,0
BIN-0087,3604,5.32,29.7,0,22.3,14.8,0.944,1
BIN-0125,3802,13.51,16.6,0,12.2,37.0,0.964,1
BIN-0004,966,2.59,20.0,0,2.9,50.8,0.571,0
BIN-0145,2136,0.53,16.4,1,2.1,60.1,0.627,0
BIN-0118,3193,3.55,35.5,0,24.0,23.2,1.0,1
BIN-0130,1782,5.68,26.8,0,44.4,28.6,1.0,1
BIN-0012,2891,3.38,32.8,0,30.8,66.6,1.0,1
BIN-0001,1360,1.65,26.0,0,25.3,38.2,0.714,0
BIN-0106,4691,0.89,26.7,0,38.8,75.8,1.0,1
BIN-0055,1521,1.86,21.9,0,27.0,7.9,0.547,0
BIN-0017,3404,16.52,0.2,1,29.4,26.6,1.0,1
BIN-0042,3324,7.28,19.0,0,18.0,18.8,0.903,1
BIN-0083,4061,6.47,12.4,0,8.2,33.4,0.731,0
BIN-0009,630,2.19,19.2,0,18.4,43.4,0.552,0
BIN-0043,3112,11.57,40.0,0,16.2,16.5,0.784,0
BIN-0129,3175,19.98,22.0,0,12.9,3.5,0.581,0
BIN-0085,3599,2.79,20.3,0,35.0,63.4,1.0,1
BIN-0053,4443,0.96,28.0,0,31.0,98.9,1.0,1
BIN-0117,3560,3.89,27.9,0,15.3,32.7,0.899,0
BIN-0035,3388,1.87,23.5,0,24.3,70.1,1.0,1
BIN-0136,3945,4.34,32.2,0,39.4,46.5,1.0,1
BIN-0022,3247,9.36,42.7,1,27.7,0.6,1.0,1
BIN-0025,689,0.76,32.2,0,10.5,39.6,0.44,0
BIN-0128,4529,2.08,36.6,0,26.8,38.3,1.0,1
BIN-0076,564,2.84,35.6,0,46.5,77.9,1.0,1
BIN-0107,2257,0.22,33.1,1,13.7,8.3,0.593,0
BIN-0107,2257,26.29,26.8,0,23.9,31.1,1.0,1
BIN-0076,564,2.55,25.0,1,29.9,49.5,0.724,0
BIN-0139,3804,1.9,33.5,1,36.3,28.2,1.0,1
BIN-0093,2070,32.65,28.8,0,33.4,64.4,1.0,1
BIN-0026,3234,4.17,29.2,0,7.4,54.6,0.738,0
BIN-0025,689,3.66,35.8,1,31.1,37.9,0.725,0
BIN-0117,3560,3.19,17.7,0,5.6,93.0,1.0,1
BIN-0025,689,3.58,43.2,0,31.5,67.3,0.89,0
BIN-0071,4493,6.56,20.8,0,13.8,52.1,1.0,1
BIN-0109,3742,0.41,22.3,0,29.8,73.3,1.0,1
BIN-0071,4493,1.74,17.4,0,21.8,9.2,1.0,1
BIN-0126,2737,14.58,29.1,0,9.7,4.5,0.383,0
BIN-0082,4974,7.54,14.9,0,8.5,82.2,1.0,1
BIN-0053,4443,9.87,27.1,0,26.8,76.5,1.0,1
BIN-0035,3388,26.26,30.7,0,20.3,50.4,1.0,1
BIN-0105,1063,2.86,20.0,0,31.5,43.7,0.743,0
BIN-0132,4913,3.59,14.1,0,25.7,21.8,1.0,1
BIN-0083,4061,0.0,18.9,0,39.8,36.2,1.0,1
BIN-0095,4340,8.29,29.8,0,46.9,25.1,1.0,1
BIN-0119,4127,3.46,33.5,0,8.0,4.3,0.419,0
BIN-0121,2481,4.02,29.9,0,14.7,75.3,1.0,1
BIN-0012,2891,3.71,13.4,0,25.7,97.0,1.0,1
BIN-0060,661,6.83,26.2,1,32.4,37.4,0.689,0
BIN-0100,4988,6.56,34.9,1,45.6,17.8,1.0,1
BIN-0081,891,10.98,24.6,0,10.6,44.7,0.57,0
BIN-0124,2538,11.49,21.0,0,44.2,21.5,1.0,1
BIN-0065,4298,2.09,24.3,0,46.4,47.1,1.0,1
BIN-0093,2070,8.46,18.8,0,11.5,87.4,1.0,1
BIN-0029,1767,0.17,17.7,0,44.2,95.0,1.0,1
BIN-0085,3599,1.91,38.9,0,14.5,59.4,1.0,1
BIN-0040,741,3.04,15.0,0,43.6,28.2,0.697,0
BIN-0102,1984,4.87,18.5,0,9.9,86.8,1.0,1
BIN-0068,837,3.64,23.4,0,41.5,39.3,0.813,0
BIN-0106,4691,0.01,26.3,0,15.0,92.9,1.0,1
BIN-0123,2029,3.6,21.3,0,26.0,30.8,0.86,0
BIN-0075,4384,3.22,24.3,0,40.9,54.2,1.0,1
BIN-0094,3190,3.43,32.4,0,27.0,92.4,1.0,1
BIN-0087,3604,5.07,35.5,0,8.7,30.1,0.574,0
BIN-0077,3068,1.25,15.5,0,29.7,41.8,1.0,1
BIN-0104,3290,4.87,10.4,0,2.7,7.4,0.146,0
BIN-0136,3945,2.75,33.9,0,10.1,95.2,1.0,1
BIN-0142,1791,9.75,22.0,0,35.6,31.0,0.979,1
BIN-0091,3231,27.11,39.8,0,38.9,26.7,1.0,1
BIN-0104,3290,1.72,38.1,1,39.2,26.6,1.0,1
BIN-0080,1995,2.65,23.8,0,37.1,35.0,1.0,1
BIN-0094,3190,21.79,20.8,1,6.2,8.8,0.589,0
BIN-0051,2455,1.06,26.1,0,43.8,8.9,1.0,1
BIN-0132,4913,9.67,16.2,0,25.7,59.7,1.0,1
BIN-0120,1863,2.67,23.3,0,45.9,26.6,1.0,1
BIN-0097,1002,7.67,16.7,0,47.0,14.8,0.737,0
BIN-0050,3652,1.1,36.8,1,2.9,26.1,0.376,0
BIN-0030,2028,0.95,37.6,1,14.3,12.1,0.566,0
BIN-0051,2455,6.42,31.6,0,30.1,89.6,1.0,1
BIN-0080,1995,9.98,16.9,0,41.6,99.4,1.0,1
BIN-0056,3961,18.97,29.3,0,14.9,43.2,1.0,1
BIN-0092,3273,2.96,17.2,0,15.9,39.0,0.973,1
BIN-0070,1576,2.12,19.7,0,28.1,78.0,1.0,1
BIN-0065,4298,2.2,26.1,0,47.2,90.0,1.0,1
BIN-0034,1146,3.33,17.6,0,33.2,3.1,0.414,0
BIN-0084,2778,3.28,27.8,0,33.0,4.4,1.0,1
BIN-0077,3068,7.51,19.4,0,47.8,20.9,1.0,1
BIN-0128,4529,2.06,35.5,0,27.7,68.8,1.0,1
BIN-0034,1146,8.11,18.7,0,27.5,95.4,1.0,1
BIN-0109,3742,4.33,31.1,0,14.1,69.5,1.0,1
BIN-0148,3652,1.04,26.7,0,24.1,94.4,1.0,1
BIN-0109,3742,4.07,29.8,0,27.6,82.9,1.0,1
BIN-0079,3195,5.53,27.6,0,9.8,55.9,0.849,0
BIN-0003,3592,2.37,26.6,0,15.6,69.1,1.0,1
BIN-0047,1275,0.65,24.3,1,17.2,65.8,0.927,1
BIN-0065,4298,1.99,32.6,0,17.7,66.9,1.0,1
BIN-0127,1806,7.6,22.6,0,8.2,20.8,0.486,0
BIN-0024,2306,12.77,17.6,0,33.6,51.5,1.0,1
BIN-0122,2163,8.99,28.4,0,7.1,99.0,1.0,1
BIN-0023,1475,20.14,5.3,0,47.2,25.3,1.0,1
BIN-0093,2070,0.78,38.3,0,42.2,31.6,1.0,1
BIN-0051,2455,4.45,22.8,0,16.4,16.3,0.583,0
BIN-0141,2353,1.21,31.1,0,36.0,48.2,1.0,1
BIN-0103,1363,1.33,23.4,0,28.5,33.4,0.718,0
BIN-0095,4340,1.48,30.5,0,29.2,10.7,1.0,1
BIN-0089,4145,0.18,26.6,0,31.1,86.1,1.0,1
BIN-0048,4514,2.3,28.9,0,21.2,82.6,1.0,1
BIN-0054,3573,6.53,31.6,1,27.8,30.6,1.0,1
BIN-0150,2660,3.39,31.9,0,13.0,51.1,0.932,1
BIN-0012,2891,0.92,36.8,0,15.6,5.1,0.527,0
BIN-0053,4443,0.97,37.4,0,24.0,18.1,1.0,1
BIN-0062,2481,0.79,11.8,0,2.3,10.6,0.133,0
BIN-0120,1863,19.64,15.1,0,46.3,1.4,1.0,1
BIN-0121,2481,4.77,31.4,0,46.0,86.4,1.0,1
BIN-0001,1360,10.37,37.8,0,3.8,21.3,0.292,0
BIN-0124,2538,14.94,23.3,0,7.4,83.8,1.0,1
BIN-0105,1063,4.26,11.5,0,31.5,78.2,1.0,1
BIN-0014,1684,11.11,35.0,0,16.1,9.2,0.438,0
BIN-0046,3056,3.09,23.2,0,13.3,21.1,0.624,0
BIN-0146,4196,0.34,25.9,0,17.7,52.6,1.0,1
BIN-0033,4390,6.25,32.9,1,15.9,93.1,1.0,1
BIN-0116,2097,3.89,36.8,0,30.8,76.1,1.0,1
BIN-0039,2561,1.37,38.4,0,22.6,33.7,0.902,1
BIN-0009,630,6.71,35.8,0,4.7,50.0,0.525,0
BIN-0147,3499,1.84,42.4,0,34.3,66.0,1.0,1
BIN-0055,1521,1.67,37.0,0,44.9,52.6,1.0,1
BIN-0065,4298,1.14,12.9,0,8.1,7.2,0.404,0
BIN-0008,3419,7.34,35.4,0,27.0,93.7,1.0,1
BIN-0087,3604,7.63,28.7,0,8.5,3.1,0.355,0
BIN-0004,966,3.65,28.1,0,40.9,28.7,0.791,0
BIN-0037,1100,3.75,16.5,1,44.0,44.6,1.0,1
BIN-0015,3885,4.53,38.4,0,44.6,56.8,1.0,1
BIN-0027,3505,4.64,37.6,0,16.3,19.3,0.864,0
BIN-0121,2481,0.86,9.4,0,20.7,95.2,1.0,1
BIN-0135,2498,3.39,24.7,0,4.7,95.3,1.0,1
BIN-0130,1782,3.3,24.2,0,36.7,45.7,1.0,1
BIN-0045,1978,8.7,28.1,0,11.0,34.6,0.603,0
BIN-0050,3652,1.53,30.7,0,21.7,94.5,1.0,1
BIN-0003,3592,0.65,18.7,0,12.5,53.9,1.0,1
BIN-0132,4913,0.87,23.7,0,42.8,53.9,1.0,1
BIN-0061,4797,0.54,17.4,0,34.2,8.8,1.0,1
BIN-0006,3944,2.85,17.1,0,27.4,24.6,1.0,1
BIN-0085,3599,7.64,21.1,0,43.3,74.9,1.0,1
BIN-0097,1002,2.59,25.6,0,2.9,17.1,0.189,0
BIN-0078,2527,1.33,32.9,0,14.5,40.5,0.817,0
BIN-0078,2527,5.94,42.6,1,42.4,65.0,1.0,1
BIN-0089,4145,6.53,26.4,0,2.2,6.1,0.315,0
BIN-0116,2097,3.9,11.4,0,5.0,85.0,0.922,1
BIN-0035,3388,0.98,21.6,0,21.2,59.7,1.0,1
BIN-0130,1782,0.39,22.6,0,38.3,24.7,0.914,1
BIN-0067,1516,1.4,37.4,0,11.5,99.2,1.0,1
BIN-0058,4343,6.81,17.2,0,25.2,86.9,1.0,1
BIN-0014,1684,5.07,35.7,0,30.8,24.4,0.763,0
BIN-0014,1684,10.64,31.4,0,11.9,57.6,0.835,0
BIN-0023,1475,0.46,51.8,0,14.3,6.9,0.228,0
BIN-0094,3190,5.31,26.2,0,20.7,92.0,1.0,1
BIN-0122,2163,9.9,22.1,0,42.5,25.5,1.0,1
BIN-0137,4243,0.23,18.5,0,34.9,53.5,1.0,1
BIN-0016,4617,15.57,28.8,1,17.0,18.5,1.0,1
BIN-0131,1209,8.46,22.9,0,33.2,70.3,1.0,1
BIN-0086,700,5.79,14.7,0,39.2,93.8,1.0,1
BIN-0084,2778,0.88,32.6,0,36.4,17.4,1.0,1
BIN-0028,2399,16.16,31.7,0,14.6,94.1,1.0,1
BIN-0047,1275,0.02,23.9,0,29.3,54.5,1.0,1
BIN-0010,2185,3.85,24.3,0,5.8,81.0,0.945,1
BIN-0062,2481,2.8,38.8,0,11.4,20.0,0.397,0
BIN-0115,3229,0.22,30.5,0,5.4,66.0,0.79,0
BIN-0138,1995,0.39,37.7,0,12.4,16.3,0.384,0
BIN-0118,3193,0.38,19.9,0,13.6,18.6,0.58,0
BIN-0054,3573,8.45,9.0,0,47.1,66.6,1.0,1
BIN-0093,2070,7.14,21.5,0,6.7,94.1,1.0,1
BIN-0133,4248,2.45,23.3,0,41.8,4.7,1.0,1
BIN-0061,4797,4.31,29.6,0,18.3,58.5,1.0,1
BIN-0036,2935,11.97,31.7,0,8.1,49.9,0.745,0
BIN-0028,2399,11.63,31.0,0,23.4,44.5,1.0,1
BIN-0121,2481,11.12,14.4,0,11.3,96.5,1.0,1
BIN-0146,4196,1.25,42.7,0,11.7,31.1,0.827,0
BIN-0095,4340,4.5,28.8,0,9.4,82.7,1.0,1
BIN-0053,4443,0.4,26.0,0,36.1,53.9,1.0,1
BIN-0044,1863,4.81,30.6,0,14.5,39.2,0.644,0
BIN-0051,2455,3.66,22.1,0,16.3,20.4,0.627,0
BIN-0045,1978,17.65,42.2,0,15.9,88.9,1.0,1
BIN-0005,4926,8.8,31.1,0,4.4,90.0,1.0,1
BIN-0004,966,1.92,28.1,0,6.8,4.3,0.107,0
BIN-0007,3671,1.79,28.6,0,11.8,46.3,0.915,1
BIN-0095,4340,8.08,14.8,0,43.4,23.6,1.0,1
BIN-0104,3290,1.57,21.8,0,20.8,51.5,1.0,1
BIN-0043,3112,5.59,12.6,0,26.5,59.4,1.0,1
BIN-0031,3702,10.46,12.8,0,25.4,51.8,1.0,1
BIN-0106,4691,36.1,26.1,0,13.7,94.9,1.0,1
BIN-0034,1146,0.25,26.3,0,20.9,97.5,1.0,1
BIN-0004,966,1.15,22.8,0,11.2,53.2,0.647,0
BIN-0084,2778,1.58,36.2,0,2.4,65.2,0.755,0
BIN-0122,2163,3.65,34.9,0,12.6,31.0,0.577,0
BIN-0028,2399,4.06,17.3,0,47.1,39.9,1.0,1
BIN-0106,4691,6.89,35.3,0,13.3,36.6,0.994,1
BIN-0104,3290,21.98,33.9,0,37.4,67.6,1.0,1
BIN-0058,4343,2.48,18.5,0,44.5,38.7,1.0,1
BIN-0079,3195,10.54,20.0,0,7.0,73.0,0.95,1
BIN-0100,4988,9.05,31.3,0,17.9,51.5,1.0,1
BIN-0019,1582,22.25,33.4,0,40.7,86.3,1.0,1
BIN-0070,1576,2.4,21.7,0,31.9,90.9,1.0,1
BIN-0068,837,4.45,26.9,0,4.6,7.3,0.152,0
BIN-0021,2547,1.6,22.0,0,41.2,99.4,1.0,1
BIN-0111,2222,1.04,26.0,0,22.5,59.4,1.0,1
BIN-0073,992,7.62,23.2,0,41.6,15.2,0.577,0
BIN-0050,3652,11.47,29.2,0,41.6,6.9,1.0,1
BIN-0114,3125,18.08,21.0,0,7.4,9.7,0.395,0
BIN-0091,3231,5.84,22.8,0,4.9,49.4,0.768,0
